timestamp,presence_label,head_pose_label,eye_gaze_label,final_state
2026-01-31 19:15:52,PRESENT,DISTRACTED,NOT_CALIBRATED,DISTRACTED
2026-01-31 19:15:53,PRESENT,DISTRACTED,NOT_CALIBRATED,DISTRACTED
2026-01-31 19:15:54,PRESENT,DISTRACTED,NOT_CALIBRATED,DISTRACTED
2026-01-31 19:15:55,PRESENT,DISTRACTED,NOT_CALIBRATED,DISTRACTED
2026-01-31 19:15:56,PRESENT,DISTRACTED,NOT_CALIBRATED,DISTRACTED
2026-01-31 19:15:57,PRESENT,DISTRACTED,NOT_CALIBRATED,DISTRACTED
2026-01-31 19:15:58,PRESENT,DISTRACTED,NOT_CALIBRATED,DISTRACTED
2026-01-31 19:16:00,PRESENT,DISTRACTED,NOT_CALIBRATED,DISTRACTED
2026-01-31 19:16:01,PRESENT,DISTRACTED,NOT_CALIBRATED,DISTRACTED
2026-01-31 19:16:02,PRESENT,DISTRACTED,NOT_CALIBRATED,DISTRACTED
2026-01-31 19:16:03,PRESENT,NO_FACE,NOT_CALIBRATED,DISTRACTED
2026-01-31 19:16:04,PRESENT,NO_FACE,NOT_CALIBRATED,DISTRACTED
2026-01-31 19:16:05,PRESENT,NO_FACE,NOT_CALIBRATED,DISTRACTED
2026-01-31 19:16:06,PRESENT,NO_FACE,NOT_CALIBRATED,DISTRACTED
2026-01-31 19:16:07,PRESENT,NO_FACE,NOT_CALIBRATED,DISTRACTED
2026-01-31 19:16:08,PRESENT,DISTRACTED,NOT_CALIBRATED,DISTRACTED
2026-01-31 19:16:09,PRESENT,NO_FACE,NOT_CALIBRATED,DISTRACTED
2026-01-31 19:16:10,PRESENT,NO_FACE,NOT_CALIBRATED,DISTRACTED
2026-01-31 19:16:11,PRESENT,NO_FACE,NOT_CALIBRATED,DISTRACTED
2026-01-31 19:16:12,PRESENT,DISTRACTED,NOT_CALIBRATED,DISTRACTED
2026-01-31 19:16:13,PRESENT,DISTRACTED,NOT_CALIBRATED,DISTRACTED
2026-01-31 19:16:14,PRESENT,DISTRACTED,NOT_CALIBRATED,DISTRACTED
2026-01-31 19:16:15,PRESENT,DISTRACTED,NOT_CALIBRATED,DISTRACTED
2026-01-31 19:16:16,PRESENT,ATTENTIVE,NOT_CALIBRATED,DISTRACTED
2026-01-31 19:16:17,PRESENT,ATTENTIVE,NOT_CALIBRATED,DISTRACTED
2026-01-31 19:16:18,PRESENT,ATTENTIVE,NOT_CALIBRATED,DISTRACTED
2026-01-31 19:16:19,PRESENT,ATTENTIVE,NOT_CALIBRATED,DISTRACTED
2026-01-31 19:16:20,PRESENT,ATTENTIVE,NOT_CALIBRATED,DISTRACTED
2026-01-31 19:16:21,PRESENT,ATTENTIVE,NOT_CALIBRATED,DISTRACTED
2026-01-31 19:16:22,PRESENT,ATTENTIVE,NOT_CALIBRATED,DISTRACTED
2026-01-31 19:16:23,PRESENT,ATTENTIVE,NOT_CALIBRATED,DISTRACTED
2026-01-31 19:16:24,PRESENT,ATTENTIVE,NOT_CALIBRATED,DISTRACTED
2026-01-31 19:16:25,PRESENT,ATTENTIVE,NOT_CALIBRATED,DISTRACTED
2026-01-31 19:16:26,PRESENT,ATTENTIVE,NOT_CALIBRATED,DISTRACTED
2026-01-31 19:16:27,PRESENT,DISTRACTED,NOT_CALIBRATED,DISTRACTED
2026-01-31 19:16:28,PRESENT,ATTENTIVE,NOT_CALIBRATED,DISTRACTED
2026-01-31 19:16:29,PRESENT,ATTENTIVE,NOT_CALIBRATED,DISTRACTED
2026-01-31 19:16:30,PRESENT,ATTENTIVE,NOT_CALIBRATED,DISTRACTED
2026-01-31 19:16:31,PRESENT,ATTENTIVE,NOT_CALIBRATED,DISTRACTED
2026-01-31 19:16:32,PRESENT,ATTENTIVE,attentive Eyes,ATTENTIVE
2026-01-31 19:16:33,PRESENT,ATTENTIVE,attentive Eyes,ATTENTIVE
2026-01-31 19:16:34,PRESENT,ATTENTIVE,attentive Eyes,ATTENTIVE
2026-01-31 19:16:35,PRESENT,ATTENTIVE,attentive Eyes,ATTENTIVE
2026-01-31 19:16:36,PRESENT,ATTENTIVE,attentive Eyes,ATTENTIVE
2026-01-31 19:16:37,PRESENT,ATTENTIVE,attentive Eyes,ATTENTIVE
2026-01-31 19:16:38,PRESENT,NO_FACE,NOT_CALIBRATED,DISTRACTED
2026-01-31 19:16:39,PRESENT,NO_FACE,NOT_CALIBRATED,DISTRACTED
2026-01-31 19:16:40,AWAY,NO_FACE,NOT_CALIBRATED,AWAY
2026-01-31 19:16:41,AWAY,NO_FACE,NOT_CALIBRATED,AWAY
2026-01-31 19:16:42,AWAY,NO_FACE,NOT_CALIBRATED,AWAY
2026-01-31 19:16:43,AWAY,NO_FACE,NOT_CALIBRATED,AWAY
2026-01-31 19:16:44,AWAY,NO_FACE,NOT_CALIBRATED,AWAY
2026-01-31 19:16:45,PRESENT,ATTENTIVE,attentive Eyes,ATTENTIVE
2026-01-31 19:16:46,PRESENT,ATTENTIVE,attentive Eyes,ATTENTIVE
2026-01-31 19:16:47,PRESENT,ATTENTIVE,Distracted Eyes,DISTRACTED
2026-01-31 19:16:48,PRESENT,ATTENTIVE,Distracted Eyes,DISTRACTED
2026-01-31 19:16:49,PRESENT,ATTENTIVE,attentive Eyes,ATTENTIVE
2026-01-31 19:16:50,PRESENT,ATTENTIVE,attentive Eyes,ATTENTIVE
2026-01-31 19:16:51,PRESENT,ATTENTIVE,attentive Eyes,ATTENTIVE
2026-01-31 19:16:53,PRESENT,ATTENTIVE,attentive Eyes,ATTENTIVE
2026-01-31 19:16:54,PRESENT,ATTENTIVE,attentive Eyes,ATTENTIVE
2026-01-31 19:16:55,PRESENT,DISTRACTED,NOT_CALIBRATED,DISTRACTED
2026-01-31 19:16:56,PRESENT,DISTRACTED,NOT_CALIBRATED,DISTRACTED
2026-01-31 19:16:57,PRESENT,DISTRACTED,NOT_CALIBRATED,DISTRACTED
2026-01-31 19:16:58,PRESENT,ATTENTIVE,attentive Eyes,ATTENTIVE
2026-01-31 19:16:59,PRESENT,ATTENTIVE,attentive Eyes,ATTENTIVE
2026-01-31 19:17:00,PRESENT,NO_FACE,NOT_CALIBRATED,DISTRACTED
2026-01-31 19:17:01,PRESENT,ATTENTIVE,attentive Eyes,ATTENTIVE
2026-01-31 19:17:02,PRESENT,ATTENTIVE,attentive Eyes,ATTENTIVE
2026-01-31 19:17:03,PRESENT,ATTENTIVE,attentive Eyes,ATTENTIVE
2026-01-31 19:17:04,PRESENT,ATTENTIVE,attentive Eyes,ATTENTIVE
2026-01-31 19:17:05,PRESENT,ATTENTIVE,attentive Eyes,ATTENTIVE
2026-01-31 19:17:06,PRESENT,ATTENTIVE,attentive Eyes,ATTENTIVE
2026-01-31 19:17:07,PRESENT,ATTENTIVE,attentive Eyes,ATTENTIVE
2026-01-31 19:21:14,PRESENT,DISTRACTED,NOT_CALIBRATED,DISTRACTED,0.0,0.34,0.68
2026-01-31 19:21:15,PRESENT,ATTENTIVE,NOT_CALIBRATED,DISTRACTED,0.0,1.36,0.68
2026-01-31 19:21:16,PRESENT,ATTENTIVE,NOT_CALIBRATED,DISTRACTED,0.0,2.37,0.68
2026-01-31 19:21:17,PRESENT,ATTENTIVE,NOT_CALIBRATED,DISTRACTED,0.0,3.39,0.68
2026-01-31 19:21:18,PRESENT,ATTENTIVE,NOT_CALIBRATED,DISTRACTED,0.0,4.42,0.68
2026-01-31 19:21:19,PRESENT,ATTENTIVE,attentive Eyes,ATTENTIVE,0.33,5.11,0.68
2026-01-31 19:21:20,PRESENT,ATTENTIVE,Distracted Eyes,DISTRACTED,1.23,5.22,0.68
2026-01-31 19:21:21,PRESENT,ATTENTIVE,Distracted Eyes,DISTRACTED,1.23,6.26,0.68
2026-01-31 19:21:22,PRESENT,ATTENTIVE,attentive Eyes,ATTENTIVE,2.24,6.28,0.68
2026-01-31 19:21:23,PRESENT,ATTENTIVE,attentive Eyes,ATTENTIVE,3.26,6.28,0.68
2026-01-31 19:21:24,PRESENT,ATTENTIVE,attentive Eyes,ATTENTIVE,4.24,6.31,0.68
2026-01-31 19:21:25,PRESENT,ATTENTIVE,attentive Eyes,ATTENTIVE,5.24,6.31,0.68
2026-01-31 19:21:26,PRESENT,ATTENTIVE,Distracted Eyes,DISTRACTED,5.69,6.87,0.68
2026-01-31 19:21:27,PRESENT,NO_FACE,NOT_CALIBRATED,DISTRACTED,5.69,7.88,0.68
2026-01-31 19:21:28,PRESENT,DISTRACTED,NOT_CALIBRATED,DISTRACTED,5.69,8.9,0.68
2026-01-31 19:21:29,PRESENT,DISTRACTED,NOT_CALIBRATED,DISTRACTED,5.69,9.93,0.68
2026-01-31 19:21:30,PRESENT,DISTRACTED,NOT_CALIBRATED,DISTRACTED,5.69,10.95,0.68
2026-01-31 19:21:31,PRESENT,DISTRACTED,NOT_CALIBRATED,DISTRACTED,5.69,11.96,0.68
2026-01-31 19:21:32,PRESENT,DISTRACTED,NOT_CALIBRATED,DISTRACTED,5.69,12.98,0.68
2026-01-31 19:21:33,PRESENT,NO_FACE,NOT_CALIBRATED,DISTRACTED,5.69,14.0,0.68
2026-01-31 19:21:34,PRESENT,DISTRACTED,NOT_CALIBRATED,DISTRACTED,5.69,15.01,0.68
2026-01-31 19:21:35,PRESENT,DISTRACTED,NOT_CALIBRATED,DISTRACTED,5.69,16.05,0.68
2026-01-31 19:21:36,PRESENT,ATTENTIVE,attentive Eyes,ATTENTIVE,5.95,16.8,0.68
2026-01-31 19:21:37,PRESENT,ATTENTIVE,attentive Eyes,ATTENTIVE,6.97,16.8,0.68
2026-01-31 19:21:38,PRESENT,ATTENTIVE,attentive Eyes,ATTENTIVE,8.02,16.8,0.68
2026-01-31 19:21:39,PRESENT,ATTENTIVE,attentive Eyes,ATTENTIVE,9.04,16.8,0.68
2026-01-31 19:21:40,PRESENT,ATTENTIVE,attentive Eyes,ATTENTIVE,10.05,16.8,0.68
2026-01-31 19:21:41,PRESENT,ATTENTIVE,attentive Eyes,ATTENTIVE,11.06,16.8,0.68
2026-01-31 19:21:42,PRESENT,ATTENTIVE,attentive Eyes,ATTENTIVE,12.09,16.8,0.68
2026-01-31 19:21:43,PRESENT,ATTENTIVE,attentive Eyes,ATTENTIVE,13.11,16.8,0.68
2026-01-31 19:21:45,PRESENT,ATTENTIVE,attentive Eyes,ATTENTIVE,14.12,16.8,0.68
2026-01-31 19:21:46,PRESENT,DISTRACTED,NOT_CALIBRATED,DISTRACTED,14.8,17.13,0.68
2026-01-31 19:21:47,AWAY,NO_FACE,NOT_CALIBRATED,AWAY,14.8,18.12,0.72
2026-01-31 19:21:48,AWAY,NO_FACE,NOT_CALIBRATED,AWAY,14.8,18.12,1.72
2026-01-31 19:21:49,AWAY,NO_FACE,NOT_CALIBRATED,AWAY,14.8,18.12,2.74
2026-01-31 19:21:50,AWAY,NO_FACE,NOT_CALIBRATED,AWAY,14.8,18.12,3.8
2026-01-31 19:21:51,PRESENT,DISTRACTED,NOT_CALIBRATED,DISTRACTED,14.8,18.48,4.47
2026-01-31 19:21:52,PRESENT,ATTENTIVE,attentive Eyes,ATTENTIVE,15.17,19.12,4.47
2026-01-31 19:21:53,PRESENT,ATTENTIVE,attentive Eyes,ATTENTIVE,16.19,19.12,4.47
2026-01-31 19:21:54,PRESENT,ATTENTIVE,attentive Eyes,ATTENTIVE,17.21,19.12,4.47
2026-01-31 19:21:55,PRESENT,ATTENTIVE,attentive Eyes,ATTENTIVE,18.22,19.12,4.47
2026-01-31 19:21:56,PRESENT,ATTENTIVE,attentive Eyes,ATTENTIVE,19.23,19.12,4.47
2026-01-31 19:21:57,PRESENT,ATTENTIVE,attentive Eyes,ATTENTIVE,20.26,19.12,4.47
2026-01-31 19:21:58,PRESENT,ATTENTIVE,attentive Eyes,ATTENTIVE,21.28,19.12,4.47
2026-01-31 19:21:59,PRESENT,ATTENTIVE,attentive Eyes,ATTENTIVE,22.3,19.12,4.47
2026-01-31 19:22:00,PRESENT,ATTENTIVE,attentive Eyes,ATTENTIVE,23.31,19.12,4.47
2026-01-31 19:22:01,PRESENT,ATTENTIVE,attentive Eyes,ATTENTIVE,24.34,19.12,4.47
2026-01-31 19:22:02,PRESENT,ATTENTIVE,attentive Eyes,ATTENTIVE,25.36,19.12,4.47
2026-01-31 19:22:03,PRESENT,ATTENTIVE,attentive Eyes,ATTENTIVE,26.37,19.12,4.47
2026-01-31 19:22:04,PRESENT,ATTENTIVE,attentive Eyes,ATTENTIVE,27.33,19.18,4.47
2026-01-31 19:22:05,PRESENT,ATTENTIVE,attentive Eyes,ATTENTIVE,28.34,19.18,4.47
2026-01-31 19:22:06,PRESENT,ATTENTIVE,attentive Eyes,ATTENTIVE,29.36,19.18,4.47
2026-01-31 19:22:07,PRESENT,ATTENTIVE,attentive Eyes,ATTENTIVE,30.39,19.18,4.47
2026-01-31 19:22:08,PRESENT,ATTENTIVE,attentive Eyes,ATTENTIVE,31.41,19.18,4.47
2026-01-31 19:22:09,PRESENT,ATTENTIVE,attentive Eyes,ATTENTIVE,32.42,19.18,4.47
2026-01-31 19:22:10,AWAY,NO_FACE,NOT_CALIBRATED,AWAY,32.42,19.18,5.53
2026-01-31 19:22:11,AWAY,NO_FACE,NOT_CALIBRATED,AWAY,32.42,19.18,6.54
2026-01-31 19:22:12,AWAY,NO_FACE,NOT_CALIBRATED,AWAY,32.42,19.18,7.56
2026-01-31 19:22:13,AWAY,NO_FACE,NOT_CALIBRATED,AWAY,32.42,19.18,8.58
2026-01-31 19:22:14,AWAY,NO_FACE,NOT_CALIBRATED,AWAY,32.42,19.18,9.59
2026-01-31 19:22:15,AWAY,NO_FACE,NOT_CALIBRATED,AWAY,32.42,19.18,10.62
2026-01-31 19:22:16,AWAY,NO_FACE,NOT_CALIBRATED,AWAY,32.42,19.18,11.62
2026-01-31 19:22:17,PRESENT,ATTENTIVE,attentive Eyes,ATTENTIVE,32.76,19.18,12.32
2026-01-31 19:22:18,PRESENT,ATTENTIVE,attentive Eyes,ATTENTIVE,33.78,19.18,12.32
2026-01-31 19:22:19,PRESENT,ATTENTIVE,attentive Eyes,ATTENTIVE,34.79,19.18,12.32
2026-01-31 19:22:20,PRESENT,ATTENTIVE,attentive Eyes,ATTENTIVE,35.57,19.39,12.32
2026-01-31 19:22:21,PRESENT,DISTRACTED,NOT_CALIBRATED,DISTRACTED,35.9,20.12,12.32
2026-01-31 19:22:22,PRESENT,DISTRACTED,NOT_CALIBRATED,DISTRACTED,35.9,21.14,12.32
2026-01-31 19:22:23,PRESENT,DISTRACTED,NOT_CALIBRATED,DISTRACTED,35.9,22.15,12.32
2026-01-31 19:22:24,PRESENT,DISTRACTED,NOT_CALIBRATED,DISTRACTED,35.9,23.17,12.32
2026-01-31 19:22:25,PRESENT,ATTENTIVE,attentive Eyes,ATTENTIVE,36.23,23.85,12.32
2026-01-31 19:22:26,PRESENT,ATTENTIVE,attentive Eyes,ATTENTIVE,37.27,23.85,12.32
2026-01-31 19:22:27,PRESENT,ATTENTIVE,attentive Eyes,ATTENTIVE,38.28,23.85,12.32
2026-01-31 19:22:28,PRESENT,ATTENTIVE,attentive Eyes,ATTENTIVE,39.29,23.85,12.32
2026-01-31 19:22:29,PRESENT,ATTENTIVE,attentive Eyes,ATTENTIVE,40.31,23.85,12.32
2026-01-31 19:22:30,PRESENT,ATTENTIVE,attentive Eyes,ATTENTIVE,41.35,23.85,12.32
2026-01-31 19:22:31,PRESENT,ATTENTIVE,attentive Eyes,ATTENTIVE,42.38,23.85,12.32
2026-01-31 19:22:32,PRESENT,DISTRACTED,NOT_CALIBRATED,DISTRACTED,43.24,24.0,12.32
2026-01-31 19:22:33,PRESENT,DISTRACTED,NOT_CALIBRATED,DISTRACTED,43.24,25.01,12.32
2026-01-31 19:22:35,PRESENT,DISTRACTED,NOT_CALIBRATED,DISTRACTED,43.24,26.04,12.32
2026-01-31 19:22:36,PRESENT,DISTRACTED,NOT_CALIBRATED,DISTRACTED,43.24,27.06,12.32
2026-01-31 19:22:37,PRESENT,DISTRACTED,NOT_CALIBRATED,DISTRACTED,43.24,28.07,12.32
2026-01-31 19:22:38,PRESENT,DISTRACTED,NOT_CALIBRATED,DISTRACTED,43.24,29.09,12.32
2026-01-31 19:22:39,PRESENT,DISTRACTED,NOT_CALIBRATED,DISTRACTED,43.24,30.11,12.32
2026-01-31 19:22:40,PRESENT,DISTRACTED,NOT_CALIBRATED,DISTRACTED,43.24,31.12,12.32
2026-01-31 19:22:41,PRESENT,DISTRACTED,NOT_CALIBRATED,DISTRACTED,43.24,32.15,12.32
2026-01-31 19:22:42,PRESENT,DISTRACTED,NOT_CALIBRATED,DISTRACTED,43.24,33.2,12.32
2026-01-31 19:22:43,PRESENT,DISTRACTED,NOT_CALIBRATED,DISTRACTED,43.24,34.21,12.32
2026-01-31 19:22:44,PRESENT,ATTENTIVE,attentive Eyes,ATTENTIVE,43.67,34.81,12.32
2026-01-31 19:22:45,PRESENT,ATTENTIVE,attentive Eyes,ATTENTIVE,44.7,34.81,12.32
2026-01-31 19:22:46,PRESENT,ATTENTIVE,attentive Eyes,ATTENTIVE,45.7,34.81,12.32
2026-01-31 19:22:47,PRESENT,DISTRACTED,NOT_CALIBRATED,DISTRACTED,46.42,35.11,12.32
2026-01-31 19:22:48,PRESENT,DISTRACTED,NOT_CALIBRATED,DISTRACTED,46.42,36.15,12.32
2026-01-31 19:22:49,PRESENT,DISTRACTED,NOT_CALIBRATED,DISTRACTED,46.42,37.17,12.32
2026-01-31 19:22:50,PRESENT,DISTRACTED,NOT_CALIBRATED,DISTRACTED,46.42,38.2,12.32
2026-01-31 19:22:51,PRESENT,ATTENTIVE,attentive Eyes,ATTENTIVE,46.79,38.84,12.32
2026-01-31 19:22:52,PRESENT,ATTENTIVE,attentive Eyes,ATTENTIVE,47.82,38.84,12.32
2026-01-31 19:22:53,PRESENT,ATTENTIVE,attentive Eyes,ATTENTIVE,48.85,38.84,12.32
2026-01-31 19:22:54,PRESENT,ATTENTIVE,attentive Eyes,ATTENTIVE,49.85,38.84,12.32
2026-01-31 19:22:55,PRESENT,DISTRACTED,NOT_CALIBRATED,DISTRACTED,50.6,39.11,12.32
2026-01-31 19:22:56,PRESENT,ATTENTIVE,attentive Eyes,ATTENTIVE,50.79,39.95,12.32
2026-01-31 19:22:57,PRESENT,ATTENTIVE,attentive Eyes,ATTENTIVE,51.8,39.95,12.32
2026-01-31 19:22:58,PRESENT,ATTENTIVE,attentive Eyes,ATTENTIVE,52.82,39.95,12.32
2026-01-31 19:22:59,PRESENT,ATTENTIVE,Distracted Eyes,DISTRACTED,53.81,39.99,12.32
2026-01-31 19:23:00,PRESENT,ATTENTIVE,attentive Eyes,ATTENTIVE,54.6,40.23,12.32
2026-01-31 19:23:01,PRESENT,ATTENTIVE,attentive Eyes,ATTENTIVE,54.9,40.96,12.32
2026-01-31 19:23:02,PRESENT,ATTENTIVE,attentive Eyes,ATTENTIVE,55.39,41.5,12.32
2026-01-31 19:23:03,PRESENT,ATTENTIVE,attentive Eyes,ATTENTIVE,56.39,41.53,12.32
2026-01-31 19:23:04,PRESENT,ATTENTIVE,attentive Eyes,ATTENTIVE,57.41,41.53,12.32
2026-01-31 19:23:05,PRESENT,ATTENTIVE,attentive Eyes,ATTENTIVE,58.41,41.53,12.32
2026-01-31 19:23:06,PRESENT,ATTENTIVE,attentive Eyes,ATTENTIVE,59.44,41.53,12.32
2026-01-31 19:23:07,PRESENT,ATTENTIVE,attentive Eyes,ATTENTIVE,60.45,41.53,12.32
2026-01-31 19:23:08,PRESENT,ATTENTIVE,attentive Eyes,ATTENTIVE,61.47,41.53,12.32
2026-01-31 19:23:09,PRESENT,ATTENTIVE,attentive Eyes,ATTENTIVE,62.5,41.53,12.32
2026-01-31 19:23:10,PRESENT,DISTRACTED,NOT_CALIBRATED,DISTRACTED,63.02,42.02,12.32
2026-01-31 19:23:11,PRESENT,DISTRACTED,NOT_CALIBRATED,DISTRACTED,63.02,43.04,12.32
2026-01-31 19:23:12,PRESENT,ATTENTIVE,attentive Eyes,ATTENTIVE,63.97,43.11,12.32
2026-01-31 19:23:13,PRESENT,ATTENTIVE,attentive Eyes,ATTENTIVE,64.98,43.11,12.32
2026-01-31 19:23:14,PRESENT,ATTENTIVE,attentive Eyes,ATTENTIVE,65.99,43.11,12.32
2026-01-31 19:23:15,PRESENT,DISTRACTED,NOT_CALIBRATED,DISTRACTED,66.31,43.8,12.32
2026-01-31 19:23:16,PRESENT,DISTRACTED,NOT_CALIBRATED,DISTRACTED,66.31,44.84,12.32
2026-01-31 19:23:17,PRESENT,DISTRACTED,NOT_CALIBRATED,DISTRACTED,66.31,45.86,12.32
2026-01-31 19:23:18,PRESENT,ATTENTIVE,attentive Eyes,ATTENTIVE,66.38,46.82,12.32
2026-01-31 19:23:19,PRESENT,ATTENTIVE,attentive Eyes,ATTENTIVE,67.39,46.82,12.32
2026-01-31 19:33:04,PRESENT,DISTRACTED,NOT_CALIBRATED,DISTRACTED,0.0,0.33,0.68
2026-01-31 19:33:05,PRESENT,ATTENTIVE,NOT_CALIBRATED,DISTRACTED,0.0,1.36,0.68
2026-01-31 19:33:06,PRESENT,ATTENTIVE,NOT_CALIBRATED,DISTRACTED,0.0,2.37,0.68
2026-01-31 19:33:07,PRESENT,ATTENTIVE,NOT_CALIBRATED,DISTRACTED,0.0,3.39,0.68
2026-01-31 19:33:08,PRESENT,DISTRACTED,NOT_CALIBRATED,DISTRACTED,0.0,4.41,0.68
2026-01-31 19:33:09,PRESENT,ATTENTIVE,NOT_CALIBRATED,DISTRACTED,0.0,5.44,0.68
2026-01-31 19:33:10,PRESENT,ATTENTIVE,NOT_CALIBRATED,DISTRACTED,0.0,6.45,0.68
2026-01-31 19:33:11,PRESENT,DISTRACTED,NOT_CALIBRATED,DISTRACTED,0.0,7.47,0.68
2026-01-31 19:33:12,PRESENT,DISTRACTED,NOT_CALIBRATED,DISTRACTED,0.0,8.48,0.68
2026-01-31 19:33:13,PRESENT,ATTENTIVE,NOT_CALIBRATED,DISTRACTED,0.0,9.51,0.68
2026-01-31 19:33:14,PRESENT,ATTENTIVE,NOT_CALIBRATED,DISTRACTED,0.0,10.54,0.68
2026-01-31 19:33:15,PRESENT,ATTENTIVE,NOT_CALIBRATED,DISTRACTED,0.0,11.57,0.68
2026-01-31 19:33:16,PRESENT,ATTENTIVE,attentive Eyes,ATTENTIVE,0.59,12.0,0.68
2026-01-31 19:33:17,PRESENT,DISTRACTED,NOT_CALIBRATED,DISTRACTED,1.19,12.41,0.68
2026-01-31 19:33:18,PRESENT,DISTRACTED,NOT_CALIBRATED,DISTRACTED,1.19,13.43,0.68
2026-01-31 19:33:19,PRESENT,DISTRACTED,NOT_CALIBRATED,DISTRACTED,1.19,14.46,0.68
2026-01-31 19:33:20,PRESENT,DISTRACTED,NOT_CALIBRATED,DISTRACTED,1.19,15.48,0.68
2026-01-31 19:33:21,PRESENT,ATTENTIVE,attentive Eyes,ATTENTIVE,1.36,16.32,0.68
2026-01-31 19:33:22,PRESENT,ATTENTIVE,attentive Eyes,ATTENTIVE,2.38,16.32,0.68
2026-01-31 19:33:23,PRESENT,ATTENTIVE,attentive Eyes,ATTENTIVE,3.4,16.32,0.68
2026-01-31 19:33:24,PRESENT,ATTENTIVE,attentive Eyes,ATTENTIVE,4.41,16.32,0.68
2026-01-31 19:33:25,PRESENT,ATTENTIVE,attentive Eyes,ATTENTIVE,5.44,16.32,0.68
2026-01-31 19:33:26,PRESENT,DISTRACTED,NOT_CALIBRATED,DISTRACTED,6.02,16.75,0.68
2026-01-31 19:33:27,PRESENT,DISTRACTED,NOT_CALIBRATED,DISTRACTED,6.02,17.77,0.68
2026-01-31 19:33:28,PRESENT,DISTRACTED,NOT_CALIBRATED,DISTRACTED,6.02,18.81,0.68
2026-01-31 19:33:29,PRESENT,DISTRACTED,NOT_CALIBRATED,DISTRACTED,6.02,19.83,0.68
2026-01-31 19:33:30,PRESENT,DISTRACTED,NOT_CALIBRATED,DISTRACTED,6.02,20.85,0.68
2026-01-31 19:33:31,PRESENT,DISTRACTED,NOT_CALIBRATED,DISTRACTED,6.02,21.87,0.68
2026-01-31 19:33:32,PRESENT,DISTRACTED,NOT_CALIBRATED,DISTRACTED,6.02,22.89,0.68
2026-01-31 19:33:33,PRESENT,DISTRACTED,NOT_CALIBRATED,DISTRACTED,6.02,23.89,0.68
2026-01-31 19:33:34,PRESENT,DISTRACTED,NOT_CALIBRATED,DISTRACTED,6.02,24.92,0.68
2026-01-31 19:33:35,PRESENT,DISTRACTED,NOT_CALIBRATED,DISTRACTED,6.02,25.95,0.68
2026-01-31 19:33:36,PRESENT,DISTRACTED,NOT_CALIBRATED,DISTRACTED,6.02,26.99,0.68
2026-01-31 19:33:37,PRESENT,DISTRACTED,NOT_CALIBRATED,DISTRACTED,6.02,28.01,0.68
2026-01-31 19:33:38,PRESENT,ATTENTIVE,attentive Eyes,ATTENTIVE,6.71,28.34,0.68
2026-01-31 19:33:39,PRESENT,DISTRACTED,NOT_CALIBRATED,DISTRACTED,7.01,29.07,0.68
2026-01-31 19:33:40,PRESENT,DISTRACTED,NOT_CALIBRATED,DISTRACTED,7.01,30.08,0.68
2026-01-31 19:33:41,PRESENT,DISTRACTED,NOT_CALIBRATED,DISTRACTED,7.01,31.1,0.68
2026-01-31 19:33:42,PRESENT,DISTRACTED,NOT_CALIBRATED,DISTRACTED,7.01,32.12,0.68
2026-01-31 19:33:43,PRESENT,DISTRACTED,NOT_CALIBRATED,DISTRACTED,7.01,33.13,0.68
2026-01-31 19:33:45,PRESENT,DISTRACTED,NOT_CALIBRATED,DISTRACTED,7.01,34.17,0.68
2026-01-31 19:33:46,PRESENT,NO_FACE,NOT_CALIBRATED,DISTRACTED,7.01,35.19,0.68
2026-01-31 19:33:47,PRESENT,NO_FACE,NOT_CALIBRATED,DISTRACTED,7.01,36.22,0.68
2026-01-31 19:33:48,AWAY,NO_FACE,NOT_CALIBRATED,AWAY,7.01,36.36,1.54
2026-01-31 19:33:49,PRESENT,DISTRACTED,NOT_CALIBRATED,DISTRACTED,7.01,37.22,1.7
2026-01-31 19:33:50,PRESENT,DISTRACTED,NOT_CALIBRATED,DISTRACTED,7.01,38.23,1.7
2026-01-31 19:33:51,PRESENT,DISTRACTED,NOT_CALIBRATED,DISTRACTED,7.01,39.25,1.7
2026-01-31 19:33:52,PRESENT,DISTRACTED,NOT_CALIBRATED,DISTRACTED,7.01,40.28,1.7
2026-01-31 19:33:53,PRESENT,DISTRACTED,NOT_CALIBRATED,DISTRACTED,7.01,41.3,1.7
2026-01-31 19:33:54,PRESENT,DISTRACTED,NOT_CALIBRATED,DISTRACTED,7.01,42.33,1.7
2026-01-31 19:33:55,PRESENT,DISTRACTED,NOT_CALIBRATED,DISTRACTED,7.01,43.33,1.7
2026-01-31 19:33:56,PRESENT,DISTRACTED,NOT_CALIBRATED,DISTRACTED,7.01,44.37,1.7
2026-01-31 19:33:57,PRESENT,DISTRACTED,NOT_CALIBRATED,DISTRACTED,7.01,45.4,1.7
2026-01-31 19:33:58,PRESENT,DISTRACTED,NOT_CALIBRATED,DISTRACTED,7.01,46.44,1.7
2026-01-31 19:33:59,PRESENT,DISTRACTED,NOT_CALIBRATED,DISTRACTED,7.01,47.46,1.7
2026-01-31 19:34:00,PRESENT,DISTRACTED,NOT_CALIBRATED,DISTRACTED,7.01,48.49,1.7
2026-01-31 19:34:01,PRESENT,DISTRACTED,NOT_CALIBRATED,DISTRACTED,7.01,49.51,1.7
2026-01-31 19:34:02,PRESENT,DISTRACTED,NOT_CALIBRATED,DISTRACTED,7.01,50.52,1.7
2026-01-31 19:34:03,PRESENT,DISTRACTED,NOT_CALIBRATED,DISTRACTED,7.01,51.52,1.7
2026-01-31 19:34:04,PRESENT,DISTRACTED,NOT_CALIBRATED,DISTRACTED,7.01,52.52,1.7
2026-01-31 19:34:05,PRESENT,DISTRACTED,NOT_CALIBRATED,DISTRACTED,7.01,53.54,1.7
2026-01-31 19:34:06,PRESENT,DISTRACTED,NOT_CALIBRATED,DISTRACTED,7.01,54.57,1.7
2026-01-31 19:34:07,PRESENT,DISTRACTED,NOT_CALIBRATED,DISTRACTED,7.01,55.61,1.7
2026-01-31 19:34:08,PRESENT,DISTRACTED,NOT_CALIBRATED,DISTRACTED,7.01,56.63,1.7
2026-01-31 19:34:09,PRESENT,DISTRACTED,NOT_CALIBRATED,DISTRACTED,7.01,57.66,1.7
2026-01-31 19:34:10,PRESENT,DISTRACTED,NOT_CALIBRATED,DISTRACTED,7.01,58.66,1.7
2026-01-31 19:34:11,PRESENT,DISTRACTED,NOT_CALIBRATED,DISTRACTED,7.01,59.69,1.7
2026-01-31 19:34:12,PRESENT,DISTRACTED,NOT_CALIBRATED,DISTRACTED,7.01,60.71,1.7
2026-01-31 19:34:13,PRESENT,DISTRACTED,NOT_CALIBRATED,DISTRACTED,7.01,61.74,1.7
2026-01-31 19:34:14,PRESENT,DISTRACTED,NOT_CALIBRATED,DISTRACTED,7.01,62.75,1.7
2026-01-31 19:34:15,PRESENT,DISTRACTED,NOT_CALIBRATED,DISTRACTED,7.01,63.77,1.7
2026-01-31 19:34:16,PRESENT,DISTRACTED,NOT_CALIBRATED,DISTRACTED,7.01,64.81,1.7
2026-01-31 19:34:17,PRESENT,DISTRACTED,NOT_CALIBRATED,DISTRACTED,7.01,65.83,1.7
2026-01-31 19:34:18,PRESENT,DISTRACTED,NOT_CALIBRATED,DISTRACTED,7.01,66.84,1.7
2026-01-31 19:34:19,PRESENT,DISTRACTED,NOT_CALIBRATED,DISTRACTED,7.01,67.86,1.7
2026-01-31 19:34:20,PRESENT,DISTRACTED,NOT_CALIBRATED,DISTRACTED,7.01,68.89,1.7
2026-01-31 19:34:21,PRESENT,DISTRACTED,NOT_CALIBRATED,DISTRACTED,7.01,69.89,1.7
2026-01-31 19:34:22,PRESENT,DISTRACTED,NOT_CALIBRATED,DISTRACTED,7.01,70.92,1.7
2026-01-31 19:34:23,PRESENT,DISTRACTED,NOT_CALIBRATED,DISTRACTED,7.01,71.94,1.7
2026-01-31 19:34:24,PRESENT,DISTRACTED,NOT_CALIBRATED,DISTRACTED,7.01,72.97,1.7
2026-01-31 19:34:25,PRESENT,DISTRACTED,NOT_CALIBRATED,DISTRACTED,7.01,74.01,1.7
2026-01-31 19:34:26,PRESENT,DISTRACTED,NOT_CALIBRATED,DISTRACTED,7.01,75.01,1.7
2026-01-31 19:34:27,PRESENT,ATTENTIVE,attentive Eyes,ATTENTIVE,7.76,75.3,1.7
2026-01-31 19:34:28,PRESENT,ATTENTIVE,attentive Eyes,ATTENTIVE,8.78,75.3,1.7
2026-01-31 19:34:29,PRESENT,ATTENTIVE,attentive Eyes,ATTENTIVE,9.79,75.3,1.7
2026-01-31 19:34:30,PRESENT,ATTENTIVE,attentive Eyes,ATTENTIVE,10.81,75.3,1.7
2026-01-31 19:34:32,PRESENT,ATTENTIVE,attentive Eyes,ATTENTIVE,11.83,75.3,1.7
2026-01-31 19:34:33,PRESENT,ATTENTIVE,attentive Eyes,ATTENTIVE,12.62,75.53,1.7
2026-01-31 19:34:34,PRESENT,DISTRACTED,NOT_CALIBRATED,DISTRACTED,13.01,76.16,1.7
2026-01-31 19:34:35,PRESENT,DISTRACTED,NOT_CALIBRATED,DISTRACTED,13.01,77.18,1.7
2026-01-31 19:34:36,PRESENT,DISTRACTED,NOT_CALIBRATED,DISTRACTED,13.01,78.19,1.7
2026-01-31 19:34:37,PRESENT,DISTRACTED,NOT_CALIBRATED,DISTRACTED,13.01,79.25,1.7
2026-01-31 19:34:38,PRESENT,DISTRACTED,NOT_CALIBRATED,DISTRACTED,13.01,80.27,1.7
2026-01-31 19:34:39,PRESENT,DISTRACTED,NOT_CALIBRATED,DISTRACTED,13.01,81.28,1.7
2026-01-31 19:34:40,PRESENT,DISTRACTED,NOT_CALIBRATED,DISTRACTED,13.01,82.3,1.7
2026-01-31 19:34:41,PRESENT,ATTENTIVE,attentive Eyes,ATTENTIVE,13.58,82.74,1.7
2026-01-31 19:34:42,PRESENT,ATTENTIVE,attentive Eyes,ATTENTIVE,14.61,82.74,1.7
2026-01-31 19:34:43,PRESENT,ATTENTIVE,attentive Eyes,ATTENTIVE,15.63,82.74,1.7
2026-01-31 19:34:44,PRESENT,ATTENTIVE,attentive Eyes,ATTENTIVE,16.64,82.74,1.7
2026-01-31 19:34:45,PRESENT,ATTENTIVE,attentive Eyes,ATTENTIVE,17.67,82.74,1.7
2026-01-31 19:34:46,PRESENT,ATTENTIVE,attentive Eyes,ATTENTIVE,18.73,82.74,1.7
2026-01-31 19:34:47,PRESENT,ATTENTIVE,attentive Eyes,ATTENTIVE,19.75,82.74,1.7
2026-01-31 19:34:48,PRESENT,ATTENTIVE,Distracted Eyes,DISTRACTED,20.5,82.99,1.7
2026-01-31 19:34:49,PRESENT,ATTENTIVE,attentive Eyes,ATTENTIVE,21.43,83.08,1.7
2026-01-31 19:34:50,PRESENT,ATTENTIVE,attentive Eyes,ATTENTIVE,22.1,83.45,1.7
2026-01-31 19:34:51,PRESENT,ATTENTIVE,attentive Eyes,ATTENTIVE,22.36,84.22,1.7
2026-01-31 19:34:52,PRESENT,ATTENTIVE,attentive Eyes,ATTENTIVE,23.37,84.22,1.7
2026-01-31 19:34:53,PRESENT,ATTENTIVE,attentive Eyes,ATTENTIVE,24.39,84.22,1.7
2026-01-31 19:34:54,PRESENT,ATTENTIVE,attentive Eyes,ATTENTIVE,25.43,84.22,1.7
2026-01-31 19:34:55,PRESENT,ATTENTIVE,attentive Eyes,ATTENTIVE,26.46,84.22,1.7
2026-01-31 19:34:56,PRESENT,ATTENTIVE,attentive Eyes,ATTENTIVE,27.48,84.22,1.7
2026-01-31 19:34:57,PRESENT,DISTRACTED,NOT_CALIBRATED,DISTRACTED,28.25,84.45,1.7
2026-01-31 19:34:58,PRESENT,DISTRACTED,NOT_CALIBRATED,DISTRACTED,28.25,85.48,1.7
2026-01-31 19:34:59,PRESENT,DISTRACTED,NOT_CALIBRATED,DISTRACTED,28.25,86.5,1.7
2026-01-31 19:35:00,PRESENT,ATTENTIVE,attentive Eyes,ATTENTIVE,28.75,87.02,1.7
2026-01-31 19:35:01,PRESENT,ATTENTIVE,attentive Eyes,ATTENTIVE,29.76,87.02,1.7
2026-01-31 19:35:02,PRESENT,ATTENTIVE,attentive Eyes,ATTENTIVE,30.78,87.02,1.7
2026-01-31 19:35:03,PRESENT,ATTENTIVE,attentive Eyes,ATTENTIVE,31.8,87.02,1.7
2026-01-31 19:35:04,PRESENT,ATTENTIVE,Distracted Eyes,DISTRACTED,32.02,87.82,1.7
2026-01-31 19:35:05,PRESENT,ATTENTIVE,attentive Eyes,ATTENTIVE,32.31,88.56,1.7
2026-01-31 19:35:06,PRESENT,ATTENTIVE,Distracted Eyes,DISTRACTED,33.28,88.63,1.7
2026-01-31 19:35:07,PRESENT,ATTENTIVE,attentive Eyes,ATTENTIVE,33.71,89.22,1.7
2026-01-31 19:35:08,PRESENT,ATTENTIVE,attentive Eyes,ATTENTIVE,34.72,89.22,1.7
2026-01-31 19:35:09,PRESENT,ATTENTIVE,Distracted Eyes,DISTRACTED,35.65,89.32,1.7
2026-01-31 19:35:10,PRESENT,ATTENTIVE,attentive Eyes,ATTENTIVE,36.58,89.41,1.7
2026-01-31 19:35:11,PRESENT,ATTENTIVE,attentive Eyes,ATTENTIVE,37.6,89.41,1.7
2026-01-31 19:35:12,PRESENT,ATTENTIVE,attentive Eyes,ATTENTIVE,38.61,89.41,1.7
2026-01-31 19:35:13,PRESENT,DISTRACTED,NOT_CALIBRATED,DISTRACTED,38.68,90.36,1.7
2026-01-31 19:35:14,PRESENT,ATTENTIVE,Distracted Eyes,DISTRACTED,39.05,91.0,1.7
2026-01-31 19:35:15,PRESENT,ATTENTIVE,Distracted Eyes,DISTRACTED,39.79,91.29,1.7
2026-01-31 19:35:16,PRESENT,ATTENTIVE,attentive Eyes,ATTENTIVE,40.15,91.96,1.7
2026-01-31 19:35:18,PRESENT,ATTENTIVE,Distracted Eyes,DISTRACTED,40.31,92.83,1.7
2026-01-31 19:35:19,PRESENT,ATTENTIVE,Distracted Eyes,DISTRACTED,40.31,93.85,1.7
2026-01-31 19:35:20,PRESENT,ATTENTIVE,attentive Eyes,ATTENTIVE,40.53,94.65,1.7
2026-01-31 19:35:21,PRESENT,ATTENTIVE,attentive Eyes,ATTENTIVE,41.43,94.78,1.7
2026-01-31 19:35:22,PRESENT,ATTENTIVE,attentive Eyes,ATTENTIVE,42.44,94.78,1.7
2026-01-31 19:35:23,PRESENT,ATTENTIVE,attentive Eyes,ATTENTIVE,43.47,94.78,1.7
2026-01-31 19:35:24,PRESENT,ATTENTIVE,attentive Eyes,ATTENTIVE,44.5,94.78,1.7
2026-01-31 19:35:25,PRESENT,ATTENTIVE,attentive Eyes,ATTENTIVE,45.54,94.78,1.7
2026-01-31 19:35:26,PRESENT,ATTENTIVE,Distracted Eyes,DISTRACTED,46.17,95.17,1.7
2026-01-31 19:35:27,PRESENT,ATTENTIVE,Distracted Eyes,DISTRACTED,46.37,96.0,1.7
2026-01-31 19:35:28,PRESENT,ATTENTIVE,attentive Eyes,ATTENTIVE,47.1,96.28,1.7
2026-01-31 19:35:29,PRESENT,DISTRACTED,NOT_CALIBRATED,DISTRACTED,47.67,96.73,1.7
2026-01-31 19:35:30,PRESENT,DISTRACTED,NOT_CALIBRATED,DISTRACTED,47.67,97.76,1.7
2026-01-31 19:35:31,PRESENT,ATTENTIVE,Distracted Eyes,DISTRACTED,47.67,98.78,1.7
2026-01-31 19:35:32,PRESENT,ATTENTIVE,Distracted Eyes,DISTRACTED,47.67,99.82,1.7
2026-01-31 19:35:33,PRESENT,ATTENTIVE,Distracted Eyes,DISTRACTED,47.67,100.84,1.7
2026-01-31 19:35:34,PRESENT,ATTENTIVE,Distracted Eyes,DISTRACTED,47.67,101.85,1.7
2026-01-31 19:35:35,PRESENT,ATTENTIVE,attentive Eyes,ATTENTIVE,48.46,102.08,1.7
2026-01-31 19:35:36,PRESENT,ATTENTIVE,attentive Eyes,ATTENTIVE,49.5,102.08,1.7
2026-01-31 19:35:37,PRESENT,ATTENTIVE,attentive Eyes,ATTENTIVE,50.53,102.08,1.7
2026-01-31 19:35:38,PRESENT,ATTENTIVE,attentive Eyes,ATTENTIVE,51.29,102.35,1.7
2026-01-31 19:35:39,PRESENT,ATTENTIVE,attentive Eyes,ATTENTIVE,52.32,102.35,1.7
2026-01-31 19:35:40,PRESENT,ATTENTIVE,attentive Eyes,ATTENTIVE,53.35,102.35,1.7
2026-01-31 19:35:41,PRESENT,ATTENTIVE,attentive Eyes,ATTENTIVE,54.37,102.35,1.7
2026-01-31 19:35:42,PRESENT,ATTENTIVE,attentive Eyes,ATTENTIVE,55.38,102.35,1.7
2026-01-31 19:35:43,PRESENT,ATTENTIVE,attentive Eyes,ATTENTIVE,56.41,102.35,1.7
2026-01-31 19:35:44,PRESENT,ATTENTIVE,attentive Eyes,ATTENTIVE,57.44,102.35,1.7
2026-01-31 19:35:45,PRESENT,ATTENTIVE,attentive Eyes,ATTENTIVE,58.47,102.35,1.7
2026-01-31 19:35:46,PRESENT,ATTENTIVE,attentive Eyes,ATTENTIVE,58.72,103.12,1.7
2026-01-31 19:35:47,PRESENT,ATTENTIVE,attentive Eyes,ATTENTIVE,59.73,103.12,1.7
2026-01-31 19:35:48,PRESENT,ATTENTIVE,attentive Eyes,ATTENTIVE,60.76,103.12,1.7
2026-01-31 19:35:49,PRESENT,ATTENTIVE,attentive Eyes,ATTENTIVE,61.79,103.12,1.7
2026-01-31 19:35:50,PRESENT,ATTENTIVE,attentive Eyes,ATTENTIVE,62.79,103.12,1.7
2026-01-31 19:35:51,PRESENT,ATTENTIVE,Distracted Eyes,DISTRACTED,63.76,103.18,1.7
2026-01-31 19:35:52,PRESENT,ATTENTIVE,attentive Eyes,ATTENTIVE,64.62,103.33,1.7
2026-01-31 19:35:53,PRESENT,ATTENTIVE,attentive Eyes,ATTENTIVE,65.65,103.33,1.7
2026-01-31 19:35:54,PRESENT,ATTENTIVE,attentive Eyes,ATTENTIVE,66.66,103.33,1.7
2026-01-31 19:35:55,PRESENT,ATTENTIVE,attentive Eyes,ATTENTIVE,67.68,103.33,1.7
2026-01-31 19:35:56,PRESENT,ATTENTIVE,attentive Eyes,ATTENTIVE,68.69,103.33,1.7
2026-01-31 19:35:57,PRESENT,ATTENTIVE,attentive Eyes,ATTENTIVE,69.71,103.33,1.7
2026-01-31 19:35:58,PRESENT,ATTENTIVE,attentive Eyes,ATTENTIVE,70.75,103.33,1.7
2026-01-31 19:35:59,PRESENT,ATTENTIVE,attentive Eyes,ATTENTIVE,71.78,103.33,1.7
2026-01-31 19:36:01,PRESENT,ATTENTIVE,attentive Eyes,ATTENTIVE,72.81,103.33,1.7
2026-01-31 19:36:02,PRESENT,ATTENTIVE,attentive Eyes,ATTENTIVE,73.84,103.33,1.7
2026-01-31 19:36:03,PRESENT,ATTENTIVE,attentive Eyes,ATTENTIVE,74.86,103.33,1.7
2026-01-31 19:36:04,PRESENT,ATTENTIVE,attentive Eyes,ATTENTIVE,75.89,103.33,1.7
2026-01-31 19:36:05,PRESENT,ATTENTIVE,attentive Eyes,ATTENTIVE,76.89,103.33,1.7
2026-01-31 19:36:06,PRESENT,ATTENTIVE,attentive Eyes,ATTENTIVE,77.92,103.33,1.7
2026-01-31 19:36:07,PRESENT,ATTENTIVE,attentive Eyes,ATTENTIVE,78.96,103.33,1.7
2026-01-31 19:36:08,PRESENT,ATTENTIVE,attentive Eyes,ATTENTIVE,79.98,103.33,1.7
2026-01-31 19:36:09,PRESENT,ATTENTIVE,attentive Eyes,ATTENTIVE,81.01,103.33,1.7
2026-01-31 19:36:10,PRESENT,ATTENTIVE,attentive Eyes,ATTENTIVE,81.83,103.52,1.7
2026-01-31 19:36:11,PRESENT,DISTRACTED,NOT_CALIBRATED,DISTRACTED,82.02,104.35,1.7
2026-01-31 19:36:12,PRESENT,DISTRACTED,NOT_CALIBRATED,DISTRACTED,82.02,105.37,1.7
2026-01-31 19:36:13,PRESENT,DISTRACTED,NOT_CALIBRATED,DISTRACTED,82.02,106.38,1.7
2026-01-31 19:36:14,PRESENT,DISTRACTED,NOT_CALIBRATED,DISTRACTED,82.02,107.41,1.7
2026-01-31 19:36:15,PRESENT,DISTRACTED,NOT_CALIBRATED,DISTRACTED,82.02,108.43,1.7
2026-01-31 19:36:16,PRESENT,ATTENTIVE,attentive Eyes,ATTENTIVE,82.26,109.23,1.7
2026-01-31 19:36:17,PRESENT,ATTENTIVE,attentive Eyes,ATTENTIVE,83.28,109.23,1.7
2026-01-31 19:36:18,PRESENT,ATTENTIVE,attentive Eyes,ATTENTIVE,84.32,109.23,1.7
2026-01-31 19:36:19,PRESENT,ATTENTIVE,attentive Eyes,ATTENTIVE,85.22,109.36,1.7
2026-01-31 19:36:20,PRESENT,ATTENTIVE,attentive Eyes,ATTENTIVE,85.84,109.76,1.7
2026-01-31 19:36:21,PRESENT,ATTENTIVE,attentive Eyes,ATTENTIVE,86.85,109.76,1.7
2026-01-31 19:36:22,PRESENT,ATTENTIVE,attentive Eyes,ATTENTIVE,87.87,109.76,1.7
2026-01-31 19:36:23,PRESENT,ATTENTIVE,attentive Eyes,ATTENTIVE,88.89,109.76,1.7
2026-01-31 19:36:24,PRESENT,ATTENTIVE,Distracted Eyes,DISTRACTED,89.65,110.02,1.7
2026-01-31 19:36:25,PRESENT,DISTRACTED,NOT_CALIBRATED,DISTRACTED,89.65,111.02,1.7
2026-01-31 19:36:26,PRESENT,DISTRACTED,NOT_CALIBRATED,DISTRACTED,89.65,112.03,1.7
2026-01-31 19:36:27,PRESENT,NO_FACE,NOT_CALIBRATED,DISTRACTED,89.65,113.07,1.7
2026-01-31 19:36:28,PRESENT,NO_FACE,NOT_CALIBRATED,DISTRACTED,89.65,114.1,1.7
2026-01-31 19:36:29,PRESENT,DISTRACTED,NOT_CALIBRATED,DISTRACTED,89.65,115.14,1.7
2026-01-31 19:36:30,PRESENT,DISTRACTED,NOT_CALIBRATED,DISTRACTED,89.65,116.16,1.7
2026-01-31 19:36:31,PRESENT,DISTRACTED,NOT_CALIBRATED,DISTRACTED,89.65,117.18,1.7
2026-01-31 19:36:32,PRESENT,NO_FACE,NOT_CALIBRATED,DISTRACTED,89.75,118.09,1.7
2026-01-31 19:36:33,PRESENT,NO_FACE,NOT_CALIBRATED,DISTRACTED,90.01,118.86,1.7
2026-01-31 19:36:34,PRESENT,ATTENTIVE,attentive Eyes,ATTENTIVE,90.25,119.63,1.7
2026-01-31 19:36:35,PRESENT,NO_FACE,NOT_CALIBRATED,DISTRACTED,90.39,120.5,1.7
2026-01-31 19:36:36,PRESENT,NO_FACE,NOT_CALIBRATED,DISTRACTED,90.39,121.53,1.7
2026-01-31 19:36:37,PRESENT,ATTENTIVE,attentive Eyes,ATTENTIVE,90.64,122.3,1.7
2026-01-31 19:36:38,PRESENT,ATTENTIVE,attentive Eyes,ATTENTIVE,91.66,122.3,1.7
2026-01-31 19:36:39,PRESENT,ATTENTIVE,attentive Eyes,ATTENTIVE,92.68,122.3,1.7
2026-01-31 19:36:40,PRESENT,ATTENTIVE,attentive Eyes,ATTENTIVE,93.69,122.3,1.7
2026-01-31 19:36:41,PRESENT,ATTENTIVE,attentive Eyes,ATTENTIVE,94.71,122.3,1.7
2026-01-31 19:36:42,PRESENT,ATTENTIVE,attentive Eyes,ATTENTIVE,95.75,122.3,1.7
2026-01-31 19:36:43,PRESENT,ATTENTIVE,attentive Eyes,ATTENTIVE,96.71,122.37,1.7
2026-01-31 19:36:44,PRESENT,ATTENTIVE,attentive Eyes,ATTENTIVE,97.73,122.37,1.7
2026-01-31 19:36:45,PRESENT,ATTENTIVE,attentive Eyes,ATTENTIVE,98.74,122.37,1.7
2026-01-31 19:36:47,PRESENT,ATTENTIVE,Distracted Eyes,DISTRACTED,99.57,122.56,1.7
2026-01-31 19:36:48,PRESENT,ATTENTIVE,attentive Eyes,ATTENTIVE,100.19,122.96,1.7
2026-01-31 19:36:49,PRESENT,DISTRACTED,NOT_CALIBRATED,DISTRACTED,100.83,123.33,1.7
2026-01-31 19:36:50,PRESENT,DISTRACTED,NOT_CALIBRATED,DISTRACTED,100.83,124.35,1.7
2026-01-31 19:36:51,PRESENT,DISTRACTED,NOT_CALIBRATED,DISTRACTED,100.83,125.38,1.7
2026-01-31 19:36:52,PRESENT,DISTRACTED,NOT_CALIBRATED,DISTRACTED,100.83,126.38,1.7
2026-01-31 19:36:53,PRESENT,ATTENTIVE,attentive Eyes,ATTENTIVE,101.36,126.88,1.7
2026-01-31 19:36:54,PRESENT,ATTENTIVE,Distracted Eyes,DISTRACTED,102.14,127.11,1.7
2026-01-31 19:36:55,PRESENT,ATTENTIVE,attentive Eyes,ATTENTIVE,102.35,127.93,1.7
2026-01-31 19:36:56,PRESENT,ATTENTIVE,attentive Eyes,ATTENTIVE,103.37,127.93,1.7
2026-01-31 19:36:57,PRESENT,ATTENTIVE,attentive Eyes,ATTENTIVE,104.37,127.93,1.7
2026-01-31 19:36:58,PRESENT,ATTENTIVE,attentive Eyes,ATTENTIVE,105.4,127.93,1.7
2026-01-31 19:36:59,PRESENT,ATTENTIVE,attentive Eyes,ATTENTIVE,106.43,127.93,1.7
2026-01-31 19:37:00,PRESENT,ATTENTIVE,Distracted Eyes,DISTRACTED,107.39,127.99,1.7
2026-01-31 19:37:01,PRESENT,ATTENTIVE,attentive Eyes,ATTENTIVE,108.3,128.09,1.7
2026-01-31 19:37:02,PRESENT,ATTENTIVE,attentive Eyes,ATTENTIVE,109.11,128.31,1.7
2026-01-31 19:37:03,PRESENT,ATTENTIVE,attentive Eyes,ATTENTIVE,110.03,128.39,1.7
2026-01-31 19:37:04,PRESENT,DISTRACTED,NOT_CALIBRATED,DISTRACTED,110.72,128.73,1.7
2026-01-31 19:37:05,PRESENT,DISTRACTED,NOT_CALIBRATED,DISTRACTED,110.72,129.75,1.7
2026-01-31 19:37:06,PRESENT,ATTENTIVE,attentive Eyes,ATTENTIVE,111.18,130.29,1.7
2026-01-31 19:37:07,PRESENT,ATTENTIVE,attentive Eyes,ATTENTIVE,111.63,130.87,1.7
2026-01-31 19:37:08,PRESENT,ATTENTIVE,attentive Eyes,ATTENTIVE,112.64,130.87,1.7
2026-01-31 19:37:09,PRESENT,ATTENTIVE,attentive Eyes,ATTENTIVE,113.66,130.87,1.7
2026-01-31 19:37:10,PRESENT,ATTENTIVE,attentive Eyes,ATTENTIVE,114.68,130.87,1.7
2026-01-31 19:37:11,PRESENT,ATTENTIVE,attentive Eyes,ATTENTIVE,115.71,130.87,1.7
2026-01-31 19:37:12,PRESENT,ATTENTIVE,attentive Eyes,ATTENTIVE,116.72,130.87,1.7
2026-01-31 19:37:13,PRESENT,ATTENTIVE,attentive Eyes,ATTENTIVE,117.76,130.87,1.7
2026-01-31 19:37:14,PRESENT,ATTENTIVE,attentive Eyes,ATTENTIVE,118.79,130.87,1.7
2026-01-31 19:37:15,PRESENT,ATTENTIVE,attentive Eyes,ATTENTIVE,119.81,130.87,1.7
2026-01-31 19:37:16,PRESENT,ATTENTIVE,attentive Eyes,ATTENTIVE,120.82,130.87,1.7
2026-01-31 19:37:17,PRESENT,ATTENTIVE,attentive Eyes,ATTENTIVE,121.84,130.87,1.7
2026-01-31 19:37:18,PRESENT,DISTRACTED,NOT_CALIBRATED,DISTRACTED,122.58,131.15,1.7
2026-01-31 19:37:19,PRESENT,DISTRACTED,NOT_CALIBRATED,DISTRACTED,122.58,132.16,1.7
2026-01-31 19:37:20,PRESENT,DISTRACTED,NOT_CALIBRATED,DISTRACTED,122.58,133.18,1.7
2026-01-31 19:37:21,PRESENT,ATTENTIVE,attentive Eyes,ATTENTIVE,123.12,133.68,1.7
2026-01-31 19:37:22,PRESENT,ATTENTIVE,attentive Eyes,ATTENTIVE,124.14,133.68,1.7
2026-01-31 19:37:23,PRESENT,ATTENTIVE,attentive Eyes,ATTENTIVE,125.17,133.68,1.7
2026-01-31 19:37:24,PRESENT,ATTENTIVE,attentive Eyes,ATTENTIVE,126.18,133.68,1.7
2026-01-31 19:37:25,PRESENT,ATTENTIVE,attentive Eyes,ATTENTIVE,127.2,133.68,1.7
2026-01-31 19:37:26,PRESENT,ATTENTIVE,attentive Eyes,ATTENTIVE,128.22,133.68,1.7
2026-01-31 19:37:27,PRESENT,ATTENTIVE,attentive Eyes,ATTENTIVE,129.23,133.68,1.7
2026-01-31 19:37:28,PRESENT,ATTENTIVE,attentive Eyes,ATTENTIVE,130.26,133.68,1.7
2026-01-31 19:37:29,PRESENT,ATTENTIVE,attentive Eyes,ATTENTIVE,131.28,133.68,1.7
2026-01-31 19:37:30,PRESENT,ATTENTIVE,attentive Eyes,ATTENTIVE,132.29,133.68,1.7
2026-01-31 19:37:31,PRESENT,ATTENTIVE,attentive Eyes,ATTENTIVE,133.31,133.68,1.7
2026-01-31 19:37:32,PRESENT,ATTENTIVE,attentive Eyes,ATTENTIVE,134.32,133.68,1.7
2026-01-31 19:37:33,PRESENT,ATTENTIVE,attentive Eyes,ATTENTIVE,135.33,133.68,1.7
2026-01-31 19:37:34,PRESENT,ATTENTIVE,attentive Eyes,ATTENTIVE,136.34,133.68,1.7
2026-01-31 19:37:35,PRESENT,ATTENTIVE,attentive Eyes,ATTENTIVE,137.36,133.68,1.7
2026-01-31 19:37:36,PRESENT,ATTENTIVE,attentive Eyes,ATTENTIVE,138.37,133.68,1.7
2026-01-31 19:37:37,PRESENT,ATTENTIVE,attentive Eyes,ATTENTIVE,139.4,133.68,1.7
2026-01-31 19:37:38,PRESENT,ATTENTIVE,attentive Eyes,ATTENTIVE,140.4,133.68,1.7
2026-01-31 19:37:39,PRESENT,ATTENTIVE,attentive Eyes,ATTENTIVE,141.43,133.68,1.7
2026-01-31 19:37:41,PRESENT,ATTENTIVE,attentive Eyes,ATTENTIVE,142.45,133.68,1.7
2026-01-31 19:37:42,PRESENT,ATTENTIVE,attentive Eyes,ATTENTIVE,143.46,133.68,1.7
2026-01-31 19:37:43,PRESENT,ATTENTIVE,attentive Eyes,ATTENTIVE,144.49,133.68,1.7
2026-01-31 19:37:44,PRESENT,ATTENTIVE,attentive Eyes,ATTENTIVE,145.52,133.68,1.7
2026-01-31 19:37:45,PRESENT,ATTENTIVE,attentive Eyes,ATTENTIVE,146.54,133.68,1.7
2026-01-31 19:37:46,PRESENT,ATTENTIVE,attentive Eyes,ATTENTIVE,147.58,133.68,1.7
2026-01-31 19:37:47,PRESENT,ATTENTIVE,attentive Eyes,ATTENTIVE,148.6,133.68,1.7
2026-01-31 20:16:41,PRESENT,DISTRACTED,NOT_CALIBRATED,DISTRACTED,0.0,0.33,0.68
2026-01-31 20:16:43,PRESENT,ATTENTIVE,NOT_CALIBRATED,DISTRACTED,0.0,1.77,0.68
2026-01-31 20:16:44,PRESENT,ATTENTIVE,NOT_CALIBRATED,DISTRACTED,0.0,2.77,0.68
2026-01-31 20:16:45,PRESENT,ATTENTIVE,NOT_CALIBRATED,DISTRACTED,0.0,3.84,0.68
2026-01-31 20:16:46,PRESENT,ATTENTIVE,NOT_CALIBRATED,DISTRACTED,0.0,4.89,0.68
2026-01-31 20:16:47,PRESENT,ATTENTIVE,NOT_CALIBRATED,DISTRACTED,0.0,5.91,0.68
2026-01-31 20:16:48,PRESENT,ATTENTIVE,NOT_CALIBRATED,DISTRACTED,0.0,6.91,0.68
2026-01-31 20:16:49,PRESENT,ATTENTIVE,NOT_CALIBRATED,DISTRACTED,0.0,7.96,0.68
2026-01-31 20:16:50,PRESENT,ATTENTIVE,NOT_CALIBRATED,DISTRACTED,0.0,9.02,0.68
2026-01-31 20:16:51,PRESENT,ATTENTIVE,NOT_CALIBRATED,DISTRACTED,0.0,10.04,0.68
2026-01-31 20:16:52,PRESENT,ATTENTIVE,NOT_CALIBRATED,DISTRACTED,0.0,11.06,0.68
2026-01-31 20:16:53,PRESENT,ATTENTIVE,NOT_CALIBRATED,DISTRACTED,0.0,12.06,0.68
2026-01-31 20:16:54,PRESENT,ATTENTIVE,NOT_CALIBRATED,DISTRACTED,0.0,13.09,0.68
2026-01-31 20:16:55,PRESENT,ATTENTIVE,NOT_CALIBRATED,DISTRACTED,0.0,14.1,0.68
2026-01-31 20:16:56,PRESENT,ATTENTIVE,NOT_CALIBRATED,DISTRACTED,0.0,15.14,0.68
2026-01-31 20:16:57,PRESENT,ATTENTIVE,NOT_CALIBRATED,DISTRACTED,0.0,16.19,0.68
2026-01-31 20:16:58,PRESENT,ATTENTIVE,NOT_CALIBRATED,DISTRACTED,0.0,17.2,0.68
2026-01-31 20:16:59,PRESENT,ATTENTIVE,NOT_CALIBRATED,DISTRACTED,0.0,18.22,0.68
2026-01-31 20:17:00,PRESENT,ATTENTIVE,NOT_CALIBRATED,DISTRACTED,0.0,19.25,0.68
2026-01-31 20:17:01,PRESENT,ATTENTIVE,NOT_CALIBRATED,DISTRACTED,0.0,20.32,0.68
2026-01-31 20:17:02,PRESENT,ATTENTIVE,NOT_CALIBRATED,DISTRACTED,0.0,21.33,0.68
2026-01-31 20:17:03,PRESENT,ATTENTIVE,NOT_CALIBRATED,DISTRACTED,0.0,22.33,0.68
2026-01-31 20:17:04,PRESENT,ATTENTIVE,NOT_CALIBRATED,DISTRACTED,0.0,23.36,0.68
2026-01-31 20:17:05,PRESENT,ATTENTIVE,NOT_CALIBRATED,DISTRACTED,0.0,24.37,0.68
2026-01-31 20:17:06,PRESENT,ATTENTIVE,NOT_CALIBRATED,DISTRACTED,0.0,25.42,0.68
2026-01-31 20:17:07,PRESENT,ATTENTIVE,NOT_CALIBRATED,DISTRACTED,0.0,26.42,0.68
2026-01-31 20:17:08,PRESENT,ATTENTIVE,NOT_CALIBRATED,DISTRACTED,0.0,27.44,0.68
2026-01-31 20:17:09,PRESENT,ATTENTIVE,NOT_CALIBRATED,DISTRACTED,0.0,28.45,0.68
2026-01-31 20:17:10,PRESENT,ATTENTIVE,NOT_CALIBRATED,DISTRACTED,0.0,29.46,0.68
2026-01-31 20:17:11,PRESENT,ATTENTIVE,NOT_CALIBRATED,DISTRACTED,0.0,30.49,0.68
2026-01-31 20:17:12,PRESENT,ATTENTIVE,NOT_CALIBRATED,DISTRACTED,0.0,31.52,0.68
2026-01-31 20:17:13,PRESENT,ATTENTIVE,NOT_CALIBRATED,DISTRACTED,0.0,32.57,0.68
2026-01-31 20:20:59,PRESENT,DISTRACTED,NOT_CALIBRATED,DISTRACTED,0.0,0.33,0.7
2026-01-31 20:21:00,PRESENT,ATTENTIVE,NOT_CALIBRATED,DISTRACTED,0.0,1.39,0.7
2026-01-31 20:21:01,PRESENT,ATTENTIVE,NOT_CALIBRATED,DISTRACTED,0.0,2.43,0.7
2026-01-31 20:21:02,PRESENT,ATTENTIVE,NOT_CALIBRATED,DISTRACTED,0.0,3.49,0.7
2026-01-31 20:21:03,PRESENT,ATTENTIVE,NOT_CALIBRATED,DISTRACTED,0.0,4.49,0.7
2026-01-31 20:21:04,PRESENT,ATTENTIVE,NOT_CALIBRATED,DISTRACTED,0.0,5.53,0.7
2026-01-31 20:21:06,PRESENT,ATTENTIVE,NOT_CALIBRATED,DISTRACTED,0.0,7.65,0.7
2026-01-31 20:21:08,PRESENT,ATTENTIVE,NOT_CALIBRATED,DISTRACTED,0.0,8.7,0.7
2026-01-31 20:21:09,PRESENT,ATTENTIVE,attentive Eyes,ATTENTIVE,1.02,8.7,0.7
2026-01-31 20:21:10,PRESENT,ATTENTIVE,attentive Eyes,ATTENTIVE,2.05,8.7,0.7
2026-01-31 20:21:11,PRESENT,ATTENTIVE,attentive Eyes,ATTENTIVE,3.07,8.7,0.7
2026-01-31 20:21:12,PRESENT,ATTENTIVE,attentive Eyes,ATTENTIVE,4.08,8.7,0.7
2026-01-31 20:21:13,PRESENT,ATTENTIVE,attentive Eyes,ATTENTIVE,5.1,8.7,0.7
2026-01-31 20:21:14,PRESENT,ATTENTIVE,attentive Eyes,ATTENTIVE,6.13,8.7,0.7
2026-01-31 20:21:15,PRESENT,ATTENTIVE,attentive Eyes,ATTENTIVE,7.15,8.7,0.7
2026-01-31 20:21:16,PRESENT,ATTENTIVE,attentive Eyes,ATTENTIVE,8.16,8.7,0.7
2026-01-31 20:21:17,PRESENT,ATTENTIVE,attentive Eyes,ATTENTIVE,9.17,8.7,0.7
2026-01-31 20:21:18,PRESENT,ATTENTIVE,attentive Eyes,ATTENTIVE,10.2,8.7,0.7
2026-01-31 20:21:19,PRESENT,ATTENTIVE,attentive Eyes,ATTENTIVE,11.21,8.7,0.7
2026-01-31 20:21:20,PRESENT,ATTENTIVE,attentive Eyes,ATTENTIVE,12.22,8.7,0.7
2026-01-31 20:21:21,PRESENT,ATTENTIVE,attentive Eyes,ATTENTIVE,13.25,8.7,0.7
2026-01-31 20:21:22,PRESENT,ATTENTIVE,attentive Eyes,ATTENTIVE,14.26,8.7,0.7
2026-01-31 20:21:23,PRESENT,ATTENTIVE,attentive Eyes,ATTENTIVE,15.28,8.7,0.7
2026-01-31 20:21:24,PRESENT,ATTENTIVE,attentive Eyes,ATTENTIVE,16.28,8.7,0.7
2026-01-31 20:21:25,PRESENT,ATTENTIVE,attentive Eyes,ATTENTIVE,17.3,8.7,0.7
2026-01-31 20:21:26,PRESENT,ATTENTIVE,attentive Eyes,ATTENTIVE,18.31,8.7,0.7
2026-01-31 20:21:27,PRESENT,ATTENTIVE,attentive Eyes,ATTENTIVE,19.33,8.7,0.7
2026-01-31 20:21:28,PRESENT,ATTENTIVE,attentive Eyes,ATTENTIVE,20.35,8.7,0.7
2026-01-31 20:21:29,PRESENT,ATTENTIVE,attentive Eyes,ATTENTIVE,21.36,8.7,0.7
2026-01-31 20:21:30,PRESENT,ATTENTIVE,attentive Eyes,ATTENTIVE,22.38,8.7,0.7
2026-01-31 20:21:31,PRESENT,ATTENTIVE,attentive Eyes,ATTENTIVE,23.42,8.7,0.7
2026-01-31 20:21:32,PRESENT,ATTENTIVE,attentive Eyes,ATTENTIVE,24.45,8.7,0.7
2026-01-31 20:21:33,PRESENT,ATTENTIVE,attentive Eyes,ATTENTIVE,25.47,8.7,0.7
2026-01-31 20:21:34,PRESENT,ATTENTIVE,attentive Eyes,ATTENTIVE,26.48,8.7,0.7
2026-01-31 20:21:35,PRESENT,ATTENTIVE,attentive Eyes,ATTENTIVE,27.49,8.7,0.7
2026-01-31 20:21:36,PRESENT,ATTENTIVE,attentive Eyes,ATTENTIVE,28.49,8.7,0.7
2026-01-31 20:21:37,PRESENT,ATTENTIVE,attentive Eyes,ATTENTIVE,29.51,8.7,0.7
2026-01-31 20:21:38,PRESENT,ATTENTIVE,attentive Eyes,ATTENTIVE,30.53,8.7,0.7
2026-01-31 20:21:39,PRESENT,ATTENTIVE,attentive Eyes,ATTENTIVE,31.55,8.7,0.7
2026-01-31 20:21:40,PRESENT,ATTENTIVE,attentive Eyes,ATTENTIVE,32.56,8.7,0.7
2026-01-31 20:21:41,PRESENT,ATTENTIVE,attentive Eyes,ATTENTIVE,33.44,8.83,0.7
2026-01-31 20:21:42,PRESENT,ATTENTIVE,attentive Eyes,ATTENTIVE,34.46,8.83,0.7
2026-01-31 20:21:43,PRESENT,ATTENTIVE,attentive Eyes,ATTENTIVE,35.49,8.83,0.7
2026-01-31 20:21:44,PRESENT,ATTENTIVE,attentive Eyes,ATTENTIVE,36.49,8.83,0.7
2026-01-31 20:21:45,PRESENT,ATTENTIVE,attentive Eyes,ATTENTIVE,37.5,8.83,0.7
2026-01-31 20:21:46,PRESENT,ATTENTIVE,attentive Eyes,ATTENTIVE,38.52,8.83,0.7
2026-01-31 20:21:47,PRESENT,ATTENTIVE,attentive Eyes,ATTENTIVE,39.54,8.83,0.7
2026-01-31 20:21:48,PRESENT,ATTENTIVE,attentive Eyes,ATTENTIVE,40.57,8.83,0.7
2026-01-31 20:21:49,PRESENT,ATTENTIVE,attentive Eyes,ATTENTIVE,41.6,8.83,0.7
2026-01-31 20:21:50,PRESENT,ATTENTIVE,attentive Eyes,ATTENTIVE,42.1,9.35,0.7
2026-01-31 20:21:51,PRESENT,ATTENTIVE,attentive Eyes,ATTENTIVE,43.01,9.45,0.7
2026-01-31 20:21:52,PRESENT,ATTENTIVE,attentive Eyes,ATTENTIVE,44.04,9.45,0.7
2026-01-31 20:21:53,PRESENT,ATTENTIVE,attentive Eyes,ATTENTIVE,45.06,9.45,0.7
2026-01-31 20:21:54,PRESENT,ATTENTIVE,attentive Eyes,ATTENTIVE,46.07,9.45,0.7
2026-01-31 20:21:55,PRESENT,ATTENTIVE,attentive Eyes,ATTENTIVE,47.09,9.45,0.7
2026-01-31 20:21:56,PRESENT,ATTENTIVE,attentive Eyes,ATTENTIVE,48.15,9.45,0.7
2026-01-31 20:21:57,PRESENT,ATTENTIVE,attentive Eyes,ATTENTIVE,49.17,9.45,0.7
2026-01-31 20:21:58,PRESENT,ATTENTIVE,attentive Eyes,ATTENTIVE,50.18,9.45,0.7
2026-01-31 20:21:59,PRESENT,ATTENTIVE,attentive Eyes,ATTENTIVE,51.2,9.45,0.7
2026-01-31 20:22:01,PRESENT,ATTENTIVE,attentive Eyes,ATTENTIVE,52.21,9.45,0.7
2026-01-31 20:22:02,PRESENT,ATTENTIVE,attentive Eyes,ATTENTIVE,53.23,9.45,0.7
2026-01-31 20:22:03,PRESENT,ATTENTIVE,attentive Eyes,ATTENTIVE,54.21,9.48,0.7
2026-01-31 20:22:04,PRESENT,ATTENTIVE,attentive Eyes,ATTENTIVE,55.21,9.48,0.7
2026-01-31 20:22:05,PRESENT,ATTENTIVE,attentive Eyes,ATTENTIVE,56.23,9.48,0.7
2026-01-31 20:22:06,PRESENT,ATTENTIVE,attentive Eyes,ATTENTIVE,57.23,9.48,0.7
2026-01-31 20:22:07,PRESENT,ATTENTIVE,attentive Eyes,ATTENTIVE,58.26,9.48,0.7
2026-01-31 20:22:08,PRESENT,ATTENTIVE,attentive Eyes,ATTENTIVE,59.3,9.48,0.7
2026-01-31 20:46:09,PRESENT,DISTRACTED,NOT_CALIBRATED,DISTRACTED,0.0,0.34,0.69
2026-01-31 20:46:10,PRESENT,ATTENTIVE,NOT_CALIBRATED,DISTRACTED,0.0,1.35,0.69
2026-01-31 20:46:11,PRESENT,ATTENTIVE,NOT_CALIBRATED,DISTRACTED,0.0,2.35,0.69
2026-01-31 20:46:12,PRESENT,ATTENTIVE,NOT_CALIBRATED,DISTRACTED,0.0,3.42,0.69
2026-01-31 20:46:13,PRESENT,ATTENTIVE,NOT_CALIBRATED,DISTRACTED,0.0,4.43,0.69
2026-01-31 20:46:14,PRESENT,ATTENTIVE,attentive Eyes,ATTENTIVE,0.6,4.85,0.69
2026-01-31 20:46:15,PRESENT,ATTENTIVE,attentive Eyes,ATTENTIVE,1.61,4.85,0.69
2026-01-31 20:46:16,PRESENT,ATTENTIVE,attentive Eyes,ATTENTIVE,2.64,4.85,0.69
2026-01-31 20:46:17,PRESENT,ATTENTIVE,attentive Eyes,ATTENTIVE,3.65,4.85,0.69
2026-01-31 20:46:18,PRESENT,ATTENTIVE,attentive Eyes,ATTENTIVE,4.67,4.85,0.69
2026-01-31 20:46:19,PRESENT,ATTENTIVE,attentive Eyes,ATTENTIVE,5.68,4.85,0.69
2026-01-31 20:46:20,PRESENT,ATTENTIVE,attentive Eyes,ATTENTIVE,6.7,4.85,0.69
2026-01-31 20:46:21,PRESENT,ATTENTIVE,attentive Eyes,ATTENTIVE,7.73,4.85,0.69
2026-01-31 20:46:22,PRESENT,ATTENTIVE,attentive Eyes,ATTENTIVE,8.76,4.85,0.69
2026-01-31 20:46:23,PRESENT,ATTENTIVE,attentive Eyes,ATTENTIVE,9.79,4.85,0.69
2026-01-31 20:46:24,PRESENT,ATTENTIVE,attentive Eyes,ATTENTIVE,10.82,4.85,0.69
2026-01-31 20:46:25,PRESENT,NO_FACE,NOT_CALIBRATED,DISTRACTED,11.46,5.22,0.69
2026-01-31 20:46:26,PRESENT,ATTENTIVE,attentive Eyes,ATTENTIVE,12.4,5.3,0.69
2026-01-31 20:46:27,PRESENT,ATTENTIVE,attentive Eyes,ATTENTIVE,13.43,5.3,0.69
2026-01-31 20:46:29,PRESENT,ATTENTIVE,attentive Eyes,ATTENTIVE,14.46,5.3,0.69
2026-01-31 20:46:30,PRESENT,ATTENTIVE,attentive Eyes,ATTENTIVE,15.48,5.3,0.69
2026-01-31 20:46:31,PRESENT,ATTENTIVE,attentive Eyes,ATTENTIVE,16.49,5.3,0.69
2026-01-31 20:46:32,PRESENT,ATTENTIVE,attentive Eyes,ATTENTIVE,17.51,5.3,0.69
2026-01-31 20:46:33,PRESENT,ATTENTIVE,attentive Eyes,ATTENTIVE,18.53,5.3,0.69
2026-01-31 20:46:34,PRESENT,ATTENTIVE,attentive Eyes,ATTENTIVE,19.55,5.3,0.69
2026-01-31 20:46:35,PRESENT,ATTENTIVE,attentive Eyes,ATTENTIVE,20.55,5.3,0.69
2026-01-31 20:46:36,PRESENT,ATTENTIVE,attentive Eyes,ATTENTIVE,21.56,5.3,0.69
2026-01-31 20:46:37,PRESENT,ATTENTIVE,attentive Eyes,ATTENTIVE,22.58,5.3,0.69
2026-01-31 20:46:38,PRESENT,ATTENTIVE,attentive Eyes,ATTENTIVE,23.59,5.3,0.69
2026-01-31 20:46:39,PRESENT,ATTENTIVE,attentive Eyes,ATTENTIVE,24.61,5.3,0.69
2026-01-31 20:46:40,PRESENT,ATTENTIVE,attentive Eyes,ATTENTIVE,25.63,5.3,0.69
2026-01-31 20:46:41,PRESENT,ATTENTIVE,attentive Eyes,ATTENTIVE,26.65,5.3,0.69
2026-01-31 20:46:42,PRESENT,ATTENTIVE,attentive Eyes,ATTENTIVE,27.65,5.34,0.69
2026-01-31 20:46:43,PRESENT,ATTENTIVE,attentive Eyes,ATTENTIVE,28.68,5.34,0.69
2026-01-31 20:46:44,PRESENT,ATTENTIVE,attentive Eyes,ATTENTIVE,29.7,5.34,0.69
2026-01-31 20:46:45,PRESENT,ATTENTIVE,attentive Eyes,ATTENTIVE,30.71,5.34,0.69
2026-01-31 20:46:46,PRESENT,ATTENTIVE,attentive Eyes,ATTENTIVE,31.74,5.34,0.69
2026-01-31 20:46:47,PRESENT,ATTENTIVE,attentive Eyes,ATTENTIVE,32.76,5.34,0.69
2026-01-31 20:46:48,PRESENT,ATTENTIVE,attentive Eyes,ATTENTIVE,33.35,5.76,0.69
2026-01-31 20:46:49,PRESENT,ATTENTIVE,attentive Eyes,ATTENTIVE,34.37,5.76,0.69
2026-01-31 20:46:50,PRESENT,ATTENTIVE,attentive Eyes,ATTENTIVE,35.37,5.76,0.69
2026-01-31 20:46:51,PRESENT,ATTENTIVE,attentive Eyes,ATTENTIVE,36.4,5.76,0.69
2026-01-31 20:46:52,PRESENT,ATTENTIVE,attentive Eyes,ATTENTIVE,37.43,5.76,0.69
2026-01-31 20:46:53,PRESENT,ATTENTIVE,attentive Eyes,ATTENTIVE,38.43,5.76,0.69
2026-01-31 20:46:54,PRESENT,ATTENTIVE,attentive Eyes,ATTENTIVE,39.43,5.76,0.69
2026-01-31 20:46:55,PRESENT,ATTENTIVE,attentive Eyes,ATTENTIVE,40.45,5.76,0.69
2026-01-31 20:46:56,PRESENT,ATTENTIVE,attentive Eyes,ATTENTIVE,41.49,5.76,0.69
2026-01-31 20:46:57,PRESENT,ATTENTIVE,attentive Eyes,ATTENTIVE,42.51,5.76,0.69
2026-01-31 20:46:58,PRESENT,ATTENTIVE,attentive Eyes,ATTENTIVE,43.51,5.76,0.69
2026-01-31 20:46:59,PRESENT,ATTENTIVE,attentive Eyes,ATTENTIVE,44.52,5.76,0.69
2026-01-31 20:47:00,PRESENT,ATTENTIVE,attentive Eyes,ATTENTIVE,45.53,5.76,0.69
2026-01-31 20:47:01,PRESENT,ATTENTIVE,attentive Eyes,ATTENTIVE,46.53,5.76,0.69
2026-01-31 20:47:02,PRESENT,ATTENTIVE,attentive Eyes,ATTENTIVE,47.57,5.76,0.69
2026-01-31 20:47:03,PRESENT,ATTENTIVE,attentive Eyes,ATTENTIVE,48.59,5.76,0.69
2026-01-31 20:47:04,PRESENT,ATTENTIVE,attentive Eyes,ATTENTIVE,49.62,5.76,0.69
2026-01-31 20:47:05,PRESENT,ATTENTIVE,attentive Eyes,ATTENTIVE,50.63,5.76,0.69
2026-01-31 20:47:06,PRESENT,ATTENTIVE,attentive Eyes,ATTENTIVE,51.65,5.76,0.69
2026-01-31 20:47:07,PRESENT,ATTENTIVE,attentive Eyes,ATTENTIVE,52.67,5.76,0.69
2026-01-31 20:47:08,PRESENT,ATTENTIVE,attentive Eyes,ATTENTIVE,53.7,5.76,0.69
2026-01-31 20:47:09,PRESENT,ATTENTIVE,attentive Eyes,ATTENTIVE,54.7,5.76,0.69
2026-01-31 20:47:10,PRESENT,ATTENTIVE,attentive Eyes,ATTENTIVE,55.74,5.76,0.69
2026-01-31 20:47:11,PRESENT,ATTENTIVE,attentive Eyes,ATTENTIVE,56.77,5.76,0.69
2026-01-31 20:47:12,PRESENT,ATTENTIVE,attentive Eyes,ATTENTIVE,57.8,5.76,0.69
2026-01-31 20:47:13,PRESENT,ATTENTIVE,attentive Eyes,ATTENTIVE,58.83,5.76,0.69
2026-01-31 20:47:14,PRESENT,ATTENTIVE,attentive Eyes,ATTENTIVE,59.86,5.76,0.69
2026-01-31 20:47:15,PRESENT,ATTENTIVE,attentive Eyes,ATTENTIVE,60.88,5.76,0.69
2026-01-31 20:47:16,PRESENT,ATTENTIVE,attentive Eyes,ATTENTIVE,61.9,5.76,0.69
2026-01-31 20:47:17,PRESENT,ATTENTIVE,attentive Eyes,ATTENTIVE,62.93,5.76,0.69
2026-01-31 20:47:18,PRESENT,ATTENTIVE,attentive Eyes,ATTENTIVE,63.91,5.79,0.69
2026-01-31 20:47:19,PRESENT,NO_FACE,NOT_CALIBRATED,DISTRACTED,64.74,5.99,0.69
2026-01-31 20:47:20,PRESENT,NO_FACE,NOT_CALIBRATED,DISTRACTED,64.74,6.99,0.69
2026-01-31 20:47:22,PRESENT,ATTENTIVE,attentive Eyes,ATTENTIVE,64.93,7.83,0.69
2026-01-31 20:47:23,PRESENT,NO_FACE,NOT_CALIBRATED,DISTRACTED,65.08,8.68,0.69
2026-01-31 20:47:24,PRESENT,ATTENTIVE,attentive Eyes,ATTENTIVE,65.93,8.84,0.69
2026-01-31 20:47:25,PRESENT,ATTENTIVE,attentive Eyes,ATTENTIVE,66.94,8.84,0.69
2026-01-31 20:47:26,PRESENT,ATTENTIVE,attentive Eyes,ATTENTIVE,67.95,8.84,0.69
2026-01-31 20:47:27,PRESENT,ATTENTIVE,attentive Eyes,ATTENTIVE,68.96,8.84,0.69
2026-01-31 20:47:28,PRESENT,ATTENTIVE,attentive Eyes,ATTENTIVE,69.99,8.84,0.69
2026-01-31 20:47:29,PRESENT,ATTENTIVE,attentive Eyes,ATTENTIVE,71.02,8.84,0.69
2026-01-31 20:47:30,PRESENT,ATTENTIVE,attentive Eyes,ATTENTIVE,72.02,8.84,0.69
2026-01-31 20:47:31,PRESENT,ATTENTIVE,attentive Eyes,ATTENTIVE,73.06,8.84,0.69
2026-01-31 20:47:32,PRESENT,ATTENTIVE,attentive Eyes,ATTENTIVE,74.09,8.84,0.69
2026-01-31 20:47:33,PRESENT,ATTENTIVE,attentive Eyes,ATTENTIVE,74.99,8.97,0.69
2026-01-31 20:47:34,PRESENT,ATTENTIVE,attentive Eyes,ATTENTIVE,75.99,8.97,0.69
2026-01-31 20:47:35,PRESENT,NO_FACE,NOT_CALIBRATED,DISTRACTED,76.78,9.2,0.69
2026-01-31 20:47:36,PRESENT,ATTENTIVE,attentive Eyes,ATTENTIVE,77.59,9.43,0.69
2026-01-31 20:47:37,PRESENT,NO_FACE,NOT_CALIBRATED,DISTRACTED,78.4,9.64,0.69
2026-01-31 20:47:38,PRESENT,ATTENTIVE,attentive Eyes,ATTENTIVE,78.99,10.07,0.69
2026-01-31 20:47:39,PRESENT,ATTENTIVE,attentive Eyes,ATTENTIVE,80.0,10.07,0.69
2026-01-31 20:47:40,PRESENT,NO_FACE,NOT_CALIBRATED,DISTRACTED,80.86,10.24,0.69
2026-01-31 20:47:41,PRESENT,NO_FACE,NOT_CALIBRATED,DISTRACTED,81.25,10.88,0.69
2026-01-31 20:47:42,PRESENT,ATTENTIVE,attentive Eyes,ATTENTIVE,81.87,11.28,0.69
2026-01-31 20:47:43,PRESENT,ATTENTIVE,attentive Eyes,ATTENTIVE,82.87,11.28,0.69
2026-01-31 20:47:44,PRESENT,ATTENTIVE,attentive Eyes,ATTENTIVE,83.9,11.28,0.69
2026-01-31 20:47:45,PRESENT,ATTENTIVE,attentive Eyes,ATTENTIVE,84.93,11.28,0.69
2026-01-31 20:47:46,PRESENT,ATTENTIVE,attentive Eyes,ATTENTIVE,85.94,11.28,0.69
2026-01-31 20:47:47,PRESENT,ATTENTIVE,attentive Eyes,ATTENTIVE,86.97,11.28,0.69
2026-01-31 20:49:37,PRESENT,DISTRACTED,NOT_CALIBRATED,DISTRACTED,0.0,0.39,0.66
2026-01-31 20:49:38,PRESENT,ATTENTIVE,NOT_CALIBRATED,DISTRACTED,0.0,1.44,0.66
2026-01-31 20:49:39,PRESENT,ATTENTIVE,NOT_CALIBRATED,DISTRACTED,0.0,2.48,0.66
2026-01-31 20:49:41,PRESENT,ATTENTIVE,NOT_CALIBRATED,DISTRACTED,0.0,3.53,0.66
2026-01-31 20:49:42,PRESENT,ATTENTIVE,NOT_CALIBRATED,DISTRACTED,0.0,4.54,0.66
2026-01-31 20:49:43,PRESENT,ATTENTIVE,NOT_CALIBRATED,DISTRACTED,0.0,5.56,0.66
2026-01-31 20:49:44,PRESENT,ATTENTIVE,NOT_CALIBRATED,DISTRACTED,0.0,6.59,0.66
2026-01-31 20:49:45,PRESENT,ATTENTIVE,NOT_CALIBRATED,DISTRACTED,0.0,8.19,0.66
2026-01-31 20:49:47,PRESENT,ATTENTIVE,NOT_CALIBRATED,DISTRACTED,0.0,10.21,0.66
2026-01-31 20:49:48,PRESENT,ATTENTIVE,attentive Eyes,ATTENTIVE,0.28,10.97,0.66
2026-01-31 20:49:49,PRESENT,ATTENTIVE,attentive Eyes,ATTENTIVE,1.31,10.97,0.66
2026-01-31 20:49:50,PRESENT,ATTENTIVE,attentive Eyes,ATTENTIVE,2.31,10.97,0.66
2026-01-31 20:49:51,PRESENT,ATTENTIVE,attentive Eyes,ATTENTIVE,3.35,10.97,0.66
2026-01-31 20:49:52,PRESENT,ATTENTIVE,attentive Eyes,ATTENTIVE,4.37,10.97,0.66
2026-01-31 20:49:53,PRESENT,ATTENTIVE,attentive Eyes,ATTENTIVE,5.37,10.97,0.66
2026-01-31 20:49:54,PRESENT,ATTENTIVE,attentive Eyes,ATTENTIVE,6.39,10.97,0.66
2026-01-31 20:49:55,PRESENT,ATTENTIVE,attentive Eyes,ATTENTIVE,7.43,10.97,0.66
2026-01-31 20:49:56,PRESENT,ATTENTIVE,attentive Eyes,ATTENTIVE,8.45,10.97,0.66
2026-01-31 20:49:57,PRESENT,ATTENTIVE,attentive Eyes,ATTENTIVE,9.45,10.97,0.66
2026-01-31 20:49:58,PRESENT,NO_FACE,NOT_CALIBRATED,DISTRACTED,9.65,11.8,0.66
2026-01-31 20:49:59,PRESENT,NO_FACE,NOT_CALIBRATED,DISTRACTED,9.68,12.8,0.66
2026-01-31 20:50:00,PRESENT,ATTENTIVE,attentive Eyes,ATTENTIVE,10.32,13.19,0.66
2026-01-31 20:50:02,PRESENT,ATTENTIVE,attentive Eyes,ATTENTIVE,11.35,13.19,0.66
2026-01-31 20:50:03,PRESENT,ATTENTIVE,attentive Eyes,ATTENTIVE,12.36,13.19,0.66
2026-01-31 20:50:04,PRESENT,ATTENTIVE,attentive Eyes,ATTENTIVE,13.38,13.19,0.66
2026-01-31 20:50:05,PRESENT,ATTENTIVE,attentive Eyes,ATTENTIVE,14.41,13.19,0.66
2026-01-31 20:50:06,PRESENT,ATTENTIVE,attentive Eyes,ATTENTIVE,15.42,13.19,0.66
2026-01-31 20:50:07,PRESENT,ATTENTIVE,attentive Eyes,ATTENTIVE,16.44,13.19,0.66
2026-01-31 20:50:08,PRESENT,ATTENTIVE,attentive Eyes,ATTENTIVE,17.44,13.19,0.66
2026-01-31 20:50:09,PRESENT,ATTENTIVE,attentive Eyes,ATTENTIVE,18.47,13.19,0.66
2026-01-31 20:50:10,PRESENT,ATTENTIVE,attentive Eyes,ATTENTIVE,19.5,13.19,0.66
2026-01-31 20:50:11,PRESENT,ATTENTIVE,attentive Eyes,ATTENTIVE,20.53,13.19,0.66
2026-01-31 20:50:12,PRESENT,ATTENTIVE,attentive Eyes,ATTENTIVE,21.56,13.19,0.66
2026-01-31 20:50:13,PRESENT,ATTENTIVE,attentive Eyes,ATTENTIVE,22.59,13.19,0.66
2026-01-31 20:50:14,PRESENT,ATTENTIVE,attentive Eyes,ATTENTIVE,23.62,13.19,0.66
2026-01-31 20:50:15,PRESENT,ATTENTIVE,attentive Eyes,ATTENTIVE,24.65,13.19,0.66
2026-01-31 20:50:16,PRESENT,ATTENTIVE,attentive Eyes,ATTENTIVE,25.68,13.19,0.66
2026-01-31 20:50:17,PRESENT,ATTENTIVE,attentive Eyes,ATTENTIVE,26.71,13.19,0.66
2026-01-31 20:50:18,PRESENT,ATTENTIVE,attentive Eyes,ATTENTIVE,27.74,13.19,0.66
2026-01-31 20:50:19,PRESENT,ATTENTIVE,attentive Eyes,ATTENTIVE,28.77,13.19,0.66
2026-01-31 20:50:20,PRESENT,ATTENTIVE,attentive Eyes,ATTENTIVE,29.77,13.19,0.66
2026-01-31 20:50:21,PRESENT,ATTENTIVE,attentive Eyes,ATTENTIVE,30.79,13.19,0.66
2026-01-31 20:50:22,PRESENT,NO_FACE,NOT_CALIBRATED,DISTRACTED,31.07,13.92,0.66
2026-01-31 20:50:23,PRESENT,ATTENTIVE,attentive Eyes,ATTENTIVE,31.63,14.38,0.66
2026-01-31 20:50:24,PRESENT,NO_FACE,NOT_CALIBRATED,DISTRACTED,31.96,15.09,0.66
2026-01-31 20:50:25,PRESENT,ATTENTIVE,attentive Eyes,ATTENTIVE,32.87,15.21,0.66
2026-01-31 20:50:26,PRESENT,ATTENTIVE,attentive Eyes,ATTENTIVE,33.89,15.21,0.66
2026-01-31 20:50:27,PRESENT,NO_FACE,NOT_CALIBRATED,DISTRACTED,34.46,15.66,0.66
2026-01-31 20:50:28,PRESENT,NO_FACE,NOT_CALIBRATED,DISTRACTED,34.46,16.67,0.66
2026-01-31 20:50:29,PRESENT,ATTENTIVE,attentive Eyes,ATTENTIVE,35.03,17.1,0.66
2026-01-31 20:50:30,PRESENT,NO_FACE,NOT_CALIBRATED,DISTRACTED,35.98,17.17,0.66
2026-01-31 20:50:31,PRESENT,ATTENTIVE,attentive Eyes,ATTENTIVE,36.99,17.17,0.66
2026-01-31 20:50:32,PRESENT,ATTENTIVE,attentive Eyes,ATTENTIVE,37.74,17.46,0.66
2026-01-31 20:50:33,PRESENT,ATTENTIVE,attentive Eyes,ATTENTIVE,38.28,17.91,0.66
2026-01-31 20:50:34,PRESENT,ATTENTIVE,attentive Eyes,ATTENTIVE,39.3,17.91,0.66
2026-01-31 20:50:35,PRESENT,ATTENTIVE,attentive Eyes,ATTENTIVE,40.3,17.91,0.66
2026-01-31 20:50:36,PRESENT,ATTENTIVE,attentive Eyes,ATTENTIVE,41.33,17.91,0.66
2026-01-31 20:50:37,PRESENT,ATTENTIVE,attentive Eyes,ATTENTIVE,42.35,17.91,0.66
2026-01-31 20:50:38,PRESENT,ATTENTIVE,attentive Eyes,ATTENTIVE,43.36,17.91,0.66
2026-01-31 20:50:39,PRESENT,ATTENTIVE,attentive Eyes,ATTENTIVE,44.37,17.91,0.66
2026-01-31 20:50:40,PRESENT,ATTENTIVE,attentive Eyes,ATTENTIVE,45.37,17.91,0.66
2026-01-31 20:50:41,PRESENT,ATTENTIVE,attentive Eyes,ATTENTIVE,46.34,17.96,0.66
2026-01-31 20:50:42,PRESENT,ATTENTIVE,attentive Eyes,ATTENTIVE,47.36,17.96,0.66
2026-01-31 20:50:43,PRESENT,ATTENTIVE,attentive Eyes,ATTENTIVE,48.39,17.96,0.66
2026-01-31 20:50:44,PRESENT,ATTENTIVE,attentive Eyes,ATTENTIVE,49.37,17.99,0.66
2026-01-31 20:50:45,PRESENT,ATTENTIVE,attentive Eyes,ATTENTIVE,50.39,17.99,0.66
2026-01-31 20:50:46,PRESENT,ATTENTIVE,attentive Eyes,ATTENTIVE,51.38,18.03,0.66
2026-01-31 20:50:47,PRESENT,ATTENTIVE,attentive Eyes,ATTENTIVE,52.35,18.07,0.66
2026-01-31 20:50:48,PRESENT,ATTENTIVE,attentive Eyes,ATTENTIVE,53.37,18.07,0.66
2026-01-31 20:50:49,PRESENT,ATTENTIVE,attentive Eyes,ATTENTIVE,54.38,18.07,0.66
2026-01-31 20:50:50,PRESENT,ATTENTIVE,attentive Eyes,ATTENTIVE,55.4,18.07,0.66
2026-01-31 20:50:51,PRESENT,ATTENTIVE,attentive Eyes,ATTENTIVE,56.42,18.07,0.66
2026-01-31 20:50:52,PRESENT,ATTENTIVE,attentive Eyes,ATTENTIVE,57.42,18.07,0.66
2026-01-31 20:50:53,PRESENT,ATTENTIVE,attentive Eyes,ATTENTIVE,58.43,18.07,0.66
2026-01-31 20:50:54,PRESENT,ATTENTIVE,attentive Eyes,ATTENTIVE,59.44,18.07,0.66
2026-01-31 20:50:56,PRESENT,ATTENTIVE,attentive Eyes,ATTENTIVE,60.46,18.07,0.66
2026-01-31 20:50:57,PRESENT,ATTENTIVE,attentive Eyes,ATTENTIVE,61.48,18.07,0.66
2026-01-31 20:50:58,PRESENT,ATTENTIVE,attentive Eyes,ATTENTIVE,62.46,18.1,0.66
2026-01-31 20:50:59,PRESENT,ATTENTIVE,attentive Eyes,ATTENTIVE,63.48,18.1,0.66
2026-01-31 20:51:00,PRESENT,ATTENTIVE,attentive Eyes,ATTENTIVE,64.51,18.1,0.66
2026-01-31 20:51:01,PRESENT,ATTENTIVE,attentive Eyes,ATTENTIVE,65.51,18.1,0.66
2026-01-31 20:51:02,PRESENT,ATTENTIVE,attentive Eyes,ATTENTIVE,66.35,18.29,0.66
2026-01-31 20:51:03,PRESENT,ATTENTIVE,attentive Eyes,ATTENTIVE,67.37,18.29,0.66
2026-01-31 20:51:04,PRESENT,ATTENTIVE,attentive Eyes,ATTENTIVE,68.37,18.29,0.66
2026-01-31 20:51:05,PRESENT,ATTENTIVE,attentive Eyes,ATTENTIVE,69.37,18.29,0.66
2026-01-31 20:51:06,PRESENT,ATTENTIVE,attentive Eyes,ATTENTIVE,70.39,18.29,0.66
2026-01-31 20:51:07,PRESENT,ATTENTIVE,attentive Eyes,ATTENTIVE,71.4,18.29,0.66
2026-01-31 20:51:08,PRESENT,ATTENTIVE,attentive Eyes,ATTENTIVE,72.4,18.32,0.66
2026-01-31 20:51:09,PRESENT,ATTENTIVE,attentive Eyes,ATTENTIVE,73.42,18.32,0.66
2026-01-31 20:51:10,PRESENT,ATTENTIVE,attentive Eyes,ATTENTIVE,74.43,18.32,0.66
2026-01-31 20:51:11,PRESENT,ATTENTIVE,attentive Eyes,ATTENTIVE,75.45,18.32,0.66
2026-01-31 20:51:12,PRESENT,ATTENTIVE,attentive Eyes,ATTENTIVE,76.49,18.32,0.66
2026-01-31 20:51:13,PRESENT,ATTENTIVE,attentive Eyes,ATTENTIVE,77.51,18.32,0.66
2026-01-31 20:51:14,PRESENT,ATTENTIVE,attentive Eyes,ATTENTIVE,78.54,18.32,0.66
2026-01-31 20:51:15,PRESENT,ATTENTIVE,attentive Eyes,ATTENTIVE,79.56,18.32,0.66
2026-01-31 20:51:16,PRESENT,ATTENTIVE,attentive Eyes,ATTENTIVE,80.57,18.32,0.66
2026-01-31 20:51:17,PRESENT,ATTENTIVE,attentive Eyes,ATTENTIVE,81.6,18.32,0.66
2026-01-31 20:51:18,PRESENT,ATTENTIVE,attentive Eyes,ATTENTIVE,82.6,18.32,0.66
2026-01-31 20:51:19,PRESENT,ATTENTIVE,attentive Eyes,ATTENTIVE,83.63,18.32,0.66
2026-01-31 20:51:20,PRESENT,ATTENTIVE,attentive Eyes,ATTENTIVE,84.64,18.32,0.66
2026-02-01 14:53:03,PRESENT,DISTRACTED,NOT_CALIBRATED,DISTRACTED,0.0,0.39,0.64
2026-02-01 14:53:04,PRESENT,DISTRACTED,NOT_CALIBRATED,DISTRACTED,0.0,1.45,0.64
2026-02-01 14:53:05,PRESENT,DISTRACTED,NOT_CALIBRATED,DISTRACTED,0.0,2.46,0.64
2026-02-01 14:53:06,PRESENT,DISTRACTED,NOT_CALIBRATED,DISTRACTED,0.0,3.48,0.64
2026-02-01 14:53:08,PRESENT,DISTRACTED,NOT_CALIBRATED,DISTRACTED,0.0,5.18,0.64
2026-02-01 14:53:09,PRESENT,DISTRACTED,NOT_CALIBRATED,DISTRACTED,0.0,6.19,0.64
2026-02-01 14:53:10,PRESENT,DISTRACTED,NOT_CALIBRATED,DISTRACTED,0.0,7.2,0.64
2026-02-01 14:53:11,PRESENT,DISTRACTED,NOT_CALIBRATED,DISTRACTED,0.0,8.21,0.64
2026-02-01 14:53:12,PRESENT,DISTRACTED,NOT_CALIBRATED,DISTRACTED,0.0,9.59,0.64
2026-02-01 14:53:13,PRESENT,DISTRACTED,NOT_CALIBRATED,DISTRACTED,0.0,10.62,0.64
2026-02-01 14:53:14,PRESENT,ATTENTIVE,attentive Eyes,ATTENTIVE,0.82,10.83,0.64
2026-02-01 14:53:15,PRESENT,ATTENTIVE,attentive Eyes,ATTENTIVE,1.84,10.83,0.64
2026-02-01 14:53:16,PRESENT,ATTENTIVE,attentive Eyes,ATTENTIVE,2.85,10.83,0.64
2026-02-01 14:53:17,PRESENT,ATTENTIVE,attentive Eyes,ATTENTIVE,3.84,10.86,0.64
2026-02-01 14:53:18,PRESENT,ATTENTIVE,attentive Eyes,ATTENTIVE,4.88,10.86,0.64
2026-02-01 14:53:19,PRESENT,ATTENTIVE,attentive Eyes,ATTENTIVE,5.77,10.98,0.64
2026-02-01 14:53:20,PRESENT,NO_FACE,NOT_CALIBRATED,DISTRACTED,6.66,11.11,0.64
2026-02-01 14:53:21,PRESENT,ATTENTIVE,attentive Eyes,ATTENTIVE,6.74,12.03,0.64
2026-02-01 14:53:22,PRESENT,NO_FACE,NOT_CALIBRATED,DISTRACTED,6.99,12.79,0.64
2026-02-01 14:53:23,PRESENT,ATTENTIVE,attentive Eyes,ATTENTIVE,7.33,13.47,0.64
2026-02-01 14:53:24,PRESENT,NO_FACE,NOT_CALIBRATED,DISTRACTED,8.02,13.78,0.64
2026-02-01 14:53:25,PRESENT,ATTENTIVE,attentive Eyes,ATTENTIVE,9.01,13.81,0.64
2026-02-01 14:53:26,PRESENT,ATTENTIVE,attentive Eyes,ATTENTIVE,10.01,13.81,0.64
2026-02-01 14:53:27,PRESENT,ATTENTIVE,attentive Eyes,ATTENTIVE,11.03,13.81,0.64
2026-02-01 14:53:28,PRESENT,ATTENTIVE,attentive Eyes,ATTENTIVE,12.04,13.81,0.64
2026-02-01 14:53:29,PRESENT,ATTENTIVE,attentive Eyes,ATTENTIVE,13.04,13.81,0.64
2026-02-01 14:53:30,PRESENT,ATTENTIVE,attentive Eyes,ATTENTIVE,14.07,13.81,0.64
2026-02-01 14:53:31,PRESENT,ATTENTIVE,attentive Eyes,ATTENTIVE,15.09,13.81,0.64
2026-02-01 14:53:32,PRESENT,ATTENTIVE,attentive Eyes,ATTENTIVE,16.12,13.81,0.64
2026-02-01 14:53:33,PRESENT,ATTENTIVE,attentive Eyes,ATTENTIVE,16.93,14.03,0.64
2026-02-01 14:53:34,PRESENT,ATTENTIVE,attentive Eyes,ATTENTIVE,17.94,14.03,0.64
2026-02-01 14:53:36,PRESENT,NO_FACE,NOT_CALIBRATED,DISTRACTED,18.53,14.47,0.64
2026-02-01 14:53:37,PRESENT,NO_FACE,NOT_CALIBRATED,DISTRACTED,18.57,15.43,0.64
2026-02-01 14:53:38,PRESENT,ATTENTIVE,attentive Eyes,ATTENTIVE,19.26,15.78,0.64
2026-02-01 14:53:39,PRESENT,NO_FACE,NOT_CALIBRATED,DISTRACTED,19.53,16.53,0.64
2026-02-01 14:53:40,PRESENT,NO_FACE,NOT_CALIBRATED,DISTRACTED,20.06,17.03,0.64
2026-02-01 14:53:41,PRESENT,NO_FACE,NOT_CALIBRATED,DISTRACTED,20.06,18.05,0.64
2026-02-01 14:53:42,PRESENT,ATTENTIVE,attentive Eyes,ATTENTIVE,21.07,18.05,0.64
2026-02-01 14:53:43,PRESENT,ATTENTIVE,attentive Eyes,ATTENTIVE,22.1,18.05,0.64
2026-02-01 15:15:50,PRESENT,DISTRACTED,NOT_CALIBRATED,DISTRACTED,0.0,0.34,0.68
2026-02-01 15:15:51,PRESENT,ATTENTIVE,attentive Eyes,ATTENTIVE,0.82,0.53,0.68
2026-02-01 15:15:52,PRESENT,ATTENTIVE,attentive Eyes,ATTENTIVE,1.82,0.53,0.68
2026-02-01 15:15:53,PRESENT,ATTENTIVE,attentive Eyes,ATTENTIVE,2.84,0.53,0.68
2026-02-01 15:15:54,PRESENT,ATTENTIVE,attentive Eyes,ATTENTIVE,3.84,0.53,0.68
2026-02-01 15:15:55,PRESENT,ATTENTIVE,NO_FACE,DISTRACTED,4.52,0.86,0.68
2026-02-01 15:15:56,PRESENT,ATTENTIVE,attentive Eyes,ATTENTIVE,5.43,0.97,0.68
2026-02-01 15:15:57,PRESENT,ATTENTIVE,attentive Eyes,ATTENTIVE,6.46,0.97,0.68
2026-02-01 15:15:58,PRESENT,ATTENTIVE,attentive Eyes,ATTENTIVE,7.46,1.0,0.68
2026-02-01 15:15:59,PRESENT,ATTENTIVE,attentive Eyes,ATTENTIVE,8.45,1.04,0.68
2026-02-01 15:16:00,PRESENT,ATTENTIVE,attentive Eyes,ATTENTIVE,9.48,1.04,0.68
2026-02-01 15:16:01,PRESENT,ATTENTIVE,attentive Eyes,ATTENTIVE,10.48,1.04,0.68
2026-02-01 15:16:02,PRESENT,ATTENTIVE,attentive Eyes,ATTENTIVE,11.48,1.04,0.68
2026-02-01 15:16:03,PRESENT,ATTENTIVE,attentive Eyes,ATTENTIVE,12.51,1.04,0.68
2026-02-01 15:16:04,PRESENT,ATTENTIVE,attentive Eyes,ATTENTIVE,13.52,1.04,0.68
2026-02-01 15:16:05,PRESENT,ATTENTIVE,attentive Eyes,ATTENTIVE,14.53,1.04,0.68
2026-02-01 15:16:06,PRESENT,ATTENTIVE,attentive Eyes,ATTENTIVE,15.56,1.04,0.68
2026-02-01 15:16:07,PRESENT,ATTENTIVE,attentive Eyes,ATTENTIVE,16.56,1.04,0.68
2026-02-01 15:16:08,PRESENT,ATTENTIVE,attentive Eyes,ATTENTIVE,17.59,1.04,0.68
2026-02-01 15:16:09,PRESENT,ATTENTIVE,attentive Eyes,ATTENTIVE,18.62,1.04,0.68
2026-02-01 15:16:10,PRESENT,ATTENTIVE,attentive Eyes,ATTENTIVE,19.65,1.04,0.68
2026-02-01 15:16:11,PRESENT,ATTENTIVE,attentive Eyes,ATTENTIVE,20.68,1.04,0.68
2026-02-01 15:16:12,PRESENT,ATTENTIVE,attentive Eyes,ATTENTIVE,21.71,1.04,0.68
2026-02-01 15:16:13,PRESENT,ATTENTIVE,attentive Eyes,ATTENTIVE,22.72,1.04,0.68
2026-02-01 15:16:14,PRESENT,ATTENTIVE,attentive Eyes,ATTENTIVE,23.74,1.04,0.68
2026-02-01 15:16:15,PRESENT,ATTENTIVE,attentive Eyes,ATTENTIVE,24.76,1.04,0.68
2026-02-01 15:16:16,PRESENT,ATTENTIVE,attentive Eyes,ATTENTIVE,25.79,1.04,0.68
2026-02-01 15:16:17,PRESENT,ATTENTIVE,attentive Eyes,ATTENTIVE,26.82,1.04,0.68
2026-02-01 15:16:18,PRESENT,ATTENTIVE,attentive Eyes,ATTENTIVE,27.84,1.04,0.68
2026-02-01 15:16:19,PRESENT,ATTENTIVE,attentive Eyes,ATTENTIVE,28.87,1.04,0.68
2026-02-01 15:16:20,PRESENT,ATTENTIVE,attentive Eyes,ATTENTIVE,29.9,1.04,0.68
2026-02-01 15:16:21,PRESENT,ATTENTIVE,attentive Eyes,ATTENTIVE,30.94,1.04,0.68
2026-02-01 15:16:22,PRESENT,ATTENTIVE,attentive Eyes,ATTENTIVE,31.94,1.04,0.68
2026-02-01 15:16:23,PRESENT,ATTENTIVE,attentive Eyes,ATTENTIVE,32.96,1.04,0.68
2026-02-01 15:16:24,PRESENT,NO_FACE,NOT_CALIBRATED,DISTRACTED,33.85,1.16,0.68
2026-02-01 15:16:25,PRESENT,NO_FACE,NOT_CALIBRATED,DISTRACTED,33.85,2.17,0.68
2026-02-01 15:16:27,PRESENT,NO_FACE,NOT_CALIBRATED,DISTRACTED,33.85,3.2,0.68
2026-02-01 15:16:28,AWAY,NO_FACE,NOT_CALIBRATED,AWAY,33.85,3.26,1.62
2026-02-01 15:16:29,AWAY,NO_FACE,NOT_CALIBRATED,AWAY,33.85,3.26,2.66
2026-02-01 15:16:30,AWAY,NO_FACE,NOT_CALIBRATED,AWAY,33.85,3.26,3.67
2026-02-01 15:16:31,PRESENT,ATTENTIVE,attentive Eyes,ATTENTIVE,34.36,3.32,4.13
2026-02-01 15:16:32,PRESENT,ATTENTIVE,attentive Eyes,ATTENTIVE,35.37,3.32,4.13
2026-02-01 15:16:33,PRESENT,ATTENTIVE,attentive Eyes,ATTENTIVE,36.39,3.32,4.13
2026-02-01 15:16:34,PRESENT,ATTENTIVE,attentive Eyes,ATTENTIVE,37.33,3.38,4.13
2026-02-01 15:16:35,PRESENT,ATTENTIVE,attentive Eyes,ATTENTIVE,38.34,3.38,4.13
2026-02-01 15:16:36,PRESENT,ATTENTIVE,attentive Eyes,ATTENTIVE,39.36,3.38,4.13
2026-02-01 15:16:37,PRESENT,ATTENTIVE,attentive Eyes,ATTENTIVE,40.39,3.38,4.13
2026-02-01 15:16:38,PRESENT,ATTENTIVE,attentive Eyes,ATTENTIVE,41.41,3.38,4.13
2026-02-01 15:16:39,PRESENT,ATTENTIVE,attentive Eyes,ATTENTIVE,42.44,3.38,4.13
2026-02-01 15:16:40,PRESENT,ATTENTIVE,attentive Eyes,ATTENTIVE,43.4,3.44,4.13
2026-02-01 15:16:41,PRESENT,ATTENTIVE,attentive Eyes,ATTENTIVE,44.42,3.44,4.13
2026-02-01 15:16:42,PRESENT,ATTENTIVE,attentive Eyes,ATTENTIVE,45.43,3.44,4.13
2026-02-01 15:16:43,PRESENT,ATTENTIVE,attentive Eyes,ATTENTIVE,46.46,3.44,4.13
2026-02-01 15:16:44,PRESENT,ATTENTIVE,attentive Eyes,ATTENTIVE,47.49,3.44,4.13
2026-02-01 15:16:45,PRESENT,ATTENTIVE,attentive Eyes,ATTENTIVE,48.51,3.44,4.13
2026-02-01 15:16:46,PRESENT,ATTENTIVE,attentive Eyes,ATTENTIVE,49.54,3.44,4.13
2026-02-01 15:16:47,PRESENT,ATTENTIVE,attentive Eyes,ATTENTIVE,50.57,3.44,4.13
2026-02-01 15:16:48,PRESENT,ATTENTIVE,attentive Eyes,ATTENTIVE,51.58,3.44,4.13
2026-02-01 15:16:49,PRESENT,ATTENTIVE,attentive Eyes,ATTENTIVE,52.6,3.44,4.13
2026-02-01 15:16:50,PRESENT,ATTENTIVE,attentive Eyes,ATTENTIVE,53.6,3.44,4.13
2026-02-01 15:16:51,PRESENT,ATTENTIVE,attentive Eyes,ATTENTIVE,54.63,3.44,4.13
2026-02-01 15:16:52,PRESENT,ATTENTIVE,attentive Eyes,ATTENTIVE,55.65,3.44,4.13
2026-02-01 15:16:53,PRESENT,ATTENTIVE,attentive Eyes,ATTENTIVE,56.32,3.8,4.13
2026-02-01 15:16:54,PRESENT,ATTENTIVE,attentive Eyes,ATTENTIVE,57.34,3.8,4.13
2026-02-01 15:16:55,PRESENT,ATTENTIVE,attentive Eyes,ATTENTIVE,58.35,3.8,4.13
2026-02-01 15:16:56,PRESENT,ATTENTIVE,attentive Eyes,ATTENTIVE,59.39,3.8,4.13
2026-02-01 15:16:57,PRESENT,ATTENTIVE,attentive Eyes,ATTENTIVE,60.41,3.8,4.13
2026-02-01 15:16:58,PRESENT,ATTENTIVE,attentive Eyes,ATTENTIVE,61.44,3.8,4.13
2026-02-01 15:16:59,PRESENT,ATTENTIVE,attentive Eyes,ATTENTIVE,62.45,3.8,4.13
2026-02-01 15:17:00,PRESENT,ATTENTIVE,attentive Eyes,ATTENTIVE,63.48,3.8,4.13
2026-02-01 15:17:01,PRESENT,ATTENTIVE,attentive Eyes,ATTENTIVE,64.51,3.8,4.13
2026-02-01 15:17:02,PRESENT,ATTENTIVE,attentive Eyes,ATTENTIVE,65.54,3.8,4.13
2026-02-01 15:17:03,PRESENT,ATTENTIVE,attentive Eyes,ATTENTIVE,66.54,3.8,4.13
2026-02-01 15:17:04,PRESENT,ATTENTIVE,attentive Eyes,ATTENTIVE,67.57,3.8,4.13
2026-02-01 15:17:05,PRESENT,ATTENTIVE,attentive Eyes,ATTENTIVE,68.58,3.8,4.13
2026-02-01 15:17:06,PRESENT,ATTENTIVE,attentive Eyes,ATTENTIVE,69.6,3.8,4.13
2026-02-01 15:17:07,PRESENT,ATTENTIVE,attentive Eyes,ATTENTIVE,70.6,3.8,4.13
2026-02-01 15:17:08,PRESENT,ATTENTIVE,attentive Eyes,ATTENTIVE,71.62,3.8,4.13
2026-02-01 15:17:09,PRESENT,ATTENTIVE,attentive Eyes,ATTENTIVE,72.64,3.8,4.13
2026-02-01 15:17:10,PRESENT,ATTENTIVE,attentive Eyes,ATTENTIVE,73.67,3.8,4.13
2026-02-01 15:17:11,PRESENT,ATTENTIVE,attentive Eyes,ATTENTIVE,74.67,3.8,4.13
2026-02-01 15:17:12,PRESENT,ATTENTIVE,attentive Eyes,ATTENTIVE,75.26,4.24,4.13
2026-02-01 15:17:13,PRESENT,ATTENTIVE,attentive Eyes,ATTENTIVE,76.28,4.24,4.13
2026-02-01 15:17:14,PRESENT,ATTENTIVE,attentive Eyes,ATTENTIVE,77.29,4.24,4.13
2026-02-01 15:17:15,PRESENT,ATTENTIVE,attentive Eyes,ATTENTIVE,78.3,4.24,4.13
2026-02-01 15:17:16,PRESENT,ATTENTIVE,attentive Eyes,ATTENTIVE,79.19,4.37,4.13
2026-02-01 15:17:17,PRESENT,ATTENTIVE,attentive Eyes,ATTENTIVE,80.22,4.37,4.13
2026-02-01 15:17:19,PRESENT,NO_FACE,NOT_CALIBRATED,DISTRACTED,81.21,4.4,4.13
2026-02-01 15:17:20,PRESENT,ATTENTIVE,attentive Eyes,ATTENTIVE,81.59,5.05,4.13
2026-02-01 15:17:21,PRESENT,ATTENTIVE,attentive Eyes,ATTENTIVE,82.62,5.05,4.13
2026-02-01 15:17:22,PRESENT,ATTENTIVE,attentive Eyes,ATTENTIVE,83.63,5.05,4.13
2026-02-01 15:17:23,PRESENT,ATTENTIVE,attentive Eyes,ATTENTIVE,84.66,5.05,4.13
2026-02-01 15:17:24,PRESENT,ATTENTIVE,attentive Eyes,ATTENTIVE,85.69,5.05,4.13
2026-02-01 15:17:25,PRESENT,ATTENTIVE,attentive Eyes,ATTENTIVE,86.71,5.05,4.13
2026-02-01 15:17:26,PRESENT,ATTENTIVE,attentive Eyes,ATTENTIVE,87.73,5.05,4.13
2026-02-01 15:17:27,PRESENT,ATTENTIVE,attentive Eyes,ATTENTIVE,88.76,5.05,4.13
2026-02-01 15:17:28,PRESENT,ATTENTIVE,attentive Eyes,ATTENTIVE,89.79,5.05,4.13
2026-02-01 15:17:29,PRESENT,ATTENTIVE,attentive Eyes,ATTENTIVE,90.79,5.05,4.13
2026-02-01 15:17:30,PRESENT,ATTENTIVE,attentive Eyes,ATTENTIVE,91.8,5.05,4.13
2026-02-01 15:17:31,PRESENT,ATTENTIVE,attentive Eyes,ATTENTIVE,92.81,5.05,4.13
2026-02-01 15:17:32,PRESENT,ATTENTIVE,attentive Eyes,ATTENTIVE,93.83,5.05,4.13
2026-02-01 15:17:33,PRESENT,ATTENTIVE,attentive Eyes,ATTENTIVE,94.84,5.05,4.13
2026-02-01 15:17:34,PRESENT,ATTENTIVE,attentive Eyes,ATTENTIVE,95.86,5.05,4.13
2026-02-01 15:17:35,PRESENT,ATTENTIVE,attentive Eyes,ATTENTIVE,96.89,5.05,4.13
2026-02-01 15:17:36,PRESENT,ATTENTIVE,attentive Eyes,ATTENTIVE,97.9,5.05,4.13
2026-02-01 15:17:37,PRESENT,ATTENTIVE,attentive Eyes,ATTENTIVE,98.92,5.05,4.13
2026-02-01 15:17:38,PRESENT,ATTENTIVE,attentive Eyes,ATTENTIVE,99.93,5.05,4.13
2026-02-01 15:17:39,PRESENT,ATTENTIVE,attentive Eyes,ATTENTIVE,100.96,5.05,4.13
2026-02-01 15:17:40,PRESENT,ATTENTIVE,attentive Eyes,ATTENTIVE,101.99,5.05,4.13
2026-02-01 15:17:41,PRESENT,ATTENTIVE,attentive Eyes,ATTENTIVE,102.99,5.05,4.13
2026-02-01 15:17:42,PRESENT,ATTENTIVE,attentive Eyes,ATTENTIVE,103.99,5.05,4.13
2026-02-01 15:17:43,PRESENT,ATTENTIVE,attentive Eyes,ATTENTIVE,105.02,5.05,4.13
2026-02-01 15:17:44,PRESENT,ATTENTIVE,attentive Eyes,ATTENTIVE,106.03,5.05,4.13
2026-02-01 15:17:45,PRESENT,ATTENTIVE,attentive Eyes,ATTENTIVE,107.03,5.05,4.13
2026-02-01 15:17:46,PRESENT,ATTENTIVE,attentive Eyes,ATTENTIVE,108.06,5.05,4.13
2026-02-01 15:17:47,PRESENT,ATTENTIVE,attentive Eyes,ATTENTIVE,109.09,5.05,4.13
2026-02-01 15:17:48,PRESENT,ATTENTIVE,attentive Eyes,ATTENTIVE,110.09,5.05,4.13
2026-02-01 15:17:49,PRESENT,ATTENTIVE,attentive Eyes,ATTENTIVE,111.12,5.05,4.13
2026-02-01 15:17:50,PRESENT,ATTENTIVE,attentive Eyes,ATTENTIVE,112.16,5.05,4.13
2026-02-01 15:17:51,PRESENT,ATTENTIVE,attentive Eyes,ATTENTIVE,113.19,5.05,4.13
2026-02-01 15:17:52,PRESENT,ATTENTIVE,attentive Eyes,ATTENTIVE,114.22,5.05,4.13
2026-02-01 15:17:53,PRESENT,ATTENTIVE,attentive Eyes,ATTENTIVE,115.24,5.05,4.13
2026-02-01 15:17:54,PRESENT,ATTENTIVE,attentive Eyes,ATTENTIVE,116.26,5.05,4.13
2026-02-01 15:17:55,PRESENT,ATTENTIVE,attentive Eyes,ATTENTIVE,117.27,5.05,4.13
2026-02-01 15:17:56,PRESENT,ATTENTIVE,attentive Eyes,ATTENTIVE,118.28,5.05,4.13
2026-02-01 15:17:57,PRESENT,ATTENTIVE,attentive Eyes,ATTENTIVE,119.32,5.05,4.13
2026-02-01 15:17:58,PRESENT,ATTENTIVE,attentive Eyes,ATTENTIVE,120.35,5.05,4.13
2026-02-01 15:17:59,PRESENT,ATTENTIVE,attentive Eyes,ATTENTIVE,121.35,5.05,4.13
2026-02-01 15:18:00,PRESENT,ATTENTIVE,attentive Eyes,ATTENTIVE,122.38,5.05,4.13
2026-02-01 15:18:01,PRESENT,ATTENTIVE,attentive Eyes,ATTENTIVE,123.39,5.05,4.13
2026-02-01 15:18:02,PRESENT,ATTENTIVE,attentive Eyes,ATTENTIVE,124.39,5.05,4.13
2026-02-01 15:18:03,PRESENT,ATTENTIVE,attentive Eyes,ATTENTIVE,125.42,5.05,4.13
2026-02-01 15:18:04,PRESENT,ATTENTIVE,attentive Eyes,ATTENTIVE,126.42,5.05,4.13
2026-02-01 15:18:05,PRESENT,ATTENTIVE,attentive Eyes,ATTENTIVE,127.45,5.05,4.13
2026-02-01 15:18:06,PRESENT,ATTENTIVE,attentive Eyes,ATTENTIVE,128.46,5.05,4.13
2026-02-01 15:18:07,PRESENT,ATTENTIVE,attentive Eyes,ATTENTIVE,129.48,5.05,4.13
2026-02-01 15:18:08,PRESENT,ATTENTIVE,attentive Eyes,ATTENTIVE,130.51,5.05,4.13
2026-02-01 15:18:09,PRESENT,ATTENTIVE,attentive Eyes,ATTENTIVE,131.52,5.05,4.13
2026-02-01 15:18:11,PRESENT,ATTENTIVE,attentive Eyes,ATTENTIVE,132.09,5.5,4.13
2026-02-01 15:18:12,PRESENT,ATTENTIVE,attentive Eyes,ATTENTIVE,133.13,5.5,4.13
2026-02-01 16:39:07,PRESENT,DISTRACTED,NOT_CALIBRATED,DISTRACTED,0.0,0.39,0.66
2026-02-01 16:39:08,PRESENT,ATTENTIVE,NOT_CALIBRATED,DISTRACTED,0.0,1.41,0.66
2026-02-01 16:39:09,PRESENT,ATTENTIVE,NOT_CALIBRATED,DISTRACTED,0.0,2.43,0.66
2026-02-01 16:39:10,PRESENT,ATTENTIVE,NOT_CALIBRATED,DISTRACTED,0.0,3.46,0.66
2026-02-01 16:39:11,PRESENT,DISTRACTED,NOT_CALIBRATED,DISTRACTED,0.0,4.47,0.66
2026-02-01 16:39:12,PRESENT,DISTRACTED,NOT_CALIBRATED,DISTRACTED,0.0,5.5,0.66
2026-02-01 16:39:13,PRESENT,DISTRACTED,NOT_CALIBRATED,DISTRACTED,0.0,6.54,0.66
2026-02-01 16:39:14,PRESENT,DISTRACTED,NOT_CALIBRATED,DISTRACTED,0.0,7.57,0.66
2026-02-01 16:39:16,PRESENT,DISTRACTED,NOT_CALIBRATED,DISTRACTED,0.0,8.83,0.66
2026-02-01 16:39:17,PRESENT,DISTRACTED,NOT_CALIBRATED,DISTRACTED,0.0,9.83,0.66
2026-02-01 16:39:18,PRESENT,ATTENTIVE,attentive Eyes,ATTENTIVE,0.47,10.36,0.66
2026-02-01 16:39:19,PRESENT,ATTENTIVE,attentive Eyes,ATTENTIVE,1.49,10.36,0.66
2026-02-01 16:39:20,PRESENT,ATTENTIVE,attentive Eyes,ATTENTIVE,2.52,10.36,0.66
2026-02-01 16:39:21,PRESENT,ATTENTIVE,attentive Eyes,ATTENTIVE,3.52,10.36,0.66
2026-02-01 16:39:22,PRESENT,ATTENTIVE,attentive Eyes,ATTENTIVE,4.55,10.36,0.66
2026-02-01 16:39:23,PRESENT,ATTENTIVE,attentive Eyes,ATTENTIVE,5.57,10.36,0.66
2026-02-01 16:39:24,PRESENT,ATTENTIVE,attentive Eyes,ATTENTIVE,6.57,10.36,0.66
2026-02-01 16:39:25,PRESENT,ATTENTIVE,attentive Eyes,ATTENTIVE,7.62,10.36,0.66
2026-02-01 16:39:26,PRESENT,ATTENTIVE,attentive Eyes,ATTENTIVE,8.65,10.36,0.66
2026-02-01 16:39:27,PRESENT,ATTENTIVE,attentive Eyes,ATTENTIVE,9.68,10.36,0.66
2026-02-01 16:39:28,PRESENT,ATTENTIVE,attentive Eyes,ATTENTIVE,10.7,10.36,0.66
2026-02-01 16:39:29,PRESENT,ATTENTIVE,attentive Eyes,ATTENTIVE,11.7,10.36,0.66
2026-02-01 16:39:30,PRESENT,ATTENTIVE,attentive Eyes,ATTENTIVE,12.73,10.36,0.66
2026-02-01 16:39:31,PRESENT,ATTENTIVE,attentive Eyes,ATTENTIVE,13.75,10.36,0.66
2026-02-01 16:39:32,PRESENT,ATTENTIVE,attentive Eyes,ATTENTIVE,14.76,10.36,0.66
2026-02-01 16:39:33,PRESENT,ATTENTIVE,attentive Eyes,ATTENTIVE,15.63,10.53,0.66
2026-02-01 16:39:34,PRESENT,ATTENTIVE,attentive Eyes,ATTENTIVE,16.57,10.59,0.66
2026-02-01 16:39:35,PRESENT,ATTENTIVE,attentive Eyes,ATTENTIVE,17.6,10.59,0.66
2026-02-01 16:39:36,PRESENT,ATTENTIVE,attentive Eyes,ATTENTIVE,18.61,10.59,0.66
2026-02-01 16:39:37,PRESENT,ATTENTIVE,attentive Eyes,ATTENTIVE,19.63,10.59,0.66
2026-02-01 16:39:38,PRESENT,ATTENTIVE,attentive Eyes,ATTENTIVE,20.64,10.59,0.66
2026-02-01 16:39:39,PRESENT,ATTENTIVE,NO_FACE,DISTRACTED,20.98,11.27,0.66
2026-02-01 16:39:40,PRESENT,NO_FACE,NOT_CALIBRATED,DISTRACTED,21.06,12.21,0.66
2026-02-01 16:39:41,PRESENT,ATTENTIVE,attentive Eyes,ATTENTIVE,21.41,12.88,0.66
2026-02-01 16:39:42,PRESENT,ATTENTIVE,attentive Eyes,ATTENTIVE,22.41,12.88,0.66
2026-02-01 16:39:43,PRESENT,ATTENTIVE,attentive Eyes,ATTENTIVE,23.44,12.88,0.66
2026-02-01 16:39:44,PRESENT,ATTENTIVE,attentive Eyes,ATTENTIVE,24.46,12.88,0.66
2026-02-01 16:39:45,PRESENT,ATTENTIVE,attentive Eyes,ATTENTIVE,25.46,12.88,0.66
2026-02-01 16:39:46,PRESENT,ATTENTIVE,attentive Eyes,ATTENTIVE,26.49,12.88,0.66
2026-02-01 16:39:47,PRESENT,ATTENTIVE,attentive Eyes,ATTENTIVE,27.5,12.88,0.66
2026-02-01 16:39:48,PRESENT,ATTENTIVE,attentive Eyes,ATTENTIVE,28.52,12.88,0.66
2026-02-01 16:39:49,PRESENT,ATTENTIVE,attentive Eyes,ATTENTIVE,29.52,12.88,0.66
2026-02-01 16:39:50,PRESENT,ATTENTIVE,attentive Eyes,ATTENTIVE,30.55,12.88,0.66
2026-02-01 16:39:51,PRESENT,ATTENTIVE,attentive Eyes,ATTENTIVE,31.58,12.88,0.66
2026-02-01 16:39:52,PRESENT,ATTENTIVE,attentive Eyes,ATTENTIVE,32.58,12.88,0.66
2026-02-01 16:39:53,PRESENT,ATTENTIVE,attentive Eyes,ATTENTIVE,33.6,12.88,0.66
2026-02-01 16:39:54,PRESENT,ATTENTIVE,attentive Eyes,ATTENTIVE,34.64,12.88,0.66
2026-02-01 16:39:55,PRESENT,ATTENTIVE,attentive Eyes,ATTENTIVE,35.64,12.88,0.66
2026-02-01 16:39:56,PRESENT,ATTENTIVE,attentive Eyes,ATTENTIVE,36.65,12.88,0.66
2026-02-01 16:39:57,PRESENT,ATTENTIVE,attentive Eyes,ATTENTIVE,37.66,12.88,0.66
2026-02-01 16:39:58,PRESENT,ATTENTIVE,attentive Eyes,ATTENTIVE,38.69,12.88,0.66
2026-02-01 16:39:59,PRESENT,ATTENTIVE,attentive Eyes,ATTENTIVE,39.69,12.88,0.66
2026-02-01 16:40:00,PRESENT,ATTENTIVE,NO_FACE,DISTRACTED,39.72,13.87,0.66
2026-02-01 16:40:01,PRESENT,ATTENTIVE,attentive Eyes,ATTENTIVE,40.67,13.94,0.66
2026-02-01 16:40:02,PRESENT,ATTENTIVE,attentive Eyes,ATTENTIVE,41.69,13.94,0.66
2026-02-01 16:40:03,PRESENT,ATTENTIVE,attentive Eyes,ATTENTIVE,42.69,13.94,0.66
2026-02-01 16:40:04,PRESENT,ATTENTIVE,attentive Eyes,ATTENTIVE,43.72,13.94,0.66
2026-02-01 16:40:05,PRESENT,ATTENTIVE,attentive Eyes,ATTENTIVE,44.73,13.94,0.66
2026-02-01 16:42:11,PRESENT,DISTRACTED,NOT_CALIBRATED,DISTRACTED,0.0,0.34,0.66
2026-02-01 16:42:12,PRESENT,ATTENTIVE,NOT_CALIBRATED,DISTRACTED,0.0,1.41,0.66
2026-02-01 16:42:13,PRESENT,ATTENTIVE,NOT_CALIBRATED,DISTRACTED,0.0,2.44,0.66
2026-02-01 16:42:14,PRESENT,ATTENTIVE,NOT_CALIBRATED,DISTRACTED,0.0,3.5,0.66
2026-02-01 16:42:15,PRESENT,DISTRACTED,NOT_CALIBRATED,DISTRACTED,0.0,4.57,0.66
2026-02-01 16:42:16,PRESENT,DISTRACTED,NOT_CALIBRATED,DISTRACTED,0.0,5.58,0.66
2026-02-01 16:42:17,PRESENT,ATTENTIVE,NOT_CALIBRATED,DISTRACTED,0.0,6.59,0.66
2026-02-01 16:42:18,PRESENT,DISTRACTED,NOT_CALIBRATED,DISTRACTED,0.0,7.6,0.66
2026-02-01 16:42:19,PRESENT,ATTENTIVE,NOT_CALIBRATED,DISTRACTED,0.0,8.63,0.66
2026-02-01 16:42:20,PRESENT,DISTRACTED,NOT_CALIBRATED,DISTRACTED,0.0,9.64,0.66
2026-02-01 16:42:21,PRESENT,DISTRACTED,NOT_CALIBRATED,DISTRACTED,0.0,10.66,0.66
2026-02-01 16:42:22,PRESENT,DISTRACTED,NOT_CALIBRATED,DISTRACTED,0.0,11.68,0.66
2026-02-01 16:42:23,PRESENT,DISTRACTED,NOT_CALIBRATED,DISTRACTED,0.0,12.69,0.66
2026-02-01 16:42:24,PRESENT,DISTRACTED,NOT_CALIBRATED,DISTRACTED,0.0,13.71,0.66
2026-02-01 16:42:25,PRESENT,ATTENTIVE,NOT_CALIBRATED,DISTRACTED,0.0,14.74,0.66
2026-02-01 16:42:26,PRESENT,DISTRACTED,NOT_CALIBRATED,DISTRACTED,0.0,15.74,0.66
2026-02-01 16:42:27,PRESENT,ATTENTIVE,NOT_CALIBRATED,DISTRACTED,0.0,16.74,0.66
2026-02-01 16:42:28,PRESENT,ATTENTIVE,NOT_CALIBRATED,DISTRACTED,0.0,17.77,0.66
2026-02-01 16:42:29,PRESENT,ATTENTIVE,NOT_CALIBRATED,DISTRACTED,0.0,18.78,0.66
2026-02-01 16:42:30,PRESENT,DISTRACTED,NOT_CALIBRATED,DISTRACTED,0.0,19.79,0.66
2026-02-01 16:42:31,PRESENT,DISTRACTED,NOT_CALIBRATED,DISTRACTED,0.0,20.84,0.66
2026-02-01 16:42:32,PRESENT,DISTRACTED,NOT_CALIBRATED,DISTRACTED,0.0,21.86,0.66
2026-02-01 16:42:33,PRESENT,DISTRACTED,NOT_CALIBRATED,DISTRACTED,0.0,22.89,0.66
2026-02-01 16:42:34,PRESENT,DISTRACTED,NOT_CALIBRATED,DISTRACTED,0.0,23.9,0.66
2026-02-01 16:42:35,PRESENT,DISTRACTED,NOT_CALIBRATED,DISTRACTED,0.0,24.91,0.66
2026-02-01 16:42:36,PRESENT,DISTRACTED,NOT_CALIBRATED,DISTRACTED,0.0,25.94,0.66
2026-02-01 16:42:37,PRESENT,DISTRACTED,NOT_CALIBRATED,DISTRACTED,0.0,26.97,0.66
2026-02-01 16:42:38,PRESENT,DISTRACTED,NOT_CALIBRATED,DISTRACTED,0.0,27.97,0.66
2026-02-01 16:42:39,PRESENT,DISTRACTED,NOT_CALIBRATED,DISTRACTED,0.0,28.99,0.66
2026-02-01 16:42:40,PRESENT,DISTRACTED,NOT_CALIBRATED,DISTRACTED,0.0,30.0,0.66
2026-02-01 16:42:42,PRESENT,DISTRACTED,NOT_CALIBRATED,DISTRACTED,0.0,31.03,0.66
2026-02-01 16:42:43,PRESENT,DISTRACTED,NOT_CALIBRATED,DISTRACTED,0.0,32.07,0.66
2026-02-01 16:42:44,PRESENT,DISTRACTED,NOT_CALIBRATED,DISTRACTED,0.0,33.09,0.66
2026-02-01 16:42:45,PRESENT,DISTRACTED,NOT_CALIBRATED,DISTRACTED,0.0,34.12,0.66
2026-02-01 16:42:46,PRESENT,DISTRACTED,NOT_CALIBRATED,DISTRACTED,0.0,35.12,0.66
2026-02-01 16:42:47,PRESENT,DISTRACTED,NOT_CALIBRATED,DISTRACTED,0.0,36.15,0.66
2026-02-01 16:42:48,PRESENT,DISTRACTED,NOT_CALIBRATED,DISTRACTED,0.0,37.17,0.66
2026-02-01 16:42:49,PRESENT,DISTRACTED,NOT_CALIBRATED,DISTRACTED,0.0,38.2,0.66
2026-02-01 16:42:50,PRESENT,DISTRACTED,NOT_CALIBRATED,DISTRACTED,0.0,39.2,0.66
2026-02-01 16:42:51,PRESENT,DISTRACTED,NOT_CALIBRATED,DISTRACTED,0.0,40.22,0.66
2026-02-01 16:42:52,PRESENT,DISTRACTED,NOT_CALIBRATED,DISTRACTED,0.0,41.24,0.66
2026-02-01 16:42:53,PRESENT,DISTRACTED,NOT_CALIBRATED,DISTRACTED,0.0,42.26,0.66
2026-02-01 16:42:54,PRESENT,DISTRACTED,NOT_CALIBRATED,DISTRACTED,0.0,43.27,0.66
2026-02-01 16:42:55,PRESENT,DISTRACTED,NOT_CALIBRATED,DISTRACTED,0.0,44.29,0.66
2026-02-01 16:42:56,PRESENT,DISTRACTED,NOT_CALIBRATED,DISTRACTED,0.0,45.32,0.66
2026-02-01 16:42:57,PRESENT,DISTRACTED,NOT_CALIBRATED,DISTRACTED,0.0,46.33,0.66
2026-02-01 16:42:58,PRESENT,DISTRACTED,NOT_CALIBRATED,DISTRACTED,0.0,47.35,0.66
2026-02-01 16:42:59,PRESENT,DISTRACTED,NOT_CALIBRATED,DISTRACTED,0.0,48.37,0.66
2026-02-01 16:43:00,PRESENT,DISTRACTED,NOT_CALIBRATED,DISTRACTED,0.0,49.4,0.66
2026-02-01 16:43:01,PRESENT,DISTRACTED,NOT_CALIBRATED,DISTRACTED,0.0,50.4,0.66
2026-02-01 16:43:02,PRESENT,DISTRACTED,NOT_CALIBRATED,DISTRACTED,0.0,51.43,0.66
2026-02-01 16:43:03,PRESENT,DISTRACTED,NOT_CALIBRATED,DISTRACTED,0.0,52.44,0.66
2026-02-01 16:43:04,PRESENT,DISTRACTED,NOT_CALIBRATED,DISTRACTED,0.0,53.46,0.66
2026-02-01 16:43:05,PRESENT,DISTRACTED,NOT_CALIBRATED,DISTRACTED,0.0,54.49,0.66
2026-02-01 16:43:06,PRESENT,DISTRACTED,NOT_CALIBRATED,DISTRACTED,0.0,55.52,0.66
2026-02-01 16:43:07,PRESENT,DISTRACTED,NOT_CALIBRATED,DISTRACTED,0.0,56.55,0.66
2026-02-01 16:43:08,PRESENT,DISTRACTED,NOT_CALIBRATED,DISTRACTED,0.0,57.56,0.66
2026-02-01 16:43:09,PRESENT,DISTRACTED,NOT_CALIBRATED,DISTRACTED,0.0,58.56,0.66
2026-02-01 16:43:10,PRESENT,DISTRACTED,NOT_CALIBRATED,DISTRACTED,0.0,59.57,0.66
2026-02-01 16:43:11,PRESENT,DISTRACTED,NOT_CALIBRATED,DISTRACTED,0.0,60.6,0.66
2026-02-01 16:43:12,PRESENT,DISTRACTED,NOT_CALIBRATED,DISTRACTED,0.0,61.61,0.66
2026-02-01 16:43:13,PRESENT,DISTRACTED,NOT_CALIBRATED,DISTRACTED,0.0,62.63,0.66
2026-02-01 16:43:14,PRESENT,DISTRACTED,NOT_CALIBRATED,DISTRACTED,0.0,63.64,0.66
2026-02-01 16:43:15,PRESENT,DISTRACTED,NOT_CALIBRATED,DISTRACTED,0.0,64.66,0.66
2026-02-01 16:43:16,PRESENT,DISTRACTED,NOT_CALIBRATED,DISTRACTED,0.0,65.68,0.66
2026-02-01 16:43:17,PRESENT,DISTRACTED,NOT_CALIBRATED,DISTRACTED,0.0,66.69,0.66
2026-02-01 16:43:18,PRESENT,DISTRACTED,NOT_CALIBRATED,DISTRACTED,0.0,67.71,0.66
2026-02-01 16:43:19,PRESENT,DISTRACTED,NOT_CALIBRATED,DISTRACTED,0.0,68.74,0.66
2026-02-01 16:43:20,PRESENT,DISTRACTED,NOT_CALIBRATED,DISTRACTED,0.0,69.75,0.66
2026-02-01 16:43:21,PRESENT,DISTRACTED,NOT_CALIBRATED,DISTRACTED,0.0,70.77,0.66
2026-02-01 16:43:22,PRESENT,DISTRACTED,NOT_CALIBRATED,DISTRACTED,0.0,71.79,0.66
2026-02-01 16:43:23,PRESENT,DISTRACTED,NOT_CALIBRATED,DISTRACTED,0.0,72.81,0.66
2026-02-01 16:43:24,PRESENT,DISTRACTED,NOT_CALIBRATED,DISTRACTED,0.0,73.83,0.66
2026-02-01 16:43:25,PRESENT,DISTRACTED,NOT_CALIBRATED,DISTRACTED,0.0,74.84,0.66
2026-02-01 16:43:26,PRESENT,DISTRACTED,NOT_CALIBRATED,DISTRACTED,0.0,75.86,0.66
2026-02-01 16:43:27,PRESENT,DISTRACTED,NOT_CALIBRATED,DISTRACTED,0.0,76.89,0.66
2026-02-01 16:43:28,PRESENT,DISTRACTED,NOT_CALIBRATED,DISTRACTED,0.0,77.89,0.66
2026-02-01 16:43:29,PRESENT,DISTRACTED,NOT_CALIBRATED,DISTRACTED,0.0,78.92,0.66
2026-02-01 16:43:30,PRESENT,DISTRACTED,NOT_CALIBRATED,DISTRACTED,0.0,79.94,0.66
2026-02-01 16:43:31,PRESENT,DISTRACTED,NOT_CALIBRATED,DISTRACTED,0.0,80.95,0.66
2026-02-01 16:43:32,PRESENT,NO_FACE,NOT_CALIBRATED,DISTRACTED,0.0,81.97,0.66
2026-02-01 16:43:33,PRESENT,NO_FACE,NOT_CALIBRATED,DISTRACTED,0.0,82.99,0.66
2026-02-01 16:43:35,PRESENT,NO_FACE,NOT_CALIBRATED,DISTRACTED,0.0,84.01,0.66
2026-02-01 16:43:36,PRESENT,DISTRACTED,NOT_CALIBRATED,DISTRACTED,0.0,85.03,0.66
2026-02-01 16:43:37,PRESENT,DISTRACTED,NOT_CALIBRATED,DISTRACTED,0.0,86.04,0.66
2026-02-01 16:43:38,PRESENT,DISTRACTED,NOT_CALIBRATED,DISTRACTED,0.0,87.06,0.66
2026-02-01 16:43:39,PRESENT,DISTRACTED,NOT_CALIBRATED,DISTRACTED,0.0,88.09,0.66
2026-02-01 16:43:40,PRESENT,DISTRACTED,NOT_CALIBRATED,DISTRACTED,0.0,89.09,0.66
2026-02-01 16:43:41,PRESENT,DISTRACTED,NOT_CALIBRATED,DISTRACTED,0.0,90.12,0.66
2026-02-01 16:43:42,PRESENT,DISTRACTED,NOT_CALIBRATED,DISTRACTED,0.0,91.19,0.66
2026-02-01 16:43:43,PRESENT,ATTENTIVE,NOT_CALIBRATED,DISTRACTED,0.0,92.22,0.66
2026-02-01 16:43:44,PRESENT,DISTRACTED,NOT_CALIBRATED,DISTRACTED,0.0,93.24,0.66
2026-02-01 16:43:45,PRESENT,DISTRACTED,NOT_CALIBRATED,DISTRACTED,0.0,94.26,0.66
2026-02-01 16:43:46,PRESENT,DISTRACTED,NOT_CALIBRATED,DISTRACTED,0.0,95.27,0.66
2026-02-01 16:43:47,PRESENT,DISTRACTED,NOT_CALIBRATED,DISTRACTED,0.0,96.29,0.66
2026-02-01 16:43:48,PRESENT,DISTRACTED,NOT_CALIBRATED,DISTRACTED,0.0,97.3,0.66
2026-02-01 16:43:49,PRESENT,DISTRACTED,NOT_CALIBRATED,DISTRACTED,0.0,98.33,0.66
2026-02-01 16:43:50,PRESENT,DISTRACTED,NOT_CALIBRATED,DISTRACTED,0.0,99.36,0.66
2026-02-01 16:43:51,PRESENT,DISTRACTED,NOT_CALIBRATED,DISTRACTED,0.0,100.36,0.66
2026-02-01 16:43:52,PRESENT,DISTRACTED,NOT_CALIBRATED,DISTRACTED,0.0,101.38,0.66
2026-02-01 16:43:53,PRESENT,DISTRACTED,NOT_CALIBRATED,DISTRACTED,0.0,102.42,0.66
2026-02-01 16:43:54,PRESENT,DISTRACTED,NOT_CALIBRATED,DISTRACTED,0.0,103.42,0.66
2026-02-01 16:43:55,PRESENT,DISTRACTED,NOT_CALIBRATED,DISTRACTED,0.0,104.44,0.66
2026-02-01 16:43:56,PRESENT,DISTRACTED,NOT_CALIBRATED,DISTRACTED,0.0,105.46,0.66
2026-02-01 16:43:57,PRESENT,DISTRACTED,NOT_CALIBRATED,DISTRACTED,0.0,106.47,0.66
2026-02-01 16:43:58,PRESENT,DISTRACTED,NOT_CALIBRATED,DISTRACTED,0.0,107.5,0.66
2026-02-01 16:43:59,PRESENT,DISTRACTED,NOT_CALIBRATED,DISTRACTED,0.0,108.5,0.66
2026-02-01 16:44:00,PRESENT,DISTRACTED,NOT_CALIBRATED,DISTRACTED,0.0,109.53,0.66
2026-02-01 16:44:01,PRESENT,DISTRACTED,NOT_CALIBRATED,DISTRACTED,0.0,110.55,0.66
2026-02-01 16:44:02,PRESENT,DISTRACTED,NOT_CALIBRATED,DISTRACTED,0.0,111.56,0.66
2026-02-01 16:44:03,PRESENT,DISTRACTED,NOT_CALIBRATED,DISTRACTED,0.0,112.58,0.66
2026-02-01 16:44:04,PRESENT,DISTRACTED,NOT_CALIBRATED,DISTRACTED,0.0,113.61,0.66
2026-02-01 16:44:05,PRESENT,DISTRACTED,NOT_CALIBRATED,DISTRACTED,0.0,114.62,0.66
2026-02-01 16:44:06,PRESENT,DISTRACTED,NOT_CALIBRATED,DISTRACTED,0.0,115.64,0.66
2026-02-01 16:44:07,PRESENT,DISTRACTED,NOT_CALIBRATED,DISTRACTED,0.0,116.65,0.66
2026-02-01 16:44:08,PRESENT,DISTRACTED,NOT_CALIBRATED,DISTRACTED,0.0,117.67,0.66
2026-02-01 16:44:09,PRESENT,DISTRACTED,NOT_CALIBRATED,DISTRACTED,0.0,118.69,0.66
2026-02-01 16:44:10,PRESENT,DISTRACTED,NOT_CALIBRATED,DISTRACTED,0.0,119.7,0.66
2026-02-01 16:44:11,PRESENT,DISTRACTED,NOT_CALIBRATED,DISTRACTED,0.0,120.72,0.66
2026-02-01 16:44:12,PRESENT,DISTRACTED,NOT_CALIBRATED,DISTRACTED,0.0,121.75,0.66
2026-02-01 16:44:13,PRESENT,DISTRACTED,NOT_CALIBRATED,DISTRACTED,0.0,122.76,0.66
2026-02-01 16:44:14,PRESENT,DISTRACTED,NOT_CALIBRATED,DISTRACTED,0.0,123.78,0.66
2026-02-01 16:44:15,PRESENT,DISTRACTED,NOT_CALIBRATED,DISTRACTED,0.0,124.81,0.66
2026-02-01 16:44:16,PRESENT,ATTENTIVE,NOT_CALIBRATED,DISTRACTED,0.0,125.82,0.66
2026-02-01 16:44:17,PRESENT,ATTENTIVE,NOT_CALIBRATED,DISTRACTED,0.0,126.84,0.66
2026-02-01 16:44:18,PRESENT,ATTENTIVE,NOT_CALIBRATED,DISTRACTED,0.0,127.87,0.66
2026-02-01 16:44:19,PRESENT,DISTRACTED,NOT_CALIBRATED,DISTRACTED,0.0,128.92,0.66
2026-02-01 16:44:20,PRESENT,DISTRACTED,NOT_CALIBRATED,DISTRACTED,0.0,129.96,0.66
2026-02-01 16:44:21,PRESENT,DISTRACTED,NOT_CALIBRATED,DISTRACTED,0.0,130.98,0.66
2026-02-01 16:44:23,PRESENT,DISTRACTED,NOT_CALIBRATED,DISTRACTED,0.0,132.01,0.66
2026-02-01 16:44:24,PRESENT,DISTRACTED,NOT_CALIBRATED,DISTRACTED,0.0,133.03,0.66
2026-02-01 16:44:25,PRESENT,DISTRACTED,NOT_CALIBRATED,DISTRACTED,0.0,134.07,0.66
2026-02-01 16:44:26,PRESENT,DISTRACTED,NOT_CALIBRATED,DISTRACTED,0.0,135.1,0.66
2026-02-01 16:44:27,PRESENT,DISTRACTED,NOT_CALIBRATED,DISTRACTED,0.0,136.14,0.66
2026-02-01 16:44:28,PRESENT,DISTRACTED,NOT_CALIBRATED,DISTRACTED,0.0,137.18,0.66
2026-02-01 16:44:29,PRESENT,DISTRACTED,NOT_CALIBRATED,DISTRACTED,0.0,138.24,0.66
2026-02-01 16:44:30,PRESENT,DISTRACTED,NOT_CALIBRATED,DISTRACTED,0.0,139.26,0.66
2026-02-01 16:44:31,PRESENT,DISTRACTED,NOT_CALIBRATED,DISTRACTED,0.0,140.27,0.66
2026-02-01 16:44:32,PRESENT,DISTRACTED,NOT_CALIBRATED,DISTRACTED,0.0,141.31,0.66
2026-02-01 16:44:33,PRESENT,DISTRACTED,NOT_CALIBRATED,DISTRACTED,0.0,142.37,0.66
2026-02-01 16:44:34,PRESENT,DISTRACTED,NOT_CALIBRATED,DISTRACTED,0.0,143.43,0.66
2026-02-01 16:44:35,PRESENT,DISTRACTED,NOT_CALIBRATED,DISTRACTED,0.0,144.44,0.66
2026-02-01 16:44:36,PRESENT,DISTRACTED,NOT_CALIBRATED,DISTRACTED,0.0,145.47,0.66
2026-02-01 16:44:37,PRESENT,DISTRACTED,NOT_CALIBRATED,DISTRACTED,0.0,146.54,0.66
2026-02-01 16:44:38,PRESENT,DISTRACTED,NOT_CALIBRATED,DISTRACTED,0.0,147.59,0.66
2026-02-01 16:44:39,PRESENT,DISTRACTED,NOT_CALIBRATED,DISTRACTED,0.0,148.62,0.66
2026-02-01 16:44:40,PRESENT,DISTRACTED,NOT_CALIBRATED,DISTRACTED,0.0,149.66,0.66
2026-02-01 16:44:41,PRESENT,DISTRACTED,NOT_CALIBRATED,DISTRACTED,0.0,150.68,0.66
2026-02-01 16:44:42,PRESENT,DISTRACTED,NOT_CALIBRATED,DISTRACTED,0.0,151.69,0.66
2026-02-01 16:44:43,PRESENT,DISTRACTED,NOT_CALIBRATED,DISTRACTED,0.0,152.74,0.66
2026-02-01 16:44:44,PRESENT,DISTRACTED,NOT_CALIBRATED,DISTRACTED,0.0,153.77,0.66
2026-02-01 16:44:45,PRESENT,DISTRACTED,NOT_CALIBRATED,DISTRACTED,0.0,154.81,0.66
2026-02-01 16:44:46,PRESENT,DISTRACTED,NOT_CALIBRATED,DISTRACTED,0.0,155.84,0.66
2026-02-01 16:44:47,PRESENT,DISTRACTED,NOT_CALIBRATED,DISTRACTED,0.0,156.9,0.66
2026-02-01 16:44:48,PRESENT,DISTRACTED,NOT_CALIBRATED,DISTRACTED,0.0,157.93,0.66
2026-02-01 16:44:49,PRESENT,DISTRACTED,NOT_CALIBRATED,DISTRACTED,0.0,158.99,0.66
2026-02-01 16:44:51,PRESENT,DISTRACTED,NOT_CALIBRATED,DISTRACTED,0.0,160.02,0.66
2026-02-01 16:44:52,PRESENT,DISTRACTED,NOT_CALIBRATED,DISTRACTED,0.0,161.04,0.66
2026-02-01 16:44:53,PRESENT,DISTRACTED,NOT_CALIBRATED,DISTRACTED,0.0,162.11,0.66
2026-02-01 16:44:54,PRESENT,DISTRACTED,NOT_CALIBRATED,DISTRACTED,0.0,163.14,0.66
2026-02-01 16:44:55,PRESENT,DISTRACTED,NOT_CALIBRATED,DISTRACTED,0.0,164.2,0.66
2026-02-01 16:44:56,PRESENT,DISTRACTED,NOT_CALIBRATED,DISTRACTED,0.0,165.24,0.66
2026-02-01 16:44:57,PRESENT,DISTRACTED,NOT_CALIBRATED,DISTRACTED,0.0,166.3,0.66
2026-02-01 16:44:58,PRESENT,DISTRACTED,NOT_CALIBRATED,DISTRACTED,0.0,167.31,0.66
2026-02-01 16:44:59,PRESENT,DISTRACTED,NOT_CALIBRATED,DISTRACTED,0.0,168.32,0.66
2026-02-01 16:45:00,PRESENT,DISTRACTED,NOT_CALIBRATED,DISTRACTED,0.0,169.39,0.66
2026-02-01 16:45:01,PRESENT,DISTRACTED,NOT_CALIBRATED,DISTRACTED,0.0,170.39,0.66
2026-02-01 16:45:02,PRESENT,DISTRACTED,NOT_CALIBRATED,DISTRACTED,0.0,171.42,0.66
2026-02-01 16:45:03,PRESENT,DISTRACTED,NOT_CALIBRATED,DISTRACTED,0.0,172.47,0.66
2026-02-01 16:45:04,PRESENT,DISTRACTED,NOT_CALIBRATED,DISTRACTED,0.0,173.51,0.66
2026-02-01 16:45:05,PRESENT,DISTRACTED,NOT_CALIBRATED,DISTRACTED,0.0,174.54,0.66
2026-02-01 16:45:06,PRESENT,DISTRACTED,NOT_CALIBRATED,DISTRACTED,0.0,175.58,0.66
2026-02-01 16:45:07,PRESENT,DISTRACTED,NOT_CALIBRATED,DISTRACTED,0.0,176.64,0.66
2026-02-01 16:45:08,PRESENT,DISTRACTED,NOT_CALIBRATED,DISTRACTED,0.0,177.7,0.66
2026-02-01 16:45:09,PRESENT,DISTRACTED,NOT_CALIBRATED,DISTRACTED,0.0,178.7,0.66
2026-02-01 16:45:10,PRESENT,DISTRACTED,NOT_CALIBRATED,DISTRACTED,0.0,179.76,0.66
2026-02-01 16:45:11,PRESENT,DISTRACTED,NOT_CALIBRATED,DISTRACTED,0.0,180.79,0.66
2026-02-01 16:45:12,PRESENT,DISTRACTED,NOT_CALIBRATED,DISTRACTED,0.0,181.85,0.66
2026-02-01 16:45:13,PRESENT,DISTRACTED,NOT_CALIBRATED,DISTRACTED,0.0,182.89,0.66
2026-02-01 16:45:14,PRESENT,DISTRACTED,NOT_CALIBRATED,DISTRACTED,0.0,183.94,0.66
2026-02-01 16:45:15,PRESENT,DISTRACTED,NOT_CALIBRATED,DISTRACTED,0.0,184.97,0.66
2026-02-01 16:45:16,PRESENT,DISTRACTED,NOT_CALIBRATED,DISTRACTED,0.0,186.0,0.66
2026-02-01 16:45:18,PRESENT,DISTRACTED,NOT_CALIBRATED,DISTRACTED,0.0,187.03,0.66
2026-02-01 16:45:19,PRESENT,DISTRACTED,NOT_CALIBRATED,DISTRACTED,0.0,188.04,0.66
2026-02-01 16:45:20,PRESENT,DISTRACTED,NOT_CALIBRATED,DISTRACTED,0.0,189.1,0.66
2026-02-01 16:45:21,PRESENT,DISTRACTED,NOT_CALIBRATED,DISTRACTED,0.0,190.13,0.66
2026-02-01 16:45:22,PRESENT,DISTRACTED,NOT_CALIBRATED,DISTRACTED,0.0,191.19,0.66
2026-02-01 16:45:23,PRESENT,DISTRACTED,NOT_CALIBRATED,DISTRACTED,0.0,192.22,0.66
2026-02-01 16:45:24,PRESENT,DISTRACTED,NOT_CALIBRATED,DISTRACTED,0.0,193.23,0.66
2026-02-01 16:45:25,PRESENT,DISTRACTED,NOT_CALIBRATED,DISTRACTED,0.0,194.28,0.66
2026-02-01 16:45:26,PRESENT,DISTRACTED,NOT_CALIBRATED,DISTRACTED,0.0,195.34,0.66
2026-02-01 16:45:27,PRESENT,DISTRACTED,NOT_CALIBRATED,DISTRACTED,0.0,196.38,0.66
2026-02-01 16:45:28,PRESENT,DISTRACTED,NOT_CALIBRATED,DISTRACTED,0.0,197.4,0.66
2026-02-01 16:45:29,PRESENT,DISTRACTED,NOT_CALIBRATED,DISTRACTED,0.0,198.41,0.66
2026-02-01 16:45:30,PRESENT,DISTRACTED,NOT_CALIBRATED,DISTRACTED,0.0,199.47,0.66
2026-02-01 16:45:31,PRESENT,DISTRACTED,NOT_CALIBRATED,DISTRACTED,0.0,200.5,0.66
2026-02-01 16:45:32,PRESENT,DISTRACTED,NOT_CALIBRATED,DISTRACTED,0.0,201.56,0.66
2026-02-01 16:45:33,PRESENT,DISTRACTED,NOT_CALIBRATED,DISTRACTED,0.0,202.62,0.66
2026-02-01 16:45:34,PRESENT,DISTRACTED,NOT_CALIBRATED,DISTRACTED,0.0,203.66,0.66
2026-02-01 16:45:35,PRESENT,DISTRACTED,NOT_CALIBRATED,DISTRACTED,0.0,204.71,0.66
2026-02-01 16:45:36,PRESENT,DISTRACTED,NOT_CALIBRATED,DISTRACTED,0.0,205.79,0.66
2026-02-01 16:45:37,PRESENT,DISTRACTED,NOT_CALIBRATED,DISTRACTED,0.0,206.81,0.66
2026-02-01 16:45:38,PRESENT,DISTRACTED,NOT_CALIBRATED,DISTRACTED,0.0,207.86,0.66
2026-02-01 16:45:39,PRESENT,DISTRACTED,NOT_CALIBRATED,DISTRACTED,0.0,208.87,0.66
2026-02-01 16:45:40,PRESENT,DISTRACTED,NOT_CALIBRATED,DISTRACTED,0.0,209.97,0.66
2026-02-01 16:45:42,PRESENT,DISTRACTED,NOT_CALIBRATED,DISTRACTED,0.0,211.04,0.66
2026-02-01 16:45:43,PRESENT,DISTRACTED,NOT_CALIBRATED,DISTRACTED,0.0,212.09,0.66
2026-02-01 16:45:44,PRESENT,DISTRACTED,NOT_CALIBRATED,DISTRACTED,0.0,213.13,0.66
2026-02-01 16:45:45,PRESENT,DISTRACTED,NOT_CALIBRATED,DISTRACTED,0.0,214.18,0.66
2026-02-01 16:45:46,PRESENT,DISTRACTED,NOT_CALIBRATED,DISTRACTED,0.0,215.24,0.66
2026-02-01 16:45:47,PRESENT,DISTRACTED,NOT_CALIBRATED,DISTRACTED,0.0,216.29,0.66
2026-02-01 16:45:48,PRESENT,DISTRACTED,NOT_CALIBRATED,DISTRACTED,0.0,217.34,0.66
2026-02-01 16:45:49,PRESENT,DISTRACTED,NOT_CALIBRATED,DISTRACTED,0.0,218.35,0.66
2026-02-01 16:45:50,PRESENT,DISTRACTED,NOT_CALIBRATED,DISTRACTED,0.0,219.4,0.66
2026-02-01 16:45:51,PRESENT,DISTRACTED,NOT_CALIBRATED,DISTRACTED,0.0,220.43,0.66
2026-02-01 16:45:52,PRESENT,DISTRACTED,NOT_CALIBRATED,DISTRACTED,0.0,221.46,0.66
2026-02-01 16:45:53,PRESENT,DISTRACTED,NOT_CALIBRATED,DISTRACTED,0.0,222.52,0.66
2026-02-01 16:45:54,PRESENT,DISTRACTED,NOT_CALIBRATED,DISTRACTED,0.0,223.56,0.66
2026-02-01 16:45:55,PRESENT,DISTRACTED,NOT_CALIBRATED,DISTRACTED,0.0,224.59,0.66
2026-02-01 16:45:56,PRESENT,ATTENTIVE,NOT_CALIBRATED,DISTRACTED,0.0,225.66,0.66
2026-02-01 16:45:57,PRESENT,ATTENTIVE,NOT_CALIBRATED,DISTRACTED,0.0,226.71,0.66
2026-02-01 16:45:58,PRESENT,ATTENTIVE,NOT_CALIBRATED,DISTRACTED,0.0,227.74,0.66
2026-02-01 16:45:59,PRESENT,ATTENTIVE,NOT_CALIBRATED,DISTRACTED,0.0,228.78,0.66
2026-02-01 16:46:00,PRESENT,ATTENTIVE,NOT_CALIBRATED,DISTRACTED,0.0,229.79,0.66
2026-02-01 16:46:01,PRESENT,DISTRACTED,NOT_CALIBRATED,DISTRACTED,0.0,230.82,0.66
2026-02-01 16:46:02,PRESENT,DISTRACTED,NOT_CALIBRATED,DISTRACTED,0.0,231.83,0.66
2026-02-01 16:46:03,PRESENT,DISTRACTED,NOT_CALIBRATED,DISTRACTED,0.0,232.86,0.66
2026-02-01 16:46:04,PRESENT,DISTRACTED,NOT_CALIBRATED,DISTRACTED,0.0,233.93,0.66
2026-02-01 16:46:05,PRESENT,ATTENTIVE,attentive Eyes,ATTENTIVE,0.38,234.59,0.66
2026-02-01 16:46:06,PRESENT,ATTENTIVE,attentive Eyes,ATTENTIVE,1.38,234.59,0.66
2026-02-01 16:46:07,PRESENT,ATTENTIVE,attentive Eyes,ATTENTIVE,2.4,234.59,0.66
2026-02-01 16:46:08,PRESENT,ATTENTIVE,attentive Eyes,ATTENTIVE,3.41,234.59,0.66
2026-02-01 16:46:10,PRESENT,ATTENTIVE,attentive Eyes,ATTENTIVE,4.43,234.59,0.66
2026-02-01 16:46:11,PRESENT,ATTENTIVE,attentive Eyes,ATTENTIVE,5.38,234.65,0.66
2026-02-01 16:46:12,PRESENT,ATTENTIVE,attentive Eyes,ATTENTIVE,6.4,234.65,0.66
2026-02-01 16:46:13,PRESENT,ATTENTIVE,attentive Eyes,ATTENTIVE,7.44,234.65,0.66
2026-02-01 16:46:14,PRESENT,ATTENTIVE,attentive Eyes,ATTENTIVE,8.48,234.65,0.66
2026-02-01 16:46:15,PRESENT,ATTENTIVE,attentive Eyes,ATTENTIVE,9.5,234.65,0.66
2026-02-01 16:46:16,PRESENT,ATTENTIVE,attentive Eyes,ATTENTIVE,10.52,234.65,0.66
2026-02-01 16:46:17,PRESENT,ATTENTIVE,attentive Eyes,ATTENTIVE,11.53,234.65,0.66
2026-02-01 16:46:18,PRESENT,ATTENTIVE,attentive Eyes,ATTENTIVE,12.55,234.65,0.66
2026-02-01 16:46:19,PRESENT,ATTENTIVE,attentive Eyes,ATTENTIVE,13.56,234.65,0.66
2026-02-01 16:46:20,PRESENT,ATTENTIVE,attentive Eyes,ATTENTIVE,14.59,234.65,0.66
2026-02-01 16:46:21,PRESENT,ATTENTIVE,attentive Eyes,ATTENTIVE,15.6,234.65,0.66
2026-02-01 16:46:22,PRESENT,ATTENTIVE,attentive Eyes,ATTENTIVE,16.62,234.65,0.66
2026-02-01 16:46:23,PRESENT,ATTENTIVE,attentive Eyes,ATTENTIVE,17.64,234.65,0.66
2026-02-01 16:46:24,PRESENT,ATTENTIVE,attentive Eyes,ATTENTIVE,18.68,234.65,0.66
2026-02-01 16:46:25,PRESENT,ATTENTIVE,attentive Eyes,ATTENTIVE,19.7,234.65,0.66
2026-02-01 16:46:26,PRESENT,ATTENTIVE,attentive Eyes,ATTENTIVE,20.73,234.65,0.66
2026-02-01 16:46:27,PRESENT,ATTENTIVE,attentive Eyes,ATTENTIVE,21.77,234.65,0.66
2026-02-01 16:46:28,PRESENT,ATTENTIVE,attentive Eyes,ATTENTIVE,22.79,234.65,0.66
2026-02-01 16:46:29,PRESENT,ATTENTIVE,attentive Eyes,ATTENTIVE,23.79,234.65,0.66
2026-02-01 16:46:30,PRESENT,ATTENTIVE,attentive Eyes,ATTENTIVE,24.82,234.65,0.66
2026-02-01 16:46:31,PRESENT,ATTENTIVE,attentive Eyes,ATTENTIVE,25.85,234.65,0.66
2026-02-01 16:46:32,PRESENT,ATTENTIVE,attentive Eyes,ATTENTIVE,26.85,234.65,0.66
2026-02-01 16:46:33,PRESENT,ATTENTIVE,attentive Eyes,ATTENTIVE,27.85,234.65,0.66
2026-02-01 16:46:34,PRESENT,ATTENTIVE,attentive Eyes,ATTENTIVE,28.87,234.65,0.66
2026-02-01 16:46:35,PRESENT,ATTENTIVE,attentive Eyes,ATTENTIVE,29.88,234.65,0.66
2026-02-01 16:46:36,PRESENT,ATTENTIVE,attentive Eyes,ATTENTIVE,30.88,234.65,0.66
2026-02-01 16:46:37,PRESENT,ATTENTIVE,attentive Eyes,ATTENTIVE,31.89,234.65,0.66
2026-02-01 16:46:38,PRESENT,ATTENTIVE,attentive Eyes,ATTENTIVE,32.91,234.65,0.66
2026-02-01 16:46:39,PRESENT,ATTENTIVE,attentive Eyes,ATTENTIVE,33.93,234.65,0.66
2026-02-01 16:46:40,PRESENT,ATTENTIVE,attentive Eyes,ATTENTIVE,34.95,234.65,0.66
2026-02-01 16:46:41,PRESENT,ATTENTIVE,attentive Eyes,ATTENTIVE,35.96,234.65,0.66
2026-02-01 16:46:42,PRESENT,ATTENTIVE,attentive Eyes,ATTENTIVE,36.9,234.74,0.66
2026-02-01 16:46:43,PRESENT,ATTENTIVE,attentive Eyes,ATTENTIVE,37.74,234.91,0.66
2026-02-01 16:46:44,PRESENT,ATTENTIVE,attentive Eyes,ATTENTIVE,38.75,234.91,0.66
2026-02-01 16:46:45,PRESENT,ATTENTIVE,attentive Eyes,ATTENTIVE,39.77,234.91,0.66
2026-02-01 16:46:46,PRESENT,ATTENTIVE,attentive Eyes,ATTENTIVE,40.79,234.91,0.66
2026-02-01 16:46:47,PRESENT,ATTENTIVE,attentive Eyes,ATTENTIVE,41.82,234.91,0.66
2026-02-01 16:46:48,PRESENT,ATTENTIVE,attentive Eyes,ATTENTIVE,42.86,234.91,0.66
2026-02-01 16:46:49,PRESENT,ATTENTIVE,attentive Eyes,ATTENTIVE,43.87,234.91,0.66
2026-02-01 16:46:50,PRESENT,ATTENTIVE,attentive Eyes,ATTENTIVE,44.88,234.91,0.66
2026-02-01 16:46:51,PRESENT,ATTENTIVE,attentive Eyes,ATTENTIVE,45.9,234.91,0.66
2026-02-01 16:46:52,PRESENT,ATTENTIVE,attentive Eyes,ATTENTIVE,46.91,234.91,0.66
2026-02-01 16:46:53,PRESENT,ATTENTIVE,attentive Eyes,ATTENTIVE,47.94,234.91,0.66
2026-02-01 16:46:54,PRESENT,ATTENTIVE,attentive Eyes,ATTENTIVE,48.97,234.91,0.66
2026-02-01 16:46:55,PRESENT,ATTENTIVE,attentive Eyes,ATTENTIVE,49.98,234.91,0.66
2026-02-01 16:46:56,PRESENT,ATTENTIVE,attentive Eyes,ATTENTIVE,50.99,234.91,0.66
2026-02-01 16:46:57,PRESENT,ATTENTIVE,attentive Eyes,ATTENTIVE,52.03,234.91,0.66
2026-02-01 16:46:58,PRESENT,ATTENTIVE,attentive Eyes,ATTENTIVE,53.05,234.91,0.66
2026-02-01 16:46:59,PRESENT,ATTENTIVE,attentive Eyes,ATTENTIVE,54.06,234.91,0.66
2026-02-01 16:47:00,PRESENT,ATTENTIVE,attentive Eyes,ATTENTIVE,55.02,234.97,0.66
2026-02-01 16:47:02,PRESENT,ATTENTIVE,attentive Eyes,ATTENTIVE,56.05,234.97,0.66
2026-02-01 16:47:03,PRESENT,ATTENTIVE,attentive Eyes,ATTENTIVE,57.06,234.97,0.66
2026-02-01 16:47:04,PRESENT,ATTENTIVE,attentive Eyes,ATTENTIVE,58.08,234.97,0.66
2026-02-01 16:47:05,PRESENT,ATTENTIVE,attentive Eyes,ATTENTIVE,59.11,234.97,0.66
2026-02-01 16:47:06,PRESENT,ATTENTIVE,attentive Eyes,ATTENTIVE,60.13,234.97,0.66
2026-02-01 16:47:07,PRESENT,ATTENTIVE,attentive Eyes,ATTENTIVE,61.17,234.97,0.66
2026-02-01 16:47:08,PRESENT,ATTENTIVE,attentive Eyes,ATTENTIVE,62.19,234.97,0.66
2026-02-01 16:47:09,PRESENT,ATTENTIVE,attentive Eyes,ATTENTIVE,63.2,234.97,0.66
2026-02-01 16:47:10,PRESENT,ATTENTIVE,attentive Eyes,ATTENTIVE,64.23,234.97,0.66
2026-02-01 16:47:11,PRESENT,ATTENTIVE,attentive Eyes,ATTENTIVE,65.26,234.97,0.66
2026-02-01 16:47:12,PRESENT,ATTENTIVE,attentive Eyes,ATTENTIVE,66.27,234.97,0.66
2026-02-01 16:47:13,PRESENT,ATTENTIVE,attentive Eyes,ATTENTIVE,67.28,234.97,0.66
2026-02-01 16:47:14,PRESENT,ATTENTIVE,attentive Eyes,ATTENTIVE,68.31,234.97,0.66
2026-02-01 16:47:15,PRESENT,ATTENTIVE,attentive Eyes,ATTENTIVE,69.34,234.97,0.66
2026-02-01 16:47:16,PRESENT,ATTENTIVE,attentive Eyes,ATTENTIVE,70.35,234.97,0.66
2026-02-01 16:47:17,PRESENT,ATTENTIVE,attentive Eyes,ATTENTIVE,71.37,234.97,0.66
2026-02-01 16:47:18,PRESENT,ATTENTIVE,attentive Eyes,ATTENTIVE,72.4,234.97,0.66
2026-02-01 16:47:19,PRESENT,ATTENTIVE,attentive Eyes,ATTENTIVE,73.42,234.97,0.66
2026-02-01 16:47:20,PRESENT,ATTENTIVE,attentive Eyes,ATTENTIVE,74.43,234.97,0.66
2026-02-01 16:47:21,PRESENT,ATTENTIVE,attentive Eyes,ATTENTIVE,75.46,234.97,0.66
2026-02-01 16:47:22,PRESENT,ATTENTIVE,attentive Eyes,ATTENTIVE,76.48,234.97,0.66
2026-02-01 16:47:23,PRESENT,ATTENTIVE,attentive Eyes,ATTENTIVE,77.49,234.97,0.66
2026-02-01 16:47:24,PRESENT,ATTENTIVE,attentive Eyes,ATTENTIVE,78.5,234.97,0.66
2026-02-01 16:47:25,PRESENT,ATTENTIVE,attentive Eyes,ATTENTIVE,79.55,234.97,0.66
2026-02-01 16:47:26,PRESENT,ATTENTIVE,attentive Eyes,ATTENTIVE,80.59,234.97,0.66
2026-02-01 16:47:27,PRESENT,ATTENTIVE,attentive Eyes,ATTENTIVE,81.65,234.97,0.66
2026-02-01 16:47:28,PRESENT,ATTENTIVE,attentive Eyes,ATTENTIVE,82.69,234.97,0.66
2026-02-01 16:47:29,PRESENT,ATTENTIVE,attentive Eyes,ATTENTIVE,83.71,234.97,0.66
2026-02-01 16:47:30,PRESENT,ATTENTIVE,attentive Eyes,ATTENTIVE,84.72,234.97,0.66
2026-02-01 16:49:24,PRESENT,DISTRACTED,NOT_CALIBRATED,DISTRACTED,0.0,0.34,0.69
2026-02-01 16:49:25,PRESENT,ATTENTIVE,NOT_CALIBRATED,DISTRACTED,0.0,1.34,0.69
2026-02-01 16:49:26,PRESENT,ATTENTIVE,attentive Eyes,ATTENTIVE,0.28,2.11,0.69
2026-02-01 16:49:27,PRESENT,ATTENTIVE,attentive Eyes,ATTENTIVE,1.3,2.11,0.69
2026-02-01 16:49:29,PRESENT,ATTENTIVE,attentive Eyes,ATTENTIVE,2.31,2.11,0.69
2026-02-01 16:49:30,PRESENT,ATTENTIVE,attentive Eyes,ATTENTIVE,3.33,2.11,0.69
2026-02-01 16:49:31,PRESENT,ATTENTIVE,attentive Eyes,ATTENTIVE,4.34,2.11,0.69
2026-02-01 16:49:32,PRESENT,ATTENTIVE,attentive Eyes,ATTENTIVE,5.35,2.11,0.69
2026-02-01 16:49:33,PRESENT,ATTENTIVE,attentive Eyes,ATTENTIVE,6.38,2.11,0.69
2026-02-01 16:49:34,PRESENT,ATTENTIVE,attentive Eyes,ATTENTIVE,7.4,2.11,0.69
2026-02-01 16:49:35,PRESENT,ATTENTIVE,attentive Eyes,ATTENTIVE,8.4,2.11,0.69
2026-02-01 16:49:36,PRESENT,ATTENTIVE,attentive Eyes,ATTENTIVE,9.43,2.11,0.69
2026-02-01 16:49:37,PRESENT,ATTENTIVE,attentive Eyes,ATTENTIVE,10.46,2.11,0.69
2026-02-01 16:49:38,PRESENT,ATTENTIVE,NO_FACE,DISTRACTED,11.26,2.32,0.69
2026-02-01 16:49:39,PRESENT,ATTENTIVE,attentive Eyes,ATTENTIVE,11.43,3.15,0.69
2026-02-01 16:49:40,PRESENT,ATTENTIVE,attentive Eyes,ATTENTIVE,12.46,3.15,0.69
2026-02-01 16:49:41,PRESENT,ATTENTIVE,attentive Eyes,ATTENTIVE,13.47,3.15,0.69
2026-02-01 16:49:42,PRESENT,ATTENTIVE,attentive Eyes,ATTENTIVE,14.5,3.15,0.69
2026-02-01 16:49:43,PRESENT,ATTENTIVE,attentive Eyes,ATTENTIVE,15.53,3.15,0.69
2026-02-01 16:49:44,PRESENT,ATTENTIVE,attentive Eyes,ATTENTIVE,16.56,3.15,0.69
2026-02-01 16:49:45,PRESENT,ATTENTIVE,attentive Eyes,ATTENTIVE,17.58,3.15,0.69
2026-02-01 16:49:46,PRESENT,ATTENTIVE,attentive Eyes,ATTENTIVE,18.59,3.15,0.69
2026-02-01 16:49:47,PRESENT,ATTENTIVE,attentive Eyes,ATTENTIVE,19.57,3.19,0.69
2026-02-01 16:49:48,PRESENT,ATTENTIVE,attentive Eyes,ATTENTIVE,20.6,3.19,0.69
2026-02-01 16:49:49,PRESENT,ATTENTIVE,attentive Eyes,ATTENTIVE,21.6,3.19,0.69
2026-02-01 16:49:50,PRESENT,ATTENTIVE,attentive Eyes,ATTENTIVE,22.61,3.19,0.69
2026-02-01 16:49:51,PRESENT,ATTENTIVE,attentive Eyes,ATTENTIVE,23.64,3.19,0.69
2026-02-01 16:49:52,PRESENT,ATTENTIVE,attentive Eyes,ATTENTIVE,24.66,3.19,0.69
2026-02-01 16:49:53,PRESENT,ATTENTIVE,attentive Eyes,ATTENTIVE,25.66,3.19,0.69
2026-02-01 16:49:54,PRESENT,ATTENTIVE,attentive Eyes,ATTENTIVE,26.69,3.19,0.69
2026-02-01 16:49:55,PRESENT,NO_FACE,NOT_CALIBRATED,DISTRACTED,27.45,3.46,0.69
2026-02-01 16:49:56,PRESENT,ATTENTIVE,attentive Eyes,ATTENTIVE,28.38,3.55,0.69
2026-02-01 16:49:57,PRESENT,ATTENTIVE,attentive Eyes,ATTENTIVE,29.41,3.55,0.69
2026-02-01 16:49:58,PRESENT,ATTENTIVE,attentive Eyes,ATTENTIVE,30.42,3.55,0.69
2026-02-01 16:49:59,PRESENT,ATTENTIVE,attentive Eyes,ATTENTIVE,31.44,3.55,0.69
2026-02-01 16:50:00,PRESENT,ATTENTIVE,attentive Eyes,ATTENTIVE,32.46,3.55,0.69
2026-02-01 16:50:01,PRESENT,ATTENTIVE,attentive Eyes,ATTENTIVE,33.48,3.55,0.69
2026-02-01 16:50:02,PRESENT,ATTENTIVE,attentive Eyes,ATTENTIVE,34.49,3.55,0.69
2026-02-01 16:50:03,PRESENT,ATTENTIVE,attentive Eyes,ATTENTIVE,35.49,3.55,0.69
2026-02-01 16:50:04,PRESENT,ATTENTIVE,attentive Eyes,ATTENTIVE,36.51,3.55,0.69
2026-02-01 16:50:05,PRESENT,ATTENTIVE,attentive Eyes,ATTENTIVE,37.53,3.55,0.69
2026-02-01 16:50:06,PRESENT,ATTENTIVE,attentive Eyes,ATTENTIVE,38.55,3.55,0.69
2026-02-01 16:50:07,PRESENT,ATTENTIVE,attentive Eyes,ATTENTIVE,39.55,3.55,0.69
2026-02-01 16:50:08,PRESENT,ATTENTIVE,attentive Eyes,ATTENTIVE,40.55,3.55,0.69
2026-02-01 16:50:09,PRESENT,ATTENTIVE,attentive Eyes,ATTENTIVE,41.32,3.79,0.69
2026-02-01 16:50:10,PRESENT,ATTENTIVE,attentive Eyes,ATTENTIVE,42.33,3.79,0.69
2026-02-01 16:50:11,PRESENT,ATTENTIVE,attentive Eyes,ATTENTIVE,43.29,3.83,0.69
2026-02-01 16:50:12,PRESENT,ATTENTIVE,attentive Eyes,ATTENTIVE,44.31,3.83,0.69
2026-02-01 16:50:13,PRESENT,ATTENTIVE,attentive Eyes,ATTENTIVE,45.35,3.83,0.69
2026-02-01 16:50:14,PRESENT,ATTENTIVE,attentive Eyes,ATTENTIVE,46.37,3.83,0.69
2026-02-01 16:50:15,PRESENT,ATTENTIVE,attentive Eyes,ATTENTIVE,47.37,3.83,0.69
2026-02-01 16:50:16,PRESENT,ATTENTIVE,attentive Eyes,ATTENTIVE,48.39,3.83,0.69
2026-02-01 16:56:54,PRESENT,DISTRACTED,NOT_CALIBRATED,DISTRACTED,0.0,0.31,0.69
2026-02-01 16:56:55,PRESENT,ATTENTIVE,NOT_CALIBRATED,DISTRACTED,0.0,1.39,0.69
2026-02-01 16:56:56,PRESENT,ATTENTIVE,NOT_CALIBRATED,DISTRACTED,0.0,2.41,0.69
2026-02-01 16:56:57,PRESENT,ATTENTIVE,NOT_CALIBRATED,DISTRACTED,0.0,3.81,0.69
2026-02-01 16:56:58,PRESENT,ATTENTIVE,attentive Eyes,ATTENTIVE,0.4,4.43,0.69
2026-02-01 16:56:59,PRESENT,ATTENTIVE,attentive Eyes,ATTENTIVE,1.41,4.43,0.69
2026-02-01 16:57:01,PRESENT,ATTENTIVE,attentive Eyes,ATTENTIVE,2.42,4.43,0.69
2026-02-01 16:57:02,PRESENT,ATTENTIVE,attentive Eyes,ATTENTIVE,3.45,4.43,0.69
2026-02-01 16:57:03,PRESENT,ATTENTIVE,attentive Eyes,ATTENTIVE,4.48,4.43,0.69
2026-02-01 16:57:04,PRESENT,ATTENTIVE,attentive Eyes,ATTENTIVE,5.51,4.43,0.69
2026-02-01 16:57:05,PRESENT,ATTENTIVE,attentive Eyes,ATTENTIVE,6.54,4.43,0.69
2026-02-01 16:57:06,PRESENT,ATTENTIVE,attentive Eyes,ATTENTIVE,7.56,4.43,0.69
2026-02-01 16:57:07,PRESENT,ATTENTIVE,attentive Eyes,ATTENTIVE,8.59,4.43,0.69
2026-02-01 16:57:08,PRESENT,ATTENTIVE,attentive Eyes,ATTENTIVE,9.6,4.43,0.69
2026-02-01 16:57:09,PRESENT,ATTENTIVE,attentive Eyes,ATTENTIVE,10.62,4.43,0.69
2026-02-01 16:57:10,PRESENT,ATTENTIVE,attentive Eyes,ATTENTIVE,11.65,4.43,0.69
2026-02-01 16:57:11,PRESENT,ATTENTIVE,attentive Eyes,ATTENTIVE,12.69,4.43,0.69
2026-02-01 16:57:12,PRESENT,ATTENTIVE,attentive Eyes,ATTENTIVE,13.71,4.43,0.69
2026-02-01 16:57:13,PRESENT,ATTENTIVE,attentive Eyes,ATTENTIVE,14.72,4.43,0.69
2026-02-01 16:57:14,PRESENT,ATTENTIVE,attentive Eyes,ATTENTIVE,15.74,4.43,0.69
2026-02-01 16:57:15,PRESENT,ATTENTIVE,attentive Eyes,ATTENTIVE,16.75,4.43,0.69
2026-02-01 16:57:16,PRESENT,ATTENTIVE,attentive Eyes,ATTENTIVE,17.58,4.63,0.69
2026-02-01 16:57:17,PRESENT,ATTENTIVE,attentive Eyes,ATTENTIVE,18.59,4.63,0.69
2026-02-01 16:57:18,PRESENT,ATTENTIVE,NO_FACE,DISTRACTED,19.0,5.26,0.69
2026-02-01 16:57:19,PRESENT,NO_FACE,NOT_CALIBRATED,DISTRACTED,19.0,6.29,0.69
2026-02-01 16:57:20,PRESENT,ATTENTIVE,attentive Eyes,ATTENTIVE,19.71,6.6,0.69
2026-02-01 16:57:21,PRESENT,ATTENTIVE,attentive Eyes,ATTENTIVE,20.73,6.6,0.69
2026-02-01 16:57:22,PRESENT,ATTENTIVE,attentive Eyes,ATTENTIVE,21.74,6.6,0.69
2026-02-01 16:57:23,PRESENT,ATTENTIVE,attentive Eyes,ATTENTIVE,22.77,6.6,0.69
2026-02-01 16:57:24,PRESENT,ATTENTIVE,attentive Eyes,ATTENTIVE,23.81,6.6,0.69
2026-02-01 16:57:25,PRESENT,ATTENTIVE,attentive Eyes,ATTENTIVE,24.64,6.8,0.69
2026-02-01 16:57:26,PRESENT,ATTENTIVE,attentive Eyes,ATTENTIVE,25.57,6.87,0.69
2026-02-01 16:57:27,PRESENT,ATTENTIVE,attentive Eyes,ATTENTIVE,26.59,6.87,0.69
2026-02-01 16:57:28,PRESENT,ATTENTIVE,attentive Eyes,ATTENTIVE,26.81,7.66,0.69
2026-02-01 16:57:29,PRESENT,ATTENTIVE,attentive Eyes,ATTENTIVE,27.81,7.66,0.69
2026-02-01 16:57:30,PRESENT,ATTENTIVE,attentive Eyes,ATTENTIVE,28.82,7.66,0.69
2026-02-01 16:57:31,PRESENT,ATTENTIVE,attentive Eyes,ATTENTIVE,29.85,7.66,0.69
2026-02-01 16:57:32,PRESENT,ATTENTIVE,attentive Eyes,ATTENTIVE,30.85,7.66,0.69
2026-02-01 16:57:33,PRESENT,ATTENTIVE,attentive Eyes,ATTENTIVE,31.88,7.66,0.69
2026-02-01 16:57:34,PRESENT,ATTENTIVE,attentive Eyes,ATTENTIVE,32.91,7.66,0.69
2026-02-01 16:57:35,PRESENT,ATTENTIVE,attentive Eyes,ATTENTIVE,33.91,7.66,0.69
2026-02-01 16:58:23,PRESENT,DISTRACTED,NOT_CALIBRATED,DISTRACTED,0.0,0.43,0.65
2026-02-01 16:58:24,PRESENT,DISTRACTED,NOT_CALIBRATED,DISTRACTED,0.0,1.48,0.65
2026-02-01 16:58:25,PRESENT,DISTRACTED,NOT_CALIBRATED,DISTRACTED,0.0,2.48,0.65
2026-02-01 16:58:26,PRESENT,DISTRACTED,NOT_CALIBRATED,DISTRACTED,0.0,3.48,0.65
2026-02-01 16:58:27,PRESENT,ATTENTIVE,attentive Eyes,ATTENTIVE,0.95,3.56,0.65
2026-02-01 16:58:28,PRESENT,ATTENTIVE,attentive Eyes,ATTENTIVE,1.97,3.56,0.65
2026-02-01 16:58:29,PRESENT,ATTENTIVE,attentive Eyes,ATTENTIVE,2.97,3.56,0.65
2026-02-01 16:58:30,PRESENT,ATTENTIVE,attentive Eyes,ATTENTIVE,4.0,3.56,0.65
2026-02-01 16:58:31,PRESENT,ATTENTIVE,attentive Eyes,ATTENTIVE,5.03,3.56,0.65
2026-02-01 16:58:32,PRESENT,ATTENTIVE,attentive Eyes,ATTENTIVE,6.04,3.56,0.65
2026-02-01 16:58:33,PRESENT,ATTENTIVE,attentive Eyes,ATTENTIVE,7.06,3.56,0.65
2026-02-01 16:58:34,PRESENT,ATTENTIVE,attentive Eyes,ATTENTIVE,8.09,3.56,0.65
2026-02-01 16:58:35,PRESENT,ATTENTIVE,attentive Eyes,ATTENTIVE,9.1,3.56,0.65
2026-02-01 16:58:36,PRESENT,ATTENTIVE,attentive Eyes,ATTENTIVE,10.13,3.56,0.65
2026-02-01 16:58:37,PRESENT,ATTENTIVE,attentive Eyes,ATTENTIVE,11.17,3.56,0.65
2026-02-01 16:58:38,PRESENT,ATTENTIVE,attentive Eyes,ATTENTIVE,12.19,3.56,0.65
2026-02-01 16:58:39,PRESENT,ATTENTIVE,attentive Eyes,ATTENTIVE,13.2,3.56,0.65
2026-02-01 16:58:40,PRESENT,ATTENTIVE,attentive Eyes,ATTENTIVE,14.22,3.56,0.65
2026-02-01 16:58:41,PRESENT,ATTENTIVE,attentive Eyes,ATTENTIVE,15.24,3.56,0.65
2026-02-01 16:58:42,PRESENT,ATTENTIVE,attentive Eyes,ATTENTIVE,15.67,4.15,0.65
2026-02-01 16:58:44,PRESENT,ATTENTIVE,NO_FACE,DISTRACTED,16.34,4.5,0.65
2026-02-01 16:58:45,PRESENT,ATTENTIVE,attentive Eyes,ATTENTIVE,17.05,4.81,0.65
2026-02-01 16:58:46,PRESENT,ATTENTIVE,attentive Eyes,ATTENTIVE,18.01,4.87,0.65
2026-02-01 16:58:47,PRESENT,ATTENTIVE,attentive Eyes,ATTENTIVE,19.05,4.87,0.65
2026-02-01 16:58:48,PRESENT,NO_FACE,NOT_CALIBRATED,DISTRACTED,20.01,4.93,0.65
2026-02-01 16:58:49,PRESENT,NO_FACE,NOT_CALIBRATED,DISTRACTED,20.82,5.14,0.65
2026-02-01 16:58:50,PRESENT,ATTENTIVE,attentive Eyes,ATTENTIVE,21.61,5.37,0.65
2026-02-01 16:58:51,PRESENT,ATTENTIVE,attentive Eyes,ATTENTIVE,22.63,5.37,0.65
2026-02-01 16:58:52,PRESENT,ATTENTIVE,attentive Eyes,ATTENTIVE,23.65,5.37,0.65
2026-02-01 16:58:53,PRESENT,ATTENTIVE,attentive Eyes,ATTENTIVE,24.66,5.37,0.65
2026-02-01 16:58:54,PRESENT,ATTENTIVE,attentive Eyes,ATTENTIVE,25.69,5.37,0.65
2026-02-01 16:58:55,PRESENT,ATTENTIVE,attentive Eyes,ATTENTIVE,26.7,5.37,0.65
2026-02-01 16:58:56,PRESENT,ATTENTIVE,attentive Eyes,ATTENTIVE,27.71,5.37,0.65
2026-02-01 16:58:57,PRESENT,ATTENTIVE,attentive Eyes,ATTENTIVE,28.74,5.37,0.65
2026-02-01 16:58:58,PRESENT,ATTENTIVE,attentive Eyes,ATTENTIVE,29.75,5.37,0.65
2026-02-01 16:58:59,PRESENT,ATTENTIVE,attentive Eyes,ATTENTIVE,30.75,5.37,0.65
2026-02-01 16:59:00,PRESENT,ATTENTIVE,attentive Eyes,ATTENTIVE,31.76,5.37,0.65
2026-02-01 16:59:28,PRESENT,DISTRACTED,NOT_CALIBRATED,DISTRACTED,0.0,0.34,0.67
2026-02-01 16:59:29,PRESENT,ATTENTIVE,attentive Eyes,ATTENTIVE,0.44,0.94,0.67
2026-02-01 16:59:30,PRESENT,ATTENTIVE,attentive Eyes,ATTENTIVE,1.47,0.94,0.67
2026-02-01 16:59:31,PRESENT,ATTENTIVE,attentive Eyes,ATTENTIVE,2.47,0.94,0.67
2026-02-01 16:59:32,PRESENT,ATTENTIVE,attentive Eyes,ATTENTIVE,3.5,0.94,0.67
2026-02-01 16:59:33,PRESENT,ATTENTIVE,attentive Eyes,ATTENTIVE,4.53,0.94,0.67
2026-02-01 16:59:34,PRESENT,ATTENTIVE,attentive Eyes,ATTENTIVE,5.53,0.94,0.67
2026-02-01 16:59:35,PRESENT,ATTENTIVE,attentive Eyes,ATTENTIVE,6.55,0.94,0.67
2026-02-01 16:59:36,PRESENT,ATTENTIVE,attentive Eyes,ATTENTIVE,7.57,0.94,0.67
2026-02-01 16:59:37,PRESENT,ATTENTIVE,attentive Eyes,ATTENTIVE,8.59,0.94,0.67
2026-02-01 16:59:38,PRESENT,ATTENTIVE,attentive Eyes,ATTENTIVE,9.63,0.94,0.67
2026-02-01 16:59:40,PRESENT,ATTENTIVE,attentive Eyes,ATTENTIVE,10.65,0.94,0.67
2026-02-01 16:59:41,PRESENT,ATTENTIVE,attentive Eyes,ATTENTIVE,11.66,0.94,0.67
2026-02-01 16:59:42,PRESENT,ATTENTIVE,attentive Eyes,ATTENTIVE,12.68,0.94,0.67
2026-02-01 16:59:43,PRESENT,ATTENTIVE,attentive Eyes,ATTENTIVE,13.69,0.94,0.67
2026-02-01 16:59:44,PRESENT,ATTENTIVE,attentive Eyes,ATTENTIVE,14.7,0.94,0.67
2026-02-01 16:59:45,PRESENT,ATTENTIVE,attentive Eyes,ATTENTIVE,15.73,0.94,0.67
2026-02-01 16:59:46,PRESENT,ATTENTIVE,attentive Eyes,ATTENTIVE,16.73,0.94,0.67
2026-02-01 16:59:47,PRESENT,ATTENTIVE,attentive Eyes,ATTENTIVE,17.76,0.94,0.67
2026-02-01 16:59:48,PRESENT,ATTENTIVE,attentive Eyes,ATTENTIVE,18.77,0.94,0.67
2026-02-01 16:59:49,PRESENT,ATTENTIVE,attentive Eyes,ATTENTIVE,19.79,0.94,0.67
2026-02-01 16:59:50,PRESENT,ATTENTIVE,attentive Eyes,ATTENTIVE,20.8,0.94,0.67
2026-02-01 16:59:51,PRESENT,ATTENTIVE,attentive Eyes,ATTENTIVE,21.82,0.94,0.67
2026-02-01 16:59:52,PRESENT,ATTENTIVE,attentive Eyes,ATTENTIVE,22.84,0.94,0.67
2026-02-01 16:59:53,PRESENT,ATTENTIVE,attentive Eyes,ATTENTIVE,23.88,0.94,0.67
2026-02-01 16:59:54,PRESENT,ATTENTIVE,attentive Eyes,ATTENTIVE,24.9,0.94,0.67
2026-02-01 16:59:55,PRESENT,ATTENTIVE,attentive Eyes,ATTENTIVE,25.9,0.94,0.67
2026-02-01 16:59:56,PRESENT,ATTENTIVE,attentive Eyes,ATTENTIVE,26.93,0.94,0.67
2026-02-01 16:59:57,PRESENT,ATTENTIVE,attentive Eyes,ATTENTIVE,27.93,0.94,0.67
2026-02-01 16:59:58,PRESENT,ATTENTIVE,attentive Eyes,ATTENTIVE,28.95,0.94,0.67
2026-02-01 16:59:59,PRESENT,ATTENTIVE,attentive Eyes,ATTENTIVE,29.96,0.94,0.67
2026-02-01 17:00:00,PRESENT,ATTENTIVE,attentive Eyes,ATTENTIVE,30.96,0.94,0.67
2026-02-01 17:00:01,PRESENT,ATTENTIVE,attentive Eyes,ATTENTIVE,31.96,0.94,0.67
2026-02-01 17:00:02,PRESENT,ATTENTIVE,attentive Eyes,ATTENTIVE,32.99,0.94,0.67
2026-02-01 17:00:03,PRESENT,ATTENTIVE,attentive Eyes,ATTENTIVE,34.02,0.94,0.67
2026-02-01 17:00:04,PRESENT,ATTENTIVE,attentive Eyes,ATTENTIVE,35.04,0.94,0.67
2026-02-01 17:00:05,PRESENT,ATTENTIVE,attentive Eyes,ATTENTIVE,36.04,0.97,0.67
2026-02-01 17:00:06,PRESENT,ATTENTIVE,attentive Eyes,ATTENTIVE,36.87,1.14,0.67
2026-02-01 17:00:07,PRESENT,ATTENTIVE,attentive Eyes,ATTENTIVE,37.88,1.14,0.67
2026-02-01 17:00:08,PRESENT,ATTENTIVE,attentive Eyes,ATTENTIVE,38.9,1.14,0.67
2026-02-01 17:00:09,PRESENT,ATTENTIVE,attentive Eyes,ATTENTIVE,39.94,1.14,0.67
2026-02-01 17:00:10,PRESENT,ATTENTIVE,attentive Eyes,ATTENTIVE,40.95,1.14,0.67
2026-02-01 17:00:11,PRESENT,ATTENTIVE,attentive Eyes,ATTENTIVE,41.96,1.14,0.67
2026-02-01 17:00:12,PRESENT,ATTENTIVE,attentive Eyes,ATTENTIVE,42.97,1.14,0.67
2026-02-01 17:00:13,PRESENT,ATTENTIVE,attentive Eyes,ATTENTIVE,43.98,1.14,0.67
2026-02-01 17:00:14,PRESENT,ATTENTIVE,attentive Eyes,ATTENTIVE,45.01,1.14,0.67
2026-02-01 17:00:15,PRESENT,ATTENTIVE,attentive Eyes,ATTENTIVE,46.04,1.14,0.67
2026-02-01 17:00:16,PRESENT,ATTENTIVE,attentive Eyes,ATTENTIVE,47.07,1.14,0.67
2026-02-01 17:00:17,PRESENT,ATTENTIVE,attentive Eyes,ATTENTIVE,48.1,1.14,0.67
2026-02-01 17:00:18,PRESENT,ATTENTIVE,attentive Eyes,ATTENTIVE,49.13,1.14,0.67
2026-02-01 17:00:19,PRESENT,ATTENTIVE,attentive Eyes,ATTENTIVE,50.14,1.14,0.67
2026-02-01 17:00:20,PRESENT,ATTENTIVE,attentive Eyes,ATTENTIVE,51.16,1.14,0.67
2026-02-01 17:00:21,PRESENT,ATTENTIVE,attentive Eyes,ATTENTIVE,52.19,1.14,0.67
2026-02-01 17:00:22,PRESENT,ATTENTIVE,attentive Eyes,ATTENTIVE,53.2,1.14,0.67
2026-02-01 17:00:23,PRESENT,ATTENTIVE,attentive Eyes,ATTENTIVE,54.21,1.14,0.67
2026-02-01 17:00:24,PRESENT,ATTENTIVE,attentive Eyes,ATTENTIVE,55.25,1.14,0.67
2026-02-01 17:00:25,PRESENT,NO_FACE,NOT_CALIBRATED,DISTRACTED,55.72,1.67,0.67
2026-02-01 17:00:26,PRESENT,ATTENTIVE,attentive Eyes,ATTENTIVE,56.55,1.85,0.67
2026-02-01 17:00:27,PRESENT,ATTENTIVE,attentive Eyes,ATTENTIVE,57.57,1.85,0.67
2026-02-01 17:00:28,PRESENT,ATTENTIVE,attentive Eyes,ATTENTIVE,58.59,1.85,0.67
2026-02-01 17:00:29,PRESENT,ATTENTIVE,attentive Eyes,ATTENTIVE,59.6,1.85,0.67
2026-02-01 17:00:30,PRESENT,ATTENTIVE,attentive Eyes,ATTENTIVE,60.62,1.85,0.67
2026-02-01 17:00:31,PRESENT,ATTENTIVE,attentive Eyes,ATTENTIVE,61.65,1.85,0.67
2026-02-01 17:00:32,PRESENT,ATTENTIVE,attentive Eyes,ATTENTIVE,62.68,1.85,0.67
2026-02-01 17:00:33,PRESENT,ATTENTIVE,attentive Eyes,ATTENTIVE,63.68,1.85,0.67
2026-02-01 17:00:34,PRESENT,ATTENTIVE,attentive Eyes,ATTENTIVE,64.71,1.85,0.67
2026-02-01 17:00:36,PRESENT,ATTENTIVE,attentive Eyes,ATTENTIVE,65.74,1.85,0.67
2026-02-01 17:00:37,PRESENT,ATTENTIVE,attentive Eyes,ATTENTIVE,66.74,1.85,0.67
2026-02-01 17:00:38,PRESENT,ATTENTIVE,attentive Eyes,ATTENTIVE,67.75,1.85,0.67
2026-02-01 17:00:39,PRESENT,ATTENTIVE,attentive Eyes,ATTENTIVE,68.71,1.93,0.67
2026-02-01 17:00:40,PRESENT,ATTENTIVE,attentive Eyes,ATTENTIVE,69.72,1.93,0.67
2026-02-01 17:00:41,PRESENT,ATTENTIVE,attentive Eyes,ATTENTIVE,70.73,1.93,0.67
2026-02-01 17:00:42,PRESENT,NO_FACE,NOT_CALIBRATED,DISTRACTED,71.65,2.02,0.67
2026-02-01 17:00:43,PRESENT,NO_FACE,NOT_CALIBRATED,DISTRACTED,71.65,3.04,0.67
2026-02-01 17:00:44,PRESENT,ATTENTIVE,attentive Eyes,ATTENTIVE,72.21,3.51,0.67
2026-02-01 17:00:45,PRESENT,ATTENTIVE,attentive Eyes,ATTENTIVE,73.22,3.51,0.67
2026-02-01 17:00:46,PRESENT,ATTENTIVE,attentive Eyes,ATTENTIVE,74.22,3.51,0.67
2026-02-01 17:00:47,PRESENT,ATTENTIVE,attentive Eyes,ATTENTIVE,75.25,3.51,0.67
2026-02-01 17:00:48,PRESENT,ATTENTIVE,attentive Eyes,ATTENTIVE,76.27,3.51,0.67
2026-02-01 17:00:49,PRESENT,ATTENTIVE,attentive Eyes,ATTENTIVE,77.3,3.51,0.67
2026-02-01 17:00:50,PRESENT,NO_FACE,NOT_CALIBRATED,DISTRACTED,78.23,3.6,0.67
2026-02-01 17:00:51,PRESENT,NO_FACE,NOT_CALIBRATED,DISTRACTED,78.33,4.51,0.67
2026-02-01 17:00:52,PRESENT,ATTENTIVE,attentive Eyes,ATTENTIVE,79.03,4.83,0.67
2026-02-01 17:00:53,PRESENT,ATTENTIVE,attentive Eyes,ATTENTIVE,80.06,4.83,0.67
2026-02-01 17:00:54,PRESENT,ATTENTIVE,attentive Eyes,ATTENTIVE,81.07,4.83,0.67
2026-02-01 17:00:55,PRESENT,ATTENTIVE,attentive Eyes,ATTENTIVE,82.08,4.83,0.67
2026-02-01 17:00:56,PRESENT,ATTENTIVE,attentive Eyes,ATTENTIVE,83.1,4.83,0.67
2026-02-01 17:00:57,PRESENT,ATTENTIVE,attentive Eyes,ATTENTIVE,84.12,4.83,0.67
2026-02-01 17:00:58,PRESENT,ATTENTIVE,attentive Eyes,ATTENTIVE,85.12,4.83,0.67
2026-02-01 17:00:59,PRESENT,ATTENTIVE,attentive Eyes,ATTENTIVE,86.13,4.83,0.67
2026-02-01 17:01:00,PRESENT,ATTENTIVE,attentive Eyes,ATTENTIVE,87.16,4.83,0.67
2026-02-01 17:01:01,PRESENT,ATTENTIVE,attentive Eyes,ATTENTIVE,88.17,4.83,0.67
2026-02-01 17:01:02,PRESENT,ATTENTIVE,attentive Eyes,ATTENTIVE,89.21,4.83,0.67
2026-02-01 17:01:03,PRESENT,ATTENTIVE,attentive Eyes,ATTENTIVE,90.23,4.83,0.67
2026-02-01 17:01:04,PRESENT,ATTENTIVE,attentive Eyes,ATTENTIVE,91.25,4.83,0.67
2026-02-01 17:01:05,PRESENT,ATTENTIVE,attentive Eyes,ATTENTIVE,92.26,4.83,0.67
2026-02-01 17:01:06,PRESENT,ATTENTIVE,attentive Eyes,ATTENTIVE,93.29,4.83,0.67
2026-02-01 17:01:07,PRESENT,ATTENTIVE,attentive Eyes,ATTENTIVE,94.33,4.83,0.67
2026-02-01 17:01:08,PRESENT,ATTENTIVE,attentive Eyes,ATTENTIVE,95.35,4.83,0.67
2026-02-01 17:01:09,PRESENT,ATTENTIVE,attentive Eyes,ATTENTIVE,96.35,4.83,0.67
2026-02-01 17:01:10,PRESENT,ATTENTIVE,attentive Eyes,ATTENTIVE,97.2,5.0,0.67
2026-02-01 17:01:11,PRESENT,ATTENTIVE,attentive Eyes,ATTENTIVE,98.2,5.0,0.67
2026-02-01 17:01:12,PRESENT,ATTENTIVE,attentive Eyes,ATTENTIVE,98.71,5.49,0.67
2026-02-01 17:01:13,PRESENT,ATTENTIVE,attentive Eyes,ATTENTIVE,99.44,5.79,0.67
2026-02-01 17:01:14,PRESENT,ATTENTIVE,attentive Eyes,ATTENTIVE,100.47,5.79,0.67
2026-02-01 17:01:15,PRESENT,ATTENTIVE,attentive Eyes,ATTENTIVE,101.49,5.79,0.67
2026-02-01 17:01:16,PRESENT,ATTENTIVE,attentive Eyes,ATTENTIVE,102.52,5.79,0.67
2026-02-01 17:01:17,PRESENT,ATTENTIVE,attentive Eyes,ATTENTIVE,103.54,5.79,0.67
2026-02-01 17:01:18,PRESENT,ATTENTIVE,attentive Eyes,ATTENTIVE,104.55,5.79,0.67
2026-02-01 17:10:40,AWAY,DISTRACTED,NOT_CALIBRATED,AWAY,0.0,0.0,1.02
2026-02-01 17:10:41,PRESENT,ATTENTIVE,attentive Eyes,ATTENTIVE,0.53,0.0,1.5
2026-02-01 17:10:42,PRESENT,ATTENTIVE,attentive Eyes,ATTENTIVE,1.57,0.0,1.5
2026-02-01 17:10:43,PRESENT,ATTENTIVE,attentive Eyes,ATTENTIVE,2.6,0.0,1.5
2026-02-01 17:10:44,PRESENT,ATTENTIVE,attentive Eyes,ATTENTIVE,3.61,0.0,1.5
2026-02-01 17:10:45,PRESENT,ATTENTIVE,attentive Eyes,ATTENTIVE,4.62,0.0,1.5
2026-02-01 17:10:46,PRESENT,ATTENTIVE,attentive Eyes,ATTENTIVE,5.64,0.0,1.5
2026-02-01 17:10:58,PRESENT,DISTRACTED,NOT_CALIBRATED,DISTRACTED,0.0,0.41,0.65
2026-02-01 17:10:59,PRESENT,DISTRACTED,NOT_CALIBRATED,DISTRACTED,0.0,1.47,0.65
2026-02-01 17:11:00,PRESENT,DISTRACTED,NOT_CALIBRATED,DISTRACTED,0.0,2.51,0.65
2026-02-01 17:11:01,PRESENT,DISTRACTED,NOT_CALIBRATED,DISTRACTED,0.0,3.52,0.65
2026-02-01 17:11:02,PRESENT,ATTENTIVE,attentive Eyes,ATTENTIVE,0.17,4.42,0.65
2026-02-01 17:11:03,PRESENT,ATTENTIVE,attentive Eyes,ATTENTIVE,1.2,4.42,0.65
2026-02-01 17:11:04,PRESENT,ATTENTIVE,attentive Eyes,ATTENTIVE,2.23,4.42,0.65
2026-02-01 17:11:05,PRESENT,ATTENTIVE,attentive Eyes,ATTENTIVE,3.26,4.42,0.65
2026-02-01 17:11:06,PRESENT,ATTENTIVE,attentive Eyes,ATTENTIVE,4.29,4.42,0.65
2026-02-01 17:11:07,PRESENT,ATTENTIVE,attentive Eyes,ATTENTIVE,5.3,4.42,0.65
2026-02-01 17:11:08,PRESENT,ATTENTIVE,attentive Eyes,ATTENTIVE,6.32,4.42,0.65
2026-02-01 17:11:09,PRESENT,ATTENTIVE,attentive Eyes,ATTENTIVE,7.33,4.42,0.65
2026-02-01 17:11:10,PRESENT,ATTENTIVE,NO_FACE,DISTRACTED,7.49,5.28,0.65
2026-02-01 17:11:12,PRESENT,ATTENTIVE,attentive Eyes,ATTENTIVE,8.09,5.7,0.65
2026-02-01 17:11:13,PRESENT,ATTENTIVE,attentive Eyes,ATTENTIVE,9.1,5.7,0.65
2026-02-01 17:11:14,PRESENT,ATTENTIVE,NO_FACE,DISTRACTED,9.53,6.28,0.65
2026-02-01 17:11:15,PRESENT,ATTENTIVE,attentive Eyes,ATTENTIVE,10.04,6.8,0.65
2026-02-01 17:11:16,PRESENT,ATTENTIVE,attentive Eyes,ATTENTIVE,11.07,6.8,0.65
2026-02-01 17:11:17,PRESENT,ATTENTIVE,attentive Eyes,ATTENTIVE,12.1,6.8,0.65
2026-02-01 17:11:18,PRESENT,ATTENTIVE,attentive Eyes,ATTENTIVE,13.12,6.8,0.65
2026-02-01 17:11:19,PRESENT,ATTENTIVE,attentive Eyes,ATTENTIVE,14.15,6.8,0.65
2026-02-01 17:11:20,PRESENT,ATTENTIVE,attentive Eyes,ATTENTIVE,15.16,6.8,0.65
2026-02-01 17:11:21,PRESENT,ATTENTIVE,attentive Eyes,ATTENTIVE,16.18,6.8,0.65
2026-02-01 17:11:22,PRESENT,ATTENTIVE,attentive Eyes,ATTENTIVE,17.21,6.8,0.65
2026-02-01 17:11:23,PRESENT,ATTENTIVE,attentive Eyes,ATTENTIVE,18.21,6.8,0.65
2026-02-01 17:11:24,PRESENT,ATTENTIVE,attentive Eyes,ATTENTIVE,19.24,6.8,0.65
2026-02-01 17:11:25,PRESENT,ATTENTIVE,attentive Eyes,ATTENTIVE,20.26,6.8,0.65
2026-02-01 17:11:26,PRESENT,ATTENTIVE,NO_FACE,DISTRACTED,20.59,7.5,0.65
2026-02-01 17:11:27,PRESENT,ATTENTIVE,attentive Eyes,ATTENTIVE,21.43,7.69,0.65
2026-02-01 17:11:28,PRESENT,NO_FACE,attentive Eyes,ATTENTIVE,22.47,7.69,0.65
2026-02-01 17:11:29,PRESENT,ATTENTIVE,attentive Eyes,ATTENTIVE,22.86,8.35,0.65
2026-02-01 17:11:30,PRESENT,ATTENTIVE,attentive Eyes,ATTENTIVE,23.84,8.38,0.65
2026-02-01 17:11:31,PRESENT,ATTENTIVE,attentive Eyes,ATTENTIVE,24.87,8.38,0.65
2026-02-01 17:11:32,PRESENT,NO_FACE,attentive Eyes,ATTENTIVE,25.9,8.38,0.65
2026-02-01 17:11:33,PRESENT,ATTENTIVE,attentive Eyes,ATTENTIVE,26.9,8.38,0.65
2026-02-01 17:11:34,PRESENT,NO_FACE,attentive Eyes,ATTENTIVE,27.93,8.38,0.65
2026-02-01 17:11:35,PRESENT,NO_FACE,attentive Eyes,ATTENTIVE,28.96,8.38,0.65
2026-02-01 17:11:36,PRESENT,ATTENTIVE,attentive Eyes,ATTENTIVE,29.98,8.38,0.65
2026-02-01 17:11:37,PRESENT,ATTENTIVE,attentive Eyes,ATTENTIVE,30.99,8.38,0.65
2026-02-01 17:11:38,PRESENT,ATTENTIVE,attentive Eyes,ATTENTIVE,32.01,8.38,0.65
2026-02-01 17:11:39,PRESENT,ATTENTIVE,attentive Eyes,ATTENTIVE,33.02,8.38,0.65
2026-02-01 17:11:40,PRESENT,ATTENTIVE,attentive Eyes,ATTENTIVE,34.02,8.38,0.65
2026-02-01 17:11:41,PRESENT,ATTENTIVE,attentive Eyes,ATTENTIVE,35.02,8.38,0.65
2026-02-01 17:11:42,PRESENT,ATTENTIVE,attentive Eyes,ATTENTIVE,36.01,8.41,0.65
2026-02-01 17:11:43,PRESENT,ATTENTIVE,attentive Eyes,ATTENTIVE,37.02,8.41,0.65
2026-02-01 17:11:44,PRESENT,ATTENTIVE,attentive Eyes,ATTENTIVE,37.89,8.55,0.65
2026-02-01 17:11:45,PRESENT,ATTENTIVE,attentive Eyes,ATTENTIVE,38.86,8.61,0.65
2026-02-01 17:11:46,PRESENT,ATTENTIVE,attentive Eyes,ATTENTIVE,39.89,8.61,0.65
2026-02-01 17:11:47,PRESENT,ATTENTIVE,attentive Eyes,ATTENTIVE,40.7,8.81,0.65
2026-02-01 17:11:48,PRESENT,ATTENTIVE,attentive Eyes,ATTENTIVE,41.67,8.85,0.65
2026-02-01 17:11:49,PRESENT,ATTENTIVE,attentive Eyes,ATTENTIVE,42.67,8.85,0.65
2026-02-01 17:11:50,PRESENT,ATTENTIVE,attentive Eyes,ATTENTIVE,43.7,8.85,0.65
2026-02-01 17:11:51,PRESENT,ATTENTIVE,attentive Eyes,ATTENTIVE,44.73,8.85,0.65
2026-02-01 17:11:52,PRESENT,ATTENTIVE,attentive Eyes,ATTENTIVE,45.75,8.85,0.65
