2026-01-31 18:19:09,148 | stats_logger | INFO | This goes to dashboard.log
2026-01-31 18:20:43,128 | INFO | Doing Productive work at:2026-01-31 18:20:43.095522
2026-01-31 18:20:43,142 | INFO | Doing Productive work at:2026-01-31 18:20:43.135953
2026-01-31 18:20:43,160 | INFO | Doing Productive work at:2026-01-31 18:20:43.150350
2026-01-31 18:20:43,175 | INFO | Doing Productive work at:2026-01-31 18:20:43.169435
2026-01-31 18:20:43,191 | INFO | Doing Productive work at:2026-01-31 18:20:43.183514
2026-01-31 18:20:43,224 | INFO | Doing Productive work at:2026-01-31 18:20:43.216862
2026-01-31 18:20:43,270 | INFO | Doing Productive work at:2026-01-31 18:20:43.250087
2026-01-31 18:20:43,301 | INFO | Doing Productive work at:2026-01-31 18:20:43.280350
2026-01-31 18:20:43,331 | INFO | Doing Productive work at:2026-01-31 18:20:43.313313
2026-01-31 18:20:43,363 | INFO | Doing Productive work at:2026-01-31 18:20:43.343899
2026-01-31 18:20:43,394 | INFO | Doing Productive work at:2026-01-31 18:20:43.378161
2026-01-31 18:20:43,425 | INFO | Doing Productive work at:2026-01-31 18:20:43.410167
2026-01-31 18:20:43,456 | INFO | Doing Productive work at:2026-01-31 18:20:43.441635
2026-01-31 18:20:43,488 | INFO | Doing Productive work at:2026-01-31 18:20:43.476137
2026-01-31 18:20:43,533 | INFO | Doing Productive work at:2026-01-31 18:20:43.520423
2026-01-31 18:20:43,565 | INFO | Doing Productive work at:2026-01-31 18:20:43.554337
2026-01-31 18:20:43,597 | INFO | Doing Productive work at:2026-01-31 18:20:43.585944
2026-01-31 18:20:43,629 | INFO | Doing Productive work at:2026-01-31 18:20:43.617001
2026-01-31 18:20:43,660 | INFO | Doing Productive work at:2026-01-31 18:20:43.651157
2026-01-31 18:20:43,691 | INFO | Doing Productive work at:2026-01-31 18:20:43.681936
2026-01-31 18:20:43,721 | INFO | Doing Productive work at:2026-01-31 18:20:43.713608
2026-01-31 18:20:43,753 | INFO | Doing Productive work at:2026-01-31 18:20:43.743152
2026-01-31 18:20:43,785 | INFO | Doing Productive work at:2026-01-31 18:20:43.778767
2026-01-31 18:20:43,832 | INFO | Person's state changed to PRESENT at time 2026-01-31 18:20:43.813125
2026-01-31 18:20:43,860 | INFO | Current State is False
2026-01-31 18:20:43,860 | INFO | Doing Productive work at:2026-01-31 18:20:43.813125
2026-01-31 18:20:43,884 | INFO | Current State is False
2026-01-31 18:20:43,884 | INFO | Doing Productive work at:2026-01-31 18:20:43.868202
2026-01-31 18:20:43,914 | INFO | Current State is False
2026-01-31 18:20:43,914 | INFO | Doing Productive work at:2026-01-31 18:20:43.890987
2026-01-31 18:20:43,945 | INFO | Current State is False
2026-01-31 18:20:43,945 | INFO | Doing Productive work at:2026-01-31 18:20:43.924175
2026-01-31 18:20:43,977 | INFO | Current State is False
2026-01-31 18:20:43,977 | INFO | Doing Productive work at:2026-01-31 18:20:43.952922
2026-01-31 18:20:44,008 | INFO | Current State is False
2026-01-31 18:20:44,008 | INFO | Doing Productive work at:2026-01-31 18:20:43.988342
2026-01-31 18:20:44,040 | INFO | Current State is False
2026-01-31 18:20:44,040 | INFO | Doing Productive work at:2026-01-31 18:20:44.017564
2026-01-31 18:20:44,071 | INFO | Current State is False
2026-01-31 18:20:44,071 | INFO | Doing Productive work at:2026-01-31 18:20:44.050198
2026-01-31 18:20:44,104 | INFO | Current State is False
2026-01-31 18:20:44,104 | INFO | Doing Productive work at:2026-01-31 18:20:44.080167
2026-01-31 18:20:44,134 | INFO | Current State is False
2026-01-31 18:20:44,134 | INFO | Doing Productive work at:2026-01-31 18:20:44.112328
2026-01-31 18:20:44,166 | INFO | Current State is False
2026-01-31 18:20:44,166 | INFO | Doing Productive work at:2026-01-31 18:20:44.146881
2026-01-31 18:20:44,197 | INFO | Current State is False
2026-01-31 18:20:44,198 | INFO | Doing Productive work at:2026-01-31 18:20:44.177219
2026-01-31 18:20:44,230 | INFO | Current State is False
2026-01-31 18:20:44,230 | INFO | Doing Productive work at:2026-01-31 18:20:44.210473
2026-01-31 18:20:44,259 | INFO | Current State is False
2026-01-31 18:20:44,259 | INFO | Doing Productive work at:2026-01-31 18:20:44.240880
2026-01-31 18:20:44,291 | INFO | Current State is False
2026-01-31 18:20:44,291 | INFO | Doing Productive work at:2026-01-31 18:20:44.269062
2026-01-31 18:20:44,321 | INFO | Current State is False
2026-01-31 18:20:44,321 | INFO | Doing Productive work at:2026-01-31 18:20:44.305407
2026-01-31 18:20:44,353 | INFO | Current State is True
2026-01-31 18:20:44,368 | INFO | Doing Productive work at:2026-01-31 18:20:44.336570
2026-01-31 18:20:44,401 | INFO | Current State is True
2026-01-31 18:20:44,406 | INFO | Doing Productive work at:2026-01-31 18:20:44.385528
2026-01-31 18:20:44,432 | INFO | Current State is True
2026-01-31 18:20:44,437 | INFO | Doing Productive work at:2026-01-31 18:20:44.415964
2026-01-31 18:20:44,462 | INFO | Current State is True
2026-01-31 18:20:44,468 | INFO | Doing Productive work at:2026-01-31 18:20:44.448876
2026-01-31 18:20:44,494 | INFO | Current State is True
2026-01-31 18:20:44,499 | INFO | Doing Productive work at:2026-01-31 18:20:44.481555
2026-01-31 18:20:44,525 | INFO | Current State is True
2026-01-31 18:20:44,530 | INFO | Doing Productive work at:2026-01-31 18:20:44.512912
2026-01-31 18:20:44,558 | INFO | Current State is True
2026-01-31 18:20:44,563 | INFO | Doing Productive work at:2026-01-31 18:20:44.544038
2026-01-31 18:20:44,590 | INFO | Current State is True
2026-01-31 18:20:44,595 | INFO | Doing Productive work at:2026-01-31 18:20:44.575158
2026-01-31 18:20:44,618 | INFO | Current State is True
2026-01-31 18:20:44,624 | INFO | Doing Productive work at:2026-01-31 18:20:44.608372
2026-01-31 18:20:44,651 | INFO | Current State is True
2026-01-31 18:20:44,656 | INFO | Doing Productive work at:2026-01-31 18:20:44.641884
2026-01-31 18:20:44,697 | INFO | Current State is True
2026-01-31 18:20:44,702 | INFO | Doing Productive work at:2026-01-31 18:20:44.672638
2026-01-31 18:20:44,728 | INFO | Current State is True
2026-01-31 18:20:44,734 | INFO | Doing Productive work at:2026-01-31 18:20:44.710500
2026-01-31 18:20:44,761 | INFO | Current State is True
2026-01-31 18:20:44,765 | INFO | Doing Productive work at:2026-01-31 18:20:44.741868
2026-01-31 18:20:44,793 | INFO | Current State is True
2026-01-31 18:20:44,798 | INFO | Doing Productive work at:2026-01-31 18:20:44.773528
2026-01-31 18:20:44,841 | INFO | Current State is True
2026-01-31 18:20:44,845 | INFO | Doing Productive work at:2026-01-31 18:20:44.819966
2026-01-31 18:20:44,870 | INFO | Current State is True
2026-01-31 18:20:44,875 | INFO | Doing Productive work at:2026-01-31 18:20:44.852052
2026-01-31 18:20:44,903 | INFO | Current State is True
2026-01-31 18:20:44,908 | INFO | Doing Productive work at:2026-01-31 18:20:44.883809
2026-01-31 18:20:44,933 | INFO | Current State is True
2026-01-31 18:20:44,938 | INFO | Doing Productive work at:2026-01-31 18:20:44.916926
2026-01-31 18:20:44,963 | INFO | Current State is True
2026-01-31 18:20:44,968 | INFO | Doing Productive work at:2026-01-31 18:20:44.944265
2026-01-31 18:20:44,996 | INFO | Current State is True
2026-01-31 18:20:45,001 | INFO | Doing Productive work at:2026-01-31 18:20:44.978751
2026-01-31 18:20:45,026 | INFO | Current State is True
2026-01-31 18:20:45,030 | INFO | Doing Productive work at:2026-01-31 18:20:45.007712
2026-01-31 18:20:45,058 | INFO | Current State is True
2026-01-31 18:20:45,063 | INFO | Doing Productive work at:2026-01-31 18:20:45.038100
2026-01-31 18:20:45,087 | INFO | Current State is True
2026-01-31 18:20:45,092 | INFO | Doing Productive work at:2026-01-31 18:20:45.071801
2026-01-31 18:20:45,121 | INFO | Current State is True
2026-01-31 18:20:45,126 | INFO | Doing Productive work at:2026-01-31 18:20:45.105138
2026-01-31 18:20:45,149 | INFO | Current State is True
2026-01-31 18:20:45,153 | INFO | Doing Productive work at:2026-01-31 18:20:45.140381
2026-01-31 18:20:45,182 | INFO | Current State is True
2026-01-31 18:20:45,187 | INFO | Doing Productive work at:2026-01-31 18:20:45.169398
2026-01-31 18:20:45,214 | INFO | Current State is True
2026-01-31 18:20:45,218 | INFO | Doing Productive work at:2026-01-31 18:20:45.201191
2026-01-31 18:20:45,261 | INFO | Current State is True
2026-01-31 18:20:45,266 | INFO | Doing Productive work at:2026-01-31 18:20:45.246570
2026-01-31 18:20:45,292 | INFO | Current State is True
2026-01-31 18:20:45,297 | INFO | Doing Productive work at:2026-01-31 18:20:45.276565
2026-01-31 18:20:45,338 | INFO | Current State is True
2026-01-31 18:20:45,343 | INFO | Doing Productive work at:2026-01-31 18:20:45.314830
2026-01-31 18:20:45,368 | INFO | Current State is True
2026-01-31 18:20:45,374 | INFO | Doing Productive work at:2026-01-31 18:20:45.350888
2026-01-31 18:20:45,400 | INFO | Current State is True
2026-01-31 18:20:45,406 | INFO | Doing Productive work at:2026-01-31 18:20:45.379439
2026-01-31 18:20:45,431 | INFO | Current State is True
2026-01-31 18:20:45,436 | INFO | Doing Productive work at:2026-01-31 18:20:45.412062
2026-01-31 18:20:45,462 | INFO | Current State is True
2026-01-31 18:20:45,467 | INFO | Doing Productive work at:2026-01-31 18:20:45.444393
2026-01-31 18:20:45,494 | INFO | Current State is True
2026-01-31 18:20:45,500 | INFO | Doing Productive work at:2026-01-31 18:20:45.475840
2026-01-31 18:20:45,524 | INFO | Current State is True
2026-01-31 18:20:45,528 | INFO | Doing Productive work at:2026-01-31 18:20:45.508354
2026-01-31 18:20:45,556 | INFO | Current State is True
2026-01-31 18:20:45,561 | INFO | Doing Productive work at:2026-01-31 18:20:45.536957
2026-01-31 18:20:45,588 | INFO | Current State is True
2026-01-31 18:20:45,593 | INFO | Doing Productive work at:2026-01-31 18:20:45.570065
2026-01-31 18:20:45,620 | INFO | Current State is True
2026-01-31 18:20:45,625 | INFO | Doing Productive work at:2026-01-31 18:20:45.601171
2026-01-31 18:20:45,650 | INFO | Current State is True
2026-01-31 18:20:45,655 | INFO | Doing Productive work at:2026-01-31 18:20:45.634361
2026-01-31 18:20:45,697 | INFO | Current State is True
2026-01-31 18:20:45,702 | INFO | Doing Productive work at:2026-01-31 18:20:45.680069
2026-01-31 18:20:45,727 | INFO | Current State is True
2026-01-31 18:20:45,733 | INFO | Doing Productive work at:2026-01-31 18:20:45.711987
2026-01-31 18:20:45,758 | INFO | Current State is True
2026-01-31 18:20:45,763 | INFO | Doing Productive work at:2026-01-31 18:20:45.745351
2026-01-31 18:20:45,788 | INFO | Current State is True
2026-01-31 18:20:45,794 | INFO | Doing Productive work at:2026-01-31 18:20:45.776936
2026-01-31 18:20:45,835 | INFO | Current State is True
2026-01-31 18:20:45,840 | INFO | Doing Productive work at:2026-01-31 18:20:45.810402
2026-01-31 18:20:45,866 | INFO | Current State is True
2026-01-31 18:20:45,871 | INFO | Doing Productive work at:2026-01-31 18:20:45.846925
2026-01-31 18:20:45,898 | INFO | Current State is True
2026-01-31 18:20:45,902 | INFO | Doing Productive work at:2026-01-31 18:20:45.876255
2026-01-31 18:20:45,928 | INFO | Current State is True
2026-01-31 18:20:45,933 | INFO | Doing Productive work at:2026-01-31 18:20:45.909615
2026-01-31 18:20:45,961 | INFO | Current State is True
2026-01-31 18:20:45,967 | INFO | Doing Productive work at:2026-01-31 18:20:45.941811
2026-01-31 18:20:45,994 | INFO | Current State is True
2026-01-31 18:20:45,999 | INFO | Doing Productive work at:2026-01-31 18:20:45.975588
2026-01-31 18:20:46,025 | INFO | Current State is True
2026-01-31 18:20:46,030 | INFO | Doing Productive work at:2026-01-31 18:20:46.006202
2026-01-31 18:20:46,057 | INFO | Current State is True
2026-01-31 18:20:46,064 | INFO | Doing Productive work at:2026-01-31 18:20:46.037792
2026-01-31 18:20:46,090 | INFO | Current State is True
2026-01-31 18:20:46,095 | INFO | Doing Productive work at:2026-01-31 18:20:46.072055
2026-01-31 18:20:46,121 | INFO | Current State is True
2026-01-31 18:20:46,126 | INFO | Doing Productive work at:2026-01-31 18:20:46.101207
2026-01-31 18:20:46,167 | INFO | Current State is True
2026-01-31 18:20:46,172 | INFO | Doing Productive work at:2026-01-31 18:20:46.144583
2026-01-31 18:20:46,197 | INFO | Current State is True
2026-01-31 18:20:46,202 | INFO | Doing Productive work at:2026-01-31 18:20:46.178939
2026-01-31 18:20:46,228 | INFO | Current State is True
2026-01-31 18:20:46,233 | INFO | Doing Productive work at:2026-01-31 18:20:46.210088
2026-01-31 18:20:46,258 | INFO | Current State is True
2026-01-31 18:20:46,264 | INFO | Doing Productive work at:2026-01-31 18:20:46.240943
2026-01-31 18:20:46,290 | INFO | Current State is True
2026-01-31 18:20:46,295 | INFO | Doing Productive work at:2026-01-31 18:20:46.272113
2026-01-31 18:20:46,323 | INFO | Current State is True
2026-01-31 18:20:46,328 | INFO | Doing Productive work at:2026-01-31 18:20:46.306250
2026-01-31 18:20:46,353 | INFO | Current State is True
2026-01-31 18:20:46,358 | INFO | Doing Productive work at:2026-01-31 18:20:46.336684
2026-01-31 18:20:46,384 | INFO | Current State is True
2026-01-31 18:20:46,388 | INFO | Doing Productive work at:2026-01-31 18:20:46.370182
2026-01-31 18:20:46,415 | INFO | Current State is True
2026-01-31 18:20:46,421 | INFO | Doing Productive work at:2026-01-31 18:20:46.401188
2026-01-31 18:20:46,446 | INFO | Current State is True
2026-01-31 18:20:46,452 | INFO | Doing Productive work at:2026-01-31 18:20:46.431206
2026-01-31 18:20:46,477 | INFO | Current State is True
2026-01-31 18:20:46,484 | INFO | Doing Productive work at:2026-01-31 18:20:46.467102
2026-01-31 18:20:46,510 | INFO | Current State is True
2026-01-31 18:20:46,515 | INFO | Doing Productive work at:2026-01-31 18:20:46.497011
2026-01-31 18:20:46,554 | INFO | Current State is True
2026-01-31 18:20:46,561 | INFO | Doing Productive work at:2026-01-31 18:20:46.530079
2026-01-31 18:20:46,587 | INFO | Current State is True
2026-01-31 18:20:46,593 | INFO | Doing Productive work at:2026-01-31 18:20:46.575477
2026-01-31 18:20:46,634 | INFO | Current State is True
2026-01-31 18:20:46,639 | INFO | Doing Productive work at:2026-01-31 18:20:46.610364
2026-01-31 18:20:46,665 | INFO | Current State is True
2026-01-31 18:20:46,670 | INFO | Doing Productive work at:2026-01-31 18:20:46.647234
2026-01-31 18:20:46,696 | INFO | Current State is True
2026-01-31 18:20:46,701 | INFO | Doing Productive work at:2026-01-31 18:20:46.678398
2026-01-31 18:20:46,727 | INFO | Current State is True
2026-01-31 18:20:46,733 | INFO | Doing Productive work at:2026-01-31 18:20:46.710465
2026-01-31 18:20:46,759 | INFO | Current State is True
2026-01-31 18:20:46,763 | INFO | Doing Productive work at:2026-01-31 18:20:46.740641
2026-01-31 18:20:46,789 | INFO | Current State is True
2026-01-31 18:20:46,794 | INFO | Doing Productive work at:2026-01-31 18:20:46.771951
2026-01-31 18:20:46,820 | INFO | Current State is True
2026-01-31 18:20:46,825 | INFO | Doing Productive work at:2026-01-31 18:20:46.802168
2026-01-31 18:20:46,852 | INFO | Current State is True
2026-01-31 18:20:46,857 | INFO | Doing Productive work at:2026-01-31 18:20:46.831887
2026-01-31 18:20:46,883 | INFO | Current State is True
2026-01-31 18:20:46,888 | INFO | Doing Productive work at:2026-01-31 18:20:46.866277
2026-01-31 18:20:46,913 | INFO | Current State is True
2026-01-31 18:20:46,919 | INFO | Doing Productive work at:2026-01-31 18:20:46.894466
2026-01-31 18:20:46,945 | INFO | Current State is True
2026-01-31 18:20:46,950 | INFO | Doing Productive work at:2026-01-31 18:20:46.924426
2026-01-31 18:20:46,976 | INFO | Current State is True
2026-01-31 18:20:46,981 | INFO | Doing Productive work at:2026-01-31 18:20:46.963905
2026-01-31 18:20:47,024 | INFO | Current State is True
2026-01-31 18:20:47,028 | INFO | Doing Productive work at:2026-01-31 18:20:47.010052
2026-01-31 18:20:47,056 | INFO | Current State is True
2026-01-31 18:20:47,062 | INFO | Doing Productive work at:2026-01-31 18:20:47.040886
2026-01-31 18:20:47,086 | INFO | Current State is True
2026-01-31 18:20:47,091 | INFO | Doing Productive work at:2026-01-31 18:20:47.071175
2026-01-31 18:20:47,117 | INFO | Current State is True
2026-01-31 18:20:47,122 | INFO | Doing Productive work at:2026-01-31 18:20:47.102335
2026-01-31 18:20:47,163 | INFO | Current State is True
2026-01-31 18:20:47,170 | INFO | Doing Productive work at:2026-01-31 18:20:47.140260
2026-01-31 18:20:47,195 | INFO | Current State is True
2026-01-31 18:20:47,200 | INFO | Doing Productive work at:2026-01-31 18:20:47.178163
2026-01-31 18:20:47,228 | INFO | Current State is True
2026-01-31 18:20:47,233 | INFO | Doing Productive work at:2026-01-31 18:20:47.209388
2026-01-31 18:20:47,258 | INFO | Current State is True
2026-01-31 18:20:47,262 | INFO | Doing Productive work at:2026-01-31 18:20:47.239436
2026-01-31 18:20:47,290 | INFO | Current State is True
2026-01-31 18:20:47,296 | INFO | Doing Productive work at:2026-01-31 18:20:47.270146
2026-01-31 18:20:47,320 | INFO | Current State is True
2026-01-31 18:20:47,325 | INFO | Doing Productive work at:2026-01-31 18:20:47.303508
2026-01-31 18:20:47,353 | INFO | Current State is True
2026-01-31 18:20:47,358 | INFO | Doing Productive work at:2026-01-31 18:20:47.333549
2026-01-31 18:20:47,416 | INFO | Current State is True
2026-01-31 18:20:47,421 | INFO | Doing Productive work at:2026-01-31 18:20:47.390379
2026-01-31 18:20:47,447 | INFO | Current State is True
2026-01-31 18:20:47,452 | INFO | Doing Productive work at:2026-01-31 18:20:47.430299
2026-01-31 18:20:47,480 | INFO | Current State is True
2026-01-31 18:20:47,485 | INFO | Doing Productive work at:2026-01-31 18:20:47.460671
2026-01-31 18:20:47,510 | INFO | Current State is True
2026-01-31 18:20:47,516 | INFO | Doing Productive work at:2026-01-31 18:20:47.493013
2026-01-31 18:20:47,542 | INFO | Current State is True
2026-01-31 18:20:47,546 | INFO | Doing Productive work at:2026-01-31 18:20:47.523635
2026-01-31 18:20:47,572 | INFO | Current State is True
2026-01-31 18:20:47,576 | INFO | Doing Productive work at:2026-01-31 18:20:47.554375
2026-01-31 18:20:47,603 | INFO | Current State is True
2026-01-31 18:20:47,609 | INFO | Doing Productive work at:2026-01-31 18:20:47.583014
2026-01-31 18:20:47,633 | INFO | Current State is True
2026-01-31 18:20:47,638 | INFO | Doing Productive work at:2026-01-31 18:20:47.616074
2026-01-31 18:20:47,666 | INFO | Current State is True
2026-01-31 18:20:47,670 | INFO | Doing Productive work at:2026-01-31 18:20:47.647087
2026-01-31 18:20:47,696 | INFO | Current State is True
2026-01-31 18:20:47,701 | INFO | Doing Productive work at:2026-01-31 18:20:47.678735
2026-01-31 18:20:47,728 | INFO | Current State is True
2026-01-31 18:20:47,733 | INFO | Doing Productive work at:2026-01-31 18:20:47.706684
2026-01-31 18:20:47,759 | INFO | Current State is True
2026-01-31 18:20:47,764 | INFO | Doing Productive work at:2026-01-31 18:20:47.739602
2026-01-31 18:20:47,806 | INFO | Current State is True
2026-01-31 18:20:47,811 | INFO | Doing Productive work at:2026-01-31 18:20:47.795714
2026-01-31 18:20:47,838 | INFO | Current State is True
2026-01-31 18:20:47,843 | INFO | Doing Productive work at:2026-01-31 18:20:47.820511
2026-01-31 18:20:47,869 | INFO | Current State is True
2026-01-31 18:20:47,873 | INFO | Doing Productive work at:2026-01-31 18:20:47.850929
2026-01-31 18:20:47,900 | INFO | Current State is True
2026-01-31 18:20:47,904 | INFO | Doing Productive work at:2026-01-31 18:20:47.881973
2026-01-31 18:20:47,930 | INFO | Current State is True
2026-01-31 18:20:47,935 | INFO | Doing Productive work at:2026-01-31 18:20:47.914506
2026-01-31 18:20:47,962 | INFO | Current State is True
2026-01-31 18:20:47,967 | INFO | Doing Productive work at:2026-01-31 18:20:47.942189
2026-01-31 18:20:47,993 | INFO | Current State is True
2026-01-31 18:20:47,998 | INFO | Doing Productive work at:2026-01-31 18:20:47.976487
2026-01-31 18:20:48,024 | INFO | Current State is True
2026-01-31 18:20:48,029 | INFO | Doing Productive work at:2026-01-31 18:20:48.004781
2026-01-31 18:20:48,055 | INFO | Current State is True
2026-01-31 18:20:48,060 | INFO | Doing Productive work at:2026-01-31 18:20:48.037078
2026-01-31 18:20:48,086 | INFO | Current State is True
2026-01-31 18:20:48,092 | INFO | Doing Productive work at:2026-01-31 18:20:48.068502
2026-01-31 18:20:48,116 | INFO | Current State is True
2026-01-31 18:20:48,122 | INFO | Doing Productive work at:2026-01-31 18:20:48.100208
2026-01-31 18:20:48,147 | INFO | Current State is True
2026-01-31 18:20:48,152 | INFO | Doing Productive work at:2026-01-31 18:20:48.131172
2026-01-31 18:20:48,208 | INFO | Current State is True
2026-01-31 18:20:48,212 | INFO | Doing Productive work at:2026-01-31 18:20:48.195304
2026-01-31 18:20:48,240 | INFO | Current State is True
2026-01-31 18:20:48,246 | INFO | Doing Productive work at:2026-01-31 18:20:48.225144
2026-01-31 18:20:48,271 | INFO | Current State is True
2026-01-31 18:20:48,276 | INFO | Doing Productive work at:2026-01-31 18:20:48.256366
2026-01-31 18:20:48,303 | INFO | Current State is True
2026-01-31 18:20:48,308 | INFO | Doing Productive work at:2026-01-31 18:20:48.283011
2026-01-31 18:20:48,332 | INFO | Current State is True
2026-01-31 18:20:48,337 | INFO | Doing Productive work at:2026-01-31 18:20:48.315933
2026-01-31 18:20:48,363 | INFO | Current State is True
2026-01-31 18:20:48,370 | INFO | Doing Productive work at:2026-01-31 18:20:48.345936
2026-01-31 18:20:48,396 | INFO | Current State is True
2026-01-31 18:20:48,400 | INFO | Doing Productive work at:2026-01-31 18:20:48.377107
2026-01-31 18:20:48,427 | INFO | Current State is True
2026-01-31 18:20:48,432 | INFO | Doing Productive work at:2026-01-31 18:20:48.409416
2026-01-31 18:20:48,458 | INFO | Current State is True
2026-01-31 18:20:48,464 | INFO | Doing Productive work at:2026-01-31 18:20:48.440353
2026-01-31 18:20:48,490 | INFO | Current State is True
2026-01-31 18:20:48,495 | INFO | Doing Productive work at:2026-01-31 18:20:48.471913
2026-01-31 18:20:48,521 | INFO | Current State is True
2026-01-31 18:20:48,525 | INFO | Doing Productive work at:2026-01-31 18:20:48.502540
2026-01-31 18:20:48,551 | INFO | Current State is True
2026-01-31 18:20:48,556 | INFO | Doing Productive work at:2026-01-31 18:20:48.533659
2026-01-31 18:20:48,615 | INFO | Current State is True
2026-01-31 18:20:48,620 | INFO | Doing Productive work at:2026-01-31 18:20:48.592964
2026-01-31 18:20:48,646 | INFO | Current State is True
2026-01-31 18:20:48,651 | INFO | Doing Productive work at:2026-01-31 18:20:48.627250
2026-01-31 18:20:48,677 | INFO | Current State is True
2026-01-31 18:20:48,682 | INFO | Doing Productive work at:2026-01-31 18:20:48.659430
2026-01-31 18:20:48,708 | INFO | Current State is True
2026-01-31 18:20:48,713 | INFO | Doing Productive work at:2026-01-31 18:20:48.690612
2026-01-31 18:20:48,738 | INFO | Current State is True
2026-01-31 18:20:48,744 | INFO | Doing Productive work at:2026-01-31 18:20:48.721294
2026-01-31 18:20:48,771 | INFO | Current State is True
2026-01-31 18:20:48,775 | INFO | Doing Productive work at:2026-01-31 18:20:48.751826
2026-01-31 18:20:48,802 | INFO | Current State is True
2026-01-31 18:20:48,807 | INFO | Doing Productive work at:2026-01-31 18:20:48.783907
2026-01-31 18:20:48,832 | INFO | Current State is True
2026-01-31 18:20:48,837 | INFO | Doing Productive work at:2026-01-31 18:20:48.815295
2026-01-31 18:20:48,864 | INFO | Current State is True
2026-01-31 18:20:48,868 | INFO | Doing Productive work at:2026-01-31 18:20:48.844369
2026-01-31 18:20:48,896 | INFO | Current State is True
2026-01-31 18:20:48,901 | INFO | Doing Productive work at:2026-01-31 18:20:48.877934
2026-01-31 18:20:48,927 | INFO | Current State is True
2026-01-31 18:20:48,933 | INFO | Doing Productive work at:2026-01-31 18:20:48.910474
2026-01-31 18:20:48,958 | INFO | Current State is True
2026-01-31 18:20:48,966 | INFO | Doing Productive work at:2026-01-31 18:20:48.941734
2026-01-31 18:20:49,006 | INFO | Current State is True
2026-01-31 18:20:49,011 | INFO | Doing Productive work at:2026-01-31 18:20:48.993595
2026-01-31 18:20:49,037 | INFO | Current State is True
2026-01-31 18:20:49,042 | INFO | Doing Productive work at:2026-01-31 18:20:49.023890
2026-01-31 18:20:49,068 | INFO | Current State is True
2026-01-31 18:20:49,074 | INFO | Doing Productive work at:2026-01-31 18:20:49.057194
2026-01-31 18:20:49,098 | INFO | Current State is True
2026-01-31 18:20:49,105 | INFO | Doing Productive work at:2026-01-31 18:20:49.088520
2026-01-31 18:20:49,132 | INFO | Current State is True
2026-01-31 18:20:49,136 | INFO | Doing Productive work at:2026-01-31 18:20:49.122216
2026-01-31 18:20:49,162 | INFO | Current State is True
2026-01-31 18:20:49,166 | INFO | Doing Productive work at:2026-01-31 18:20:49.143024
2026-01-31 18:20:49,195 | INFO | Current State is True
2026-01-31 18:20:49,199 | INFO | Doing Productive work at:2026-01-31 18:20:49.173861
2026-01-31 18:20:49,226 | INFO | Current State is True
2026-01-31 18:20:49,231 | INFO | Doing Productive work at:2026-01-31 18:20:49.205516
2026-01-31 18:20:49,257 | INFO | Current State is True
2026-01-31 18:20:49,261 | INFO | Doing Productive work at:2026-01-31 18:20:49.239279
2026-01-31 18:20:49,290 | INFO | Current State is True
2026-01-31 18:20:49,296 | INFO | Doing Productive work at:2026-01-31 18:20:49.270450
2026-01-31 18:20:49,322 | INFO | Current State is True
2026-01-31 18:20:49,326 | INFO | Doing Productive work at:2026-01-31 18:20:49.303849
2026-01-31 18:20:49,354 | INFO | Current State is True
2026-01-31 18:20:49,358 | INFO | Doing Productive work at:2026-01-31 18:20:49.333008
2026-01-31 18:20:49,415 | INFO | Current State is True
2026-01-31 18:20:49,420 | INFO | Doing Productive work at:2026-01-31 18:20:49.393002
2026-01-31 18:20:49,445 | INFO | Current State is True
2026-01-31 18:20:49,450 | INFO | Doing Productive work at:2026-01-31 18:20:49.427618
2026-01-31 18:20:49,477 | INFO | Current State is True
2026-01-31 18:20:49,482 | INFO | Doing Productive work at:2026-01-31 18:20:49.458998
2026-01-31 18:20:49,509 | INFO | Current State is True
2026-01-31 18:20:49,513 | INFO | Doing Productive work at:2026-01-31 18:20:49.490072
2026-01-31 18:20:49,537 | INFO | Current State is True
2026-01-31 18:20:49,542 | INFO | Doing Productive work at:2026-01-31 18:20:49.521825
2026-01-31 18:20:49,568 | INFO | Current State is True
2026-01-31 18:20:49,573 | INFO | Doing Productive work at:2026-01-31 18:20:49.552996
2026-01-31 18:20:49,599 | INFO | Current State is True
2026-01-31 18:20:49,604 | INFO | Doing Productive work at:2026-01-31 18:20:49.581313
2026-01-31 18:20:49,631 | INFO | Current State is True
2026-01-31 18:20:49,636 | INFO | Doing Productive work at:2026-01-31 18:20:49.613412
2026-01-31 18:20:49,660 | INFO | Current State is True
2026-01-31 18:20:49,665 | INFO | Doing Productive work at:2026-01-31 18:20:49.643405
2026-01-31 18:20:49,693 | INFO | Current State is True
2026-01-31 18:20:49,699 | INFO | Doing Productive work at:2026-01-31 18:20:49.672978
2026-01-31 18:20:49,723 | INFO | Current State is True
2026-01-31 18:20:49,729 | INFO | Doing Productive work at:2026-01-31 18:20:49.706416
2026-01-31 18:20:49,755 | INFO | Current State is True
2026-01-31 18:20:49,760 | INFO | Doing Productive work at:2026-01-31 18:20:49.737358
2026-01-31 18:20:49,817 | INFO | Current State is True
2026-01-31 18:20:49,822 | INFO | Doing Productive work at:2026-01-31 18:20:49.795906
2026-01-31 18:20:49,849 | INFO | Current State is True
2026-01-31 18:20:49,854 | INFO | Doing Productive work at:2026-01-31 18:20:49.830222
2026-01-31 18:20:49,880 | INFO | Current State is True
2026-01-31 18:20:49,885 | INFO | Doing Productive work at:2026-01-31 18:20:49.861382
2026-01-31 18:20:49,912 | INFO | Current State is True
2026-01-31 18:20:49,917 | INFO | Doing Productive work at:2026-01-31 18:20:49.894417
2026-01-31 18:20:49,943 | INFO | Current State is True
2026-01-31 18:20:49,949 | INFO | Doing Productive work at:2026-01-31 18:20:49.925522
2026-01-31 18:20:49,974 | INFO | Current State is True
2026-01-31 18:20:49,979 | INFO | Doing Productive work at:2026-01-31 18:20:49.957095
2026-01-31 18:20:50,004 | INFO | Current State is True
2026-01-31 18:20:50,010 | INFO | Doing Productive work at:2026-01-31 18:20:49.986905
2026-01-31 18:20:50,035 | INFO | Current State is True
2026-01-31 18:20:50,040 | INFO | Doing Productive work at:2026-01-31 18:20:50.018585
2026-01-31 18:20:50,067 | INFO | Current State is True
2026-01-31 18:20:50,071 | INFO | Doing Productive work at:2026-01-31 18:20:50.048327
2026-01-31 18:20:50,098 | INFO | Current State is True
2026-01-31 18:20:50,103 | INFO | Doing Productive work at:2026-01-31 18:20:50.080504
2026-01-31 18:20:50,128 | INFO | Current State is True
2026-01-31 18:20:50,134 | INFO | Doing Productive work at:2026-01-31 18:20:50.112219
2026-01-31 18:20:50,160 | INFO | Current State is True
2026-01-31 18:20:50,165 | INFO | Doing Productive work at:2026-01-31 18:20:50.142140
2026-01-31 18:20:50,206 | INFO | Current State is True
2026-01-31 18:20:50,211 | INFO | Doing Productive work at:2026-01-31 18:20:50.194263
2026-01-31 18:20:50,237 | INFO | Current State is True
2026-01-31 18:20:50,242 | INFO | Doing Productive work at:2026-01-31 18:20:50.222999
2026-01-31 18:20:50,269 | INFO | Current State is True
2026-01-31 18:20:50,273 | INFO | Doing Productive work at:2026-01-31 18:20:50.255165
2026-01-31 18:20:50,315 | INFO | Current State is True
2026-01-31 18:20:50,320 | INFO | Doing Productive work at:2026-01-31 18:20:50.291073
2026-01-31 18:20:50,347 | INFO | Current State is True
2026-01-31 18:20:50,352 | INFO | Doing Productive work at:2026-01-31 18:20:50.326996
2026-01-31 18:20:50,380 | INFO | Current State is True
2026-01-31 18:20:50,385 | INFO | Doing Productive work at:2026-01-31 18:20:50.360400
2026-01-31 18:20:50,411 | INFO | Current State is True
2026-01-31 18:20:50,415 | INFO | Doing Productive work at:2026-01-31 18:20:50.392372
2026-01-31 18:20:50,441 | INFO | Current State is True
2026-01-31 18:20:50,447 | INFO | Doing Productive work at:2026-01-31 18:20:50.423507
2026-01-31 18:20:50,473 | INFO | Current State is True
2026-01-31 18:20:50,478 | INFO | Doing Productive work at:2026-01-31 18:20:50.454316
2026-01-31 18:20:50,502 | INFO | Current State is True
2026-01-31 18:20:50,507 | INFO | Doing Productive work at:2026-01-31 18:20:50.486162
2026-01-31 18:20:50,535 | INFO | Current State is True
2026-01-31 18:20:50,540 | INFO | Doing Productive work at:2026-01-31 18:20:50.516072
2026-01-31 18:20:50,565 | INFO | Current State is True
2026-01-31 18:20:50,569 | INFO | Doing Productive work at:2026-01-31 18:20:50.547571
2026-01-31 18:20:50,610 | INFO | Current State is True
2026-01-31 18:20:50,615 | INFO | Doing Productive work at:2026-01-31 18:20:50.592696
2026-01-31 18:20:50,641 | INFO | Current State is True
2026-01-31 18:20:50,646 | INFO | Doing Productive work at:2026-01-31 18:20:50.626120
2026-01-31 18:20:50,673 | INFO | Current State is True
2026-01-31 18:20:50,678 | INFO | Doing Productive work at:2026-01-31 18:20:50.654961
2026-01-31 18:20:50,703 | INFO | Current State is True
2026-01-31 18:20:50,708 | INFO | Doing Productive work at:2026-01-31 18:20:50.689078
2026-01-31 18:20:50,736 | INFO | Current State is True
2026-01-31 18:20:50,741 | INFO | Doing Productive work at:2026-01-31 18:20:50.720227
2026-01-31 18:20:50,767 | INFO | Current State is True
2026-01-31 18:20:50,772 | INFO | Doing Productive work at:2026-01-31 18:20:50.752218
2026-01-31 18:20:50,798 | INFO | Current State is True
2026-01-31 18:20:50,803 | INFO | Doing Productive work at:2026-01-31 18:20:50.785885
2026-01-31 18:20:50,828 | INFO | Current State is True
2026-01-31 18:20:50,835 | INFO | Doing Productive work at:2026-01-31 18:20:50.817883
2026-01-31 18:20:50,860 | INFO | Current State is True
2026-01-31 18:20:50,864 | INFO | Doing Productive work at:2026-01-31 18:20:50.848272
2026-01-31 18:20:50,890 | INFO | Current State is True
2026-01-31 18:20:50,895 | INFO | Doing Productive work at:2026-01-31 18:20:50.871989
2026-01-31 18:20:50,921 | INFO | Current State is True
2026-01-31 18:20:50,926 | INFO | Doing Productive work at:2026-01-31 18:20:50.904865
2026-01-31 18:20:50,953 | INFO | Current State is True
2026-01-31 18:20:50,959 | INFO | Doing Productive work at:2026-01-31 18:20:50.933070
2026-01-31 18:20:51,015 | INFO | Current State is True
2026-01-31 18:20:51,020 | INFO | Doing Productive work at:2026-01-31 18:20:50.993525
2026-01-31 18:20:51,048 | INFO | Current State is True
2026-01-31 18:20:51,053 | INFO | Doing Productive work at:2026-01-31 18:20:51.028988
2026-01-31 18:20:51,080 | INFO | Current State is True
2026-01-31 18:20:51,084 | INFO | Doing Productive work at:2026-01-31 18:20:51.061007
2026-01-31 18:20:51,111 | INFO | Current State is True
2026-01-31 18:20:51,117 | INFO | Doing Productive work at:2026-01-31 18:20:51.091890
2026-01-31 18:20:51,143 | INFO | Current State is True
2026-01-31 18:20:51,148 | INFO | Doing Productive work at:2026-01-31 18:20:51.124280
2026-01-31 18:20:51,173 | INFO | Current State is True
2026-01-31 18:20:51,178 | INFO | Doing Productive work at:2026-01-31 18:20:51.156115
2026-01-31 18:20:51,204 | INFO | Current State is True
2026-01-31 18:20:51,208 | INFO | Doing Productive work at:2026-01-31 18:20:51.187248
2026-01-31 18:20:51,235 | INFO | Current State is True
2026-01-31 18:20:51,240 | INFO | Doing Productive work at:2026-01-31 18:20:51.216619
2026-01-31 18:20:51,267 | INFO | Current State is True
2026-01-31 18:20:51,271 | INFO | Doing Productive work at:2026-01-31 18:20:51.245136
2026-01-31 18:20:51,298 | INFO | Current State is True
2026-01-31 18:20:51,305 | INFO | Doing Productive work at:2026-01-31 18:20:51.279226
2026-01-31 18:20:51,330 | INFO | Current State is True
2026-01-31 18:20:51,335 | INFO | Doing Productive work at:2026-01-31 18:20:51.313187
2026-01-31 18:20:51,361 | INFO | Current State is True
2026-01-31 18:20:51,366 | INFO | Doing Productive work at:2026-01-31 18:20:51.343655
2026-01-31 18:20:51,409 | INFO | Current State is True
2026-01-31 18:20:51,414 | INFO | Doing Productive work at:2026-01-31 18:20:51.393626
2026-01-31 18:20:51,441 | INFO | Current State is True
2026-01-31 18:20:51,446 | INFO | Doing Productive work at:2026-01-31 18:20:51.425077
2026-01-31 18:20:51,472 | INFO | Current State is True
2026-01-31 18:20:51,476 | INFO | Doing Productive work at:2026-01-31 18:20:51.460263
2026-01-31 18:20:51,503 | INFO | Current State is True
2026-01-31 18:20:51,507 | INFO | Doing Productive work at:2026-01-31 18:20:51.490269
2026-01-31 18:20:51,534 | INFO | Current State is True
2026-01-31 18:20:51,540 | INFO | Doing Productive work at:2026-01-31 18:20:51.520380
2026-01-31 18:20:51,565 | INFO | Current State is True
2026-01-31 18:20:51,570 | INFO | Doing Productive work at:2026-01-31 18:20:51.552310
2026-01-31 18:20:51,595 | INFO | Current State is True
2026-01-31 18:20:51,600 | INFO | Doing Productive work at:2026-01-31 18:20:51.585392
2026-01-31 18:20:51,643 | INFO | Current State is True
2026-01-31 18:20:51,649 | INFO | Doing Productive work at:2026-01-31 18:20:51.618973
2026-01-31 18:20:51,674 | INFO | Current State is False
2026-01-31 18:20:51,674 | INFO | Doing Productive work at:2026-01-31 18:20:51.657042
2026-01-31 18:20:51,708 | INFO | Current State is False
2026-01-31 18:20:51,708 | INFO | Doing Productive work at:2026-01-31 18:20:51.682232
2026-01-31 18:20:51,739 | INFO | Current State is False
2026-01-31 18:20:51,739 | INFO | Doing Productive work at:2026-01-31 18:20:51.716093
2026-01-31 18:20:51,771 | INFO | Current State is False
2026-01-31 18:20:51,771 | INFO | Doing Productive work at:2026-01-31 18:20:51.747390
2026-01-31 18:20:51,817 | INFO | Current State is False
2026-01-31 18:20:51,817 | INFO | Doing Productive work at:2026-01-31 18:20:51.796831
2026-01-31 18:20:51,847 | INFO | Current State is False
2026-01-31 18:20:51,847 | INFO | Doing Productive work at:2026-01-31 18:20:51.823545
2026-01-31 18:20:51,879 | INFO | Current State is False
2026-01-31 18:20:51,879 | INFO | Doing Productive work at:2026-01-31 18:20:51.855557
2026-01-31 18:20:51,912 | INFO | Current State is False
2026-01-31 18:20:51,912 | INFO | Doing Productive work at:2026-01-31 18:20:51.888983
2026-01-31 18:20:51,941 | INFO | Current State is False
2026-01-31 18:20:51,941 | INFO | Doing Productive work at:2026-01-31 18:20:51.920234
2026-01-31 18:20:51,973 | INFO | Current State is False
2026-01-31 18:20:51,973 | INFO | Doing Productive work at:2026-01-31 18:20:51.954561
2026-01-31 18:20:52,004 | INFO | Current State is False
2026-01-31 18:20:52,004 | INFO | Doing Productive work at:2026-01-31 18:20:51.986110
2026-01-31 18:20:52,036 | INFO | Current State is False
2026-01-31 18:20:52,036 | INFO | Doing Productive work at:2026-01-31 18:20:52.016254
2026-01-31 18:20:52,067 | INFO | Current State is False
2026-01-31 18:20:52,067 | INFO | Doing Productive work at:2026-01-31 18:20:52.049512
2026-01-31 18:20:52,099 | INFO | Current State is False
2026-01-31 18:20:52,099 | INFO | Doing Productive work at:2026-01-31 18:20:52.081375
2026-01-31 18:20:52,128 | INFO | Current State is False
2026-01-31 18:20:52,128 | INFO | Doing Productive work at:2026-01-31 18:20:52.115889
2026-01-31 18:20:52,161 | INFO | Current State is False
2026-01-31 18:20:52,161 | INFO | Doing Productive work at:2026-01-31 18:20:52.145489
2026-01-31 18:20:52,209 | INFO | Current State is False
2026-01-31 18:20:52,209 | INFO | Doing Productive work at:2026-01-31 18:20:52.192915
2026-01-31 18:20:52,238 | INFO | Current State is False
2026-01-31 18:20:52,238 | INFO | Doing Productive work at:2026-01-31 18:20:52.224290
2026-01-31 18:20:52,271 | INFO | Current State is False
2026-01-31 18:20:52,271 | INFO | Doing Productive work at:2026-01-31 18:20:52.257326
2026-01-31 18:20:52,302 | INFO | Current State is False
2026-01-31 18:20:52,302 | INFO | Doing Productive work at:2026-01-31 18:20:52.292171
2026-01-31 18:20:52,333 | INFO | Current State is False
2026-01-31 18:20:52,333 | INFO | Doing Productive work at:2026-01-31 18:20:52.320294
2026-01-31 18:20:52,365 | INFO | Current State is False
2026-01-31 18:20:52,365 | INFO | Doing Productive work at:2026-01-31 18:20:52.351283
2026-01-31 18:20:52,396 | INFO | Current State is False
2026-01-31 18:20:52,396 | INFO | Doing Productive work at:2026-01-31 18:20:52.383822
2026-01-31 18:20:52,427 | INFO | Current State is False
2026-01-31 18:20:52,427 | INFO | Doing Productive work at:2026-01-31 18:20:52.414448
2026-01-31 18:20:52,473 | INFO | Current State is False
2026-01-31 18:20:52,473 | INFO | Doing Productive work at:2026-01-31 18:20:52.452087
2026-01-31 18:20:52,505 | INFO | Current State is False
2026-01-31 18:20:52,506 | INFO | Doing Productive work at:2026-01-31 18:20:52.482115
2026-01-31 18:20:52,538 | INFO | Current State is False
2026-01-31 18:20:52,538 | INFO | Doing Productive work at:2026-01-31 18:20:52.513749
2026-01-31 18:20:52,556 | INFO | Current State is False
2026-01-31 18:20:52,556 | INFO | Doing Productive work at:2026-01-31 18:20:52.546355
2026-01-31 18:20:52,599 | INFO | Current State is False
2026-01-31 18:20:52,599 | INFO | Doing Productive work at:2026-01-31 18:20:52.577416
2026-01-31 18:20:52,645 | INFO | Current State is False
2026-01-31 18:20:52,645 | INFO | Doing Productive work at:2026-01-31 18:20:52.626458
2026-01-31 18:20:52,666 | INFO | Current State is False
2026-01-31 18:20:52,666 | INFO | Doing Productive work at:2026-01-31 18:20:52.658125
2026-01-31 18:20:52,708 | INFO | Current State is False
2026-01-31 18:20:52,708 | INFO | Doing Productive work at:2026-01-31 18:20:52.690295
2026-01-31 18:20:52,738 | INFO | Current State is False
2026-01-31 18:20:52,740 | INFO | Doing Productive work at:2026-01-31 18:20:52.720652
2026-01-31 18:20:52,768 | INFO | Current State is False
2026-01-31 18:20:52,770 | INFO | Doing Productive work at:2026-01-31 18:20:52.754184
2026-01-31 18:20:52,800 | INFO | Current State is False
2026-01-31 18:20:52,800 | INFO | Doing Productive work at:2026-01-31 18:20:52.786380
2026-01-31 18:20:52,832 | INFO | Current State is False
2026-01-31 18:20:52,832 | INFO | Doing Productive work at:2026-01-31 18:20:52.817360
2026-01-31 18:20:52,863 | INFO | Current State is False
2026-01-31 18:20:52,863 | INFO | Doing Productive work at:2026-01-31 18:20:52.849319
2026-01-31 18:20:52,893 | INFO | Current State is False
2026-01-31 18:20:52,894 | INFO | Doing Productive work at:2026-01-31 18:20:52.882235
2026-01-31 18:20:52,924 | INFO | Current State is False
2026-01-31 18:20:52,924 | INFO | Doing Productive work at:2026-01-31 18:20:52.913066
2026-01-31 18:20:52,971 | INFO | Current State is False
2026-01-31 18:20:52,972 | INFO | Doing Productive work at:2026-01-31 18:20:52.948289
2026-01-31 18:20:53,003 | INFO | Current State is False
2026-01-31 18:20:53,003 | INFO | Doing Productive work at:2026-01-31 18:20:52.980963
2026-01-31 18:20:53,050 | INFO | Current State is False
2026-01-31 18:20:53,051 | INFO | Doing Productive work at:2026-01-31 18:20:53.026522
2026-01-31 18:20:53,082 | INFO | Current State is True
2026-01-31 18:20:53,086 | INFO | Doing Productive work at:2026-01-31 18:20:53.059201
2026-01-31 18:20:53,113 | INFO | Current State is True
2026-01-31 18:20:53,121 | INFO | Doing Productive work at:2026-01-31 18:20:53.093819
2026-01-31 18:20:53,144 | INFO | Current State is True
2026-01-31 18:20:53,149 | INFO | Doing Productive work at:2026-01-31 18:20:53.126841
2026-01-31 18:20:53,177 | INFO | Current State is True
2026-01-31 18:20:53,182 | INFO | Doing Productive work at:2026-01-31 18:20:53.157311
2026-01-31 18:20:53,208 | INFO | Current State is True
2026-01-31 18:20:53,213 | INFO | Doing Productive work at:2026-01-31 18:20:53.190109
2026-01-31 18:20:53,240 | INFO | Current State is True
2026-01-31 18:20:53,244 | INFO | Doing Productive work at:2026-01-31 18:20:53.219515
2026-01-31 18:20:53,269 | INFO | Current State is True
2026-01-31 18:20:53,273 | INFO | Doing Productive work at:2026-01-31 18:20:53.251811
2026-01-31 18:20:53,301 | INFO | Current State is True
2026-01-31 18:20:53,306 | INFO | Doing Productive work at:2026-01-31 18:20:53.282982
2026-01-31 18:20:53,334 | INFO | Current State is True
2026-01-31 18:20:53,338 | INFO | Doing Productive work at:2026-01-31 18:20:53.312381
2026-01-31 18:20:53,364 | INFO | Current State is True
2026-01-31 18:20:53,370 | INFO | Doing Productive work at:2026-01-31 18:20:53.345920
2026-01-31 18:20:53,395 | INFO | Current State is True
2026-01-31 18:20:53,400 | INFO | Doing Productive work at:2026-01-31 18:20:53.376175
2026-01-31 18:20:53,428 | INFO | Current State is True
2026-01-31 18:20:53,432 | INFO | Doing Productive work at:2026-01-31 18:20:53.410011
2026-01-31 18:20:53,476 | INFO | Current State is True
2026-01-31 18:20:53,481 | INFO | Doing Productive work at:2026-01-31 18:20:53.459330
2026-01-31 18:20:53,508 | INFO | Current State is True
2026-01-31 18:20:53,513 | INFO | Doing Productive work at:2026-01-31 18:20:53.486387
2026-01-31 18:20:53,539 | INFO | Current State is True
2026-01-31 18:20:53,544 | INFO | Doing Productive work at:2026-01-31 18:20:53.520268
2026-01-31 18:20:53,568 | INFO | Current State is True
2026-01-31 18:20:53,573 | INFO | Doing Productive work at:2026-01-31 18:20:53.550858
2026-01-31 18:20:53,598 | INFO | Current State is True
2026-01-31 18:20:53,605 | INFO | Doing Productive work at:2026-01-31 18:20:53.583351
2026-01-31 18:20:53,631 | INFO | Current State is True
2026-01-31 18:20:53,635 | INFO | Doing Productive work at:2026-01-31 18:20:53.620044
2026-01-31 18:20:53,665 | INFO | Current State is True
2026-01-31 18:20:53,670 | INFO | Doing Productive work at:2026-01-31 18:20:53.650184
2026-01-31 18:20:53,696 | INFO | Current State is True
2026-01-31 18:20:53,702 | INFO | Doing Productive work at:2026-01-31 18:20:53.681970
2026-01-31 18:20:53,728 | INFO | Current State is True
2026-01-31 18:20:53,733 | INFO | Doing Productive work at:2026-01-31 18:20:53.711744
2026-01-31 18:20:53,758 | INFO | Current State is True
2026-01-31 18:20:53,763 | INFO | Doing Productive work at:2026-01-31 18:20:53.745422
2026-01-31 18:20:53,790 | INFO | Current State is True
2026-01-31 18:20:53,794 | INFO | Doing Productive work at:2026-01-31 18:20:53.780062
2026-01-31 18:20:53,823 | INFO | Current State is True
2026-01-31 18:20:53,827 | INFO | Doing Productive work at:2026-01-31 18:20:53.810183
2026-01-31 18:20:53,854 | INFO | Current State is True
2026-01-31 18:20:53,859 | INFO | Doing Productive work at:2026-01-31 18:20:53.841570
2026-01-31 18:20:53,900 | INFO | Current State is True
2026-01-31 18:20:53,905 | INFO | Doing Productive work at:2026-01-31 18:20:53.890390
2026-01-31 18:20:53,931 | INFO | Current State is True
2026-01-31 18:20:53,936 | INFO | Doing Productive work at:2026-01-31 18:20:53.921271
2026-01-31 18:20:53,978 | INFO | Current State is True
2026-01-31 18:20:53,984 | INFO | Doing Productive work at:2026-01-31 18:20:53.956455
2026-01-31 18:20:54,010 | INFO | Current State is True
2026-01-31 18:20:54,016 | INFO | Doing Productive work at:2026-01-31 18:20:53.992917
2026-01-31 18:20:54,042 | INFO | Current State is True
2026-01-31 18:20:54,047 | INFO | Doing Productive work at:2026-01-31 18:20:54.023382
2026-01-31 18:20:54,075 | INFO | Current State is True
2026-01-31 18:20:54,080 | INFO | Doing Productive work at:2026-01-31 18:20:54.056124
2026-01-31 18:20:54,105 | INFO | Current State is True
2026-01-31 18:20:54,110 | INFO | Doing Productive work at:2026-01-31 18:20:54.087663
2026-01-31 18:20:54,135 | INFO | Current State is True
2026-01-31 18:20:54,140 | INFO | Doing Productive work at:2026-01-31 18:20:54.118845
2026-01-31 18:20:54,167 | INFO | Current State is True
2026-01-31 18:20:54,173 | INFO | Doing Productive work at:2026-01-31 18:20:54.148979
2026-01-31 18:20:54,200 | INFO | Current State is True
2026-01-31 18:20:54,205 | INFO | Doing Productive work at:2026-01-31 18:20:54.180818
2026-01-31 18:20:54,231 | INFO | Current State is True
2026-01-31 18:20:54,235 | INFO | Doing Productive work at:2026-01-31 18:20:54.213110
2026-01-31 18:20:54,263 | INFO | Current State is True
2026-01-31 18:20:54,269 | INFO | Doing Productive work at:2026-01-31 18:20:54.241861
2026-01-31 18:20:54,295 | INFO | Current State is True
2026-01-31 18:20:54,300 | INFO | Doing Productive work at:2026-01-31 18:20:54.277509
2026-01-31 18:20:54,342 | INFO | Current State is True
2026-01-31 18:20:54,348 | INFO | Doing Productive work at:2026-01-31 18:20:54.320677
2026-01-31 18:20:54,374 | INFO | Current State is True
2026-01-31 18:20:54,378 | INFO | Doing Productive work at:2026-01-31 18:20:54.355312
2026-01-31 18:20:54,405 | INFO | Current State is True
2026-01-31 18:20:54,410 | INFO | Doing Productive work at:2026-01-31 18:20:54.386933
2026-01-31 18:20:54,435 | INFO | Current State is True
2026-01-31 18:20:54,440 | INFO | Doing Productive work at:2026-01-31 18:20:54.418355
2026-01-31 18:20:54,466 | INFO | Current State is True
2026-01-31 18:20:54,471 | INFO | Doing Productive work at:2026-01-31 18:20:54.450673
2026-01-31 18:20:54,499 | INFO | Current State is True
2026-01-31 18:20:54,505 | INFO | Doing Productive work at:2026-01-31 18:20:54.480026
2026-01-31 18:20:54,529 | INFO | Current State is True
2026-01-31 18:20:54,534 | INFO | Doing Productive work at:2026-01-31 18:20:54.513647
2026-01-31 18:20:54,560 | INFO | Current State is True
2026-01-31 18:20:54,565 | INFO | Doing Productive work at:2026-01-31 18:20:54.542668
2026-01-31 18:20:54,591 | INFO | Current State is True
2026-01-31 18:20:54,596 | INFO | Doing Productive work at:2026-01-31 18:20:54.578631
2026-01-31 18:20:54,622 | INFO | Current State is True
2026-01-31 18:20:54,626 | INFO | Doing Productive work at:2026-01-31 18:20:54.611238
2026-01-31 18:20:54,652 | INFO | Current State is True
2026-01-31 18:20:54,656 | INFO | Doing Productive work at:2026-01-31 18:20:54.641374
2026-01-31 18:20:54,686 | INFO | Current State is True
2026-01-31 18:20:54,691 | INFO | Doing Productive work at:2026-01-31 18:20:54.673247
2026-01-31 18:20:54,716 | INFO | Current State is True
2026-01-31 18:20:54,720 | INFO | Doing Productive work at:2026-01-31 18:20:54.703198
2026-01-31 18:20:54,762 | INFO | Current State is True
2026-01-31 18:20:54,767 | INFO | Doing Productive work at:2026-01-31 18:20:54.751887
2026-01-31 18:20:54,810 | INFO | Current State is True
2026-01-31 18:20:54,815 | INFO | Doing Productive work at:2026-01-31 18:20:54.787251
2026-01-31 18:20:54,841 | INFO | Current State is True
2026-01-31 18:20:54,846 | INFO | Doing Productive work at:2026-01-31 18:20:54.823971
2026-01-31 18:20:54,873 | INFO | Current State is True
2026-01-31 18:20:54,879 | INFO | Doing Productive work at:2026-01-31 18:20:54.852696
2026-01-31 18:20:54,904 | INFO | Current State is True
2026-01-31 18:20:54,908 | INFO | Doing Productive work at:2026-01-31 18:20:54.887350
2026-01-31 18:20:54,934 | INFO | Current State is True
2026-01-31 18:20:54,940 | INFO | Doing Productive work at:2026-01-31 18:20:54.916182
2026-01-31 18:20:54,966 | INFO | Current State is True
2026-01-31 18:20:54,972 | INFO | Doing Productive work at:2026-01-31 18:20:54.948942
2026-01-31 18:20:54,998 | INFO | Current State is True
2026-01-31 18:20:55,003 | INFO | Doing Productive work at:2026-01-31 18:20:54.980142
2026-01-31 18:20:55,030 | INFO | Current State is True
2026-01-31 18:20:55,035 | INFO | Doing Productive work at:2026-01-31 18:20:55.010335
2026-01-31 18:20:55,061 | INFO | Current State is True
2026-01-31 18:20:55,065 | INFO | Doing Productive work at:2026-01-31 18:20:55.042188
2026-01-31 18:20:55,091 | INFO | Current State is True
2026-01-31 18:20:55,095 | INFO | Doing Productive work at:2026-01-31 18:20:55.072926
2026-01-31 18:20:55,122 | INFO | Current State is True
2026-01-31 18:20:55,127 | INFO | Doing Productive work at:2026-01-31 18:20:55.108627
2026-01-31 18:20:55,153 | INFO | Current State is True
2026-01-31 18:20:55,157 | INFO | Doing Productive work at:2026-01-31 18:20:55.137345
2026-01-31 18:20:55,200 | INFO | Current State is True
2026-01-31 18:20:55,205 | INFO | Doing Productive work at:2026-01-31 18:20:55.185884
2026-01-31 18:20:55,231 | INFO | Current State is True
2026-01-31 18:20:55,236 | INFO | Doing Productive work at:2026-01-31 18:20:55.218077
2026-01-31 18:20:55,264 | INFO | Current State is True
2026-01-31 18:20:55,268 | INFO | Doing Productive work at:2026-01-31 18:20:55.249309
2026-01-31 18:20:55,295 | INFO | Current State is True
2026-01-31 18:20:55,300 | INFO | Doing Productive work at:2026-01-31 18:20:55.283487
2026-01-31 18:20:55,326 | INFO | Current State is True
2026-01-31 18:20:55,331 | INFO | Doing Productive work at:2026-01-31 18:20:55.313457
2026-01-31 18:20:55,357 | INFO | Current State is True
2026-01-31 18:20:55,362 | INFO | Doing Productive work at:2026-01-31 18:20:55.343322
2026-01-31 18:20:55,388 | INFO | Current State is True
2026-01-31 18:20:55,394 | INFO | Doing Productive work at:2026-01-31 18:20:55.377334
2026-01-31 18:20:55,420 | INFO | Current State is True
2026-01-31 18:20:55,425 | INFO | Doing Productive work at:2026-01-31 18:20:55.408638
2026-01-31 18:20:55,464 | INFO | Current State is True
2026-01-31 18:20:55,471 | INFO | Doing Productive work at:2026-01-31 18:20:55.443963
2026-01-31 18:20:55,497 | INFO | Current State is True
2026-01-31 18:20:55,501 | INFO | Doing Productive work at:2026-01-31 18:20:55.478947
2026-01-31 18:20:55,528 | INFO | Current State is True
2026-01-31 18:20:55,533 | INFO | Doing Productive work at:2026-01-31 18:20:55.510495
2026-01-31 18:20:55,558 | INFO | Current State is True
2026-01-31 18:20:55,563 | INFO | Doing Productive work at:2026-01-31 18:20:55.540767
2026-01-31 18:20:55,588 | INFO | Current State is True
2026-01-31 18:20:55,593 | INFO | Doing Productive work at:2026-01-31 18:20:55.572277
2026-01-31 18:20:55,635 | INFO | Current State is True
2026-01-31 18:20:55,641 | INFO | Doing Productive work at:2026-01-31 18:20:55.620395
2026-01-31 18:20:55,668 | INFO | Current State is True
2026-01-31 18:20:55,673 | INFO | Doing Productive work at:2026-01-31 18:20:55.650538
2026-01-31 18:20:55,698 | INFO | Current State is True
2026-01-31 18:20:55,704 | INFO | Doing Productive work at:2026-01-31 18:20:55.680452
2026-01-31 18:20:55,729 | INFO | Current State is True
2026-01-31 18:20:55,734 | INFO | Doing Productive work at:2026-01-31 18:20:55.712202
2026-01-31 18:20:55,761 | INFO | Current State is True
2026-01-31 18:20:55,765 | INFO | Doing Productive work at:2026-01-31 18:20:55.744957
2026-01-31 18:20:55,792 | INFO | Current State is True
2026-01-31 18:20:55,798 | INFO | Doing Productive work at:2026-01-31 18:20:55.780283
2026-01-31 18:20:55,824 | INFO | Current State is True
2026-01-31 18:20:55,829 | INFO | Doing Productive work at:2026-01-31 18:20:55.809477
2026-01-31 18:20:55,853 | INFO | Current State is True
2026-01-31 18:20:55,858 | INFO | Doing Productive work at:2026-01-31 18:20:55.841300
2026-01-31 18:20:55,886 | INFO | Current State is True
2026-01-31 18:20:55,891 | INFO | Doing Productive work at:2026-01-31 18:20:55.872062
2026-01-31 18:20:55,916 | INFO | Current State is True
2026-01-31 18:20:55,922 | INFO | Doing Productive work at:2026-01-31 18:20:55.903016
2026-01-31 18:20:55,964 | INFO | Current State is True
2026-01-31 18:20:55,967 | INFO | Doing Productive work at:2026-01-31 18:20:55.940442
2026-01-31 18:20:55,994 | INFO | Current State is True
2026-01-31 18:20:56,000 | INFO | Doing Productive work at:2026-01-31 18:20:55.976268
2026-01-31 18:20:56,025 | INFO | Current State is True
2026-01-31 18:20:56,030 | INFO | Doing Productive work at:2026-01-31 18:20:56.008026
2026-01-31 18:20:56,074 | INFO | Current State is True
2026-01-31 18:20:56,078 | INFO | Doing Productive work at:2026-01-31 18:20:56.050121
2026-01-31 18:20:56,105 | INFO | Current State is True
2026-01-31 18:20:56,111 | INFO | Doing Productive work at:2026-01-31 18:20:56.086342
2026-01-31 18:20:56,136 | INFO | Current State is True
2026-01-31 18:20:56,142 | INFO | Doing Productive work at:2026-01-31 18:20:56.119144
2026-01-31 18:20:56,167 | INFO | Current State is True
2026-01-31 18:20:56,172 | INFO | Doing Productive work at:2026-01-31 18:20:56.150474
2026-01-31 18:20:56,199 | INFO | Current State is True
2026-01-31 18:20:56,204 | INFO | Doing Productive work at:2026-01-31 18:20:56.180272
2026-01-31 18:20:56,230 | INFO | Current State is True
2026-01-31 18:20:56,235 | INFO | Doing Productive work at:2026-01-31 18:20:56.211285
2026-01-31 18:20:56,260 | INFO | Current State is True
2026-01-31 18:20:56,265 | INFO | Doing Productive work at:2026-01-31 18:20:56.243291
2026-01-31 18:20:56,291 | INFO | Current State is True
2026-01-31 18:20:56,296 | INFO | Doing Productive work at:2026-01-31 18:20:56.275500
2026-01-31 18:20:56,324 | INFO | Current State is True
2026-01-31 18:20:56,329 | INFO | Doing Productive work at:2026-01-31 18:20:56.305479
2026-01-31 18:20:56,355 | INFO | Current State is True
2026-01-31 18:20:56,361 | INFO | Doing Productive work at:2026-01-31 18:20:56.338827
2026-01-31 18:20:56,387 | INFO | Current State is True
2026-01-31 18:20:56,392 | INFO | Doing Productive work at:2026-01-31 18:20:56.370058
2026-01-31 18:20:56,420 | INFO | Current State is True
2026-01-31 18:20:56,425 | INFO | Doing Productive work at:2026-01-31 18:20:56.400758
2026-01-31 18:20:56,451 | INFO | Current State is True
2026-01-31 18:20:56,456 | INFO | Doing Productive work at:2026-01-31 18:20:56.436427
2026-01-31 18:20:56,498 | INFO | Current State is True
2026-01-31 18:20:56,503 | INFO | Doing Productive work at:2026-01-31 18:20:56.481841
2026-01-31 18:20:56,529 | INFO | Current State is True
2026-01-31 18:20:56,533 | INFO | Doing Productive work at:2026-01-31 18:20:56.511958
2026-01-31 18:20:56,562 | INFO | Current State is True
2026-01-31 18:20:56,566 | INFO | Doing Productive work at:2026-01-31 18:20:56.545030
2026-01-31 18:20:56,592 | INFO | Current State is True
2026-01-31 18:20:56,597 | INFO | Doing Productive work at:2026-01-31 18:20:56.576338
2026-01-31 18:20:56,623 | INFO | Current State is True
2026-01-31 18:20:56,628 | INFO | Doing Productive work at:2026-01-31 18:20:56.610518
2026-01-31 18:20:56,655 | INFO | Current State is True
2026-01-31 18:20:56,659 | INFO | Doing Productive work at:2026-01-31 18:20:56.641552
2026-01-31 18:20:56,686 | INFO | Current State is True
2026-01-31 18:20:56,690 | INFO | Doing Productive work at:2026-01-31 18:20:56.673782
2026-01-31 18:20:56,717 | INFO | Current State is True
2026-01-31 18:20:56,723 | INFO | Doing Productive work at:2026-01-31 18:20:56.704014
2026-01-31 18:20:56,748 | INFO | Current State is True
2026-01-31 18:20:56,753 | INFO | Doing Productive work at:2026-01-31 18:20:56.737082
2026-01-31 18:20:56,794 | INFO | Current State is True
2026-01-31 18:20:56,798 | INFO | Doing Productive work at:2026-01-31 18:20:56.771740
2026-01-31 18:20:56,826 | INFO | Current State is True
2026-01-31 18:20:56,830 | INFO | Doing Productive work at:2026-01-31 18:20:56.806973
2026-01-31 18:20:56,858 | INFO | Current State is True
2026-01-31 18:20:56,863 | INFO | Doing Productive work at:2026-01-31 18:20:56.838275
2026-01-31 18:20:56,889 | INFO | Current State is True
2026-01-31 18:20:56,895 | INFO | Doing Productive work at:2026-01-31 18:20:56.870835
2026-01-31 18:20:56,937 | INFO | Current State is True
2026-01-31 18:20:56,942 | INFO | Doing Productive work at:2026-01-31 18:20:56.914125
2026-01-31 18:20:56,968 | INFO | Current State is True
2026-01-31 18:20:56,974 | INFO | Doing Productive work at:2026-01-31 18:20:56.949414
2026-01-31 18:20:57,000 | INFO | Current State is True
2026-01-31 18:20:57,006 | INFO | Doing Productive work at:2026-01-31 18:20:56.981239
2026-01-31 18:20:57,030 | INFO | Current State is True
2026-01-31 18:20:57,034 | INFO | Doing Productive work at:2026-01-31 18:20:57.013083
2026-01-31 18:20:57,060 | INFO | Current State is True
2026-01-31 18:20:57,065 | INFO | Doing Productive work at:2026-01-31 18:20:57.042007
2026-01-31 18:20:57,092 | INFO | Current State is True
2026-01-31 18:20:57,097 | INFO | Doing Productive work at:2026-01-31 18:20:57.073658
2026-01-31 18:20:57,124 | INFO | Current State is True
2026-01-31 18:20:57,128 | INFO | Doing Productive work at:2026-01-31 18:20:57.106258
2026-01-31 18:20:57,154 | INFO | Current State is True
2026-01-31 18:20:57,158 | INFO | Doing Productive work at:2026-01-31 18:20:57.137962
2026-01-31 18:20:57,185 | INFO | Current State is True
2026-01-31 18:20:57,190 | INFO | Doing Productive work at:2026-01-31 18:20:57.169277
2026-01-31 18:20:57,217 | INFO | Current State is True
2026-01-31 18:20:57,223 | INFO | Doing Productive work at:2026-01-31 18:20:57.201993
2026-01-31 18:20:57,247 | INFO | Current State is True
2026-01-31 18:20:57,253 | INFO | Doing Productive work at:2026-01-31 18:20:57.233432
2026-01-31 18:20:57,278 | INFO | Current State is True
2026-01-31 18:20:57,282 | INFO | Doing Productive work at:2026-01-31 18:20:57.265548
2026-01-31 18:20:57,310 | INFO | Current State is True
2026-01-31 18:20:57,315 | INFO | Doing Productive work at:2026-01-31 18:20:57.296873
2026-01-31 18:20:57,359 | INFO | Current State is True
2026-01-31 18:20:57,364 | INFO | Doing Productive work at:2026-01-31 18:20:57.344139
2026-01-31 18:20:57,387 | INFO | Current State is True
2026-01-31 18:20:57,393 | INFO | Doing Productive work at:2026-01-31 18:20:57.376634
2026-01-31 18:20:57,433 | INFO | Current State is True
2026-01-31 18:20:57,439 | INFO | Doing Productive work at:2026-01-31 18:20:57.409994
2026-01-31 18:20:57,465 | INFO | Current State is True
2026-01-31 18:20:57,470 | INFO | Doing Productive work at:2026-01-31 18:20:57.447494
2026-01-31 18:20:57,494 | INFO | Current State is True
2026-01-31 18:20:57,500 | INFO | Doing Productive work at:2026-01-31 18:20:57.478404
2026-01-31 18:20:57,526 | INFO | Current State is True
2026-01-31 18:20:57,531 | INFO | Doing Productive work at:2026-01-31 18:20:57.508868
2026-01-31 18:20:57,559 | INFO | Current State is True
2026-01-31 18:20:57,563 | INFO | Doing Productive work at:2026-01-31 18:20:57.539064
2026-01-31 18:20:57,590 | INFO | Current State is True
2026-01-31 18:20:57,595 | INFO | Doing Productive work at:2026-01-31 18:20:57.572061
2026-01-31 18:20:57,621 | INFO | Current State is True
2026-01-31 18:20:57,626 | INFO | Doing Productive work at:2026-01-31 18:20:57.602962
2026-01-31 18:20:57,652 | INFO | Current State is True
2026-01-31 18:20:57,657 | INFO | Doing Productive work at:2026-01-31 18:20:57.633105
2026-01-31 18:20:57,682 | INFO | Current State is True
2026-01-31 18:20:57,687 | INFO | Doing Productive work at:2026-01-31 18:20:57.664138
2026-01-31 18:20:57,712 | INFO | Current State is True
2026-01-31 18:20:57,717 | INFO | Doing Productive work at:2026-01-31 18:20:57.695432
2026-01-31 18:20:57,743 | INFO | Current State is True
2026-01-31 18:20:57,747 | INFO | Doing Productive work at:2026-01-31 18:20:57.730069
2026-01-31 18:20:57,791 | INFO | Current State is True
2026-01-31 18:20:57,796 | INFO | Doing Productive work at:2026-01-31 18:20:57.780470
2026-01-31 18:20:57,822 | INFO | Current State is True
2026-01-31 18:20:57,825 | INFO | Doing Productive work at:2026-01-31 18:20:57.809075
2026-01-31 18:20:57,852 | INFO | Current State is True
2026-01-31 18:20:57,858 | INFO | Doing Productive work at:2026-01-31 18:20:57.841742
2026-01-31 18:20:57,884 | INFO | Current State is True
2026-01-31 18:20:57,888 | INFO | Doing Productive work at:2026-01-31 18:20:57.872370
2026-01-31 18:20:57,916 | INFO | Current State is True
2026-01-31 18:20:57,922 | INFO | Doing Productive work at:2026-01-31 18:20:57.903929
2026-01-31 18:20:57,962 | INFO | Current State is True
2026-01-31 18:20:57,966 | INFO | Doing Productive work at:2026-01-31 18:20:57.937470
2026-01-31 18:20:57,993 | INFO | Current State is True
2026-01-31 18:20:57,998 | INFO | Doing Productive work at:2026-01-31 18:20:57.973839
2026-01-31 18:20:58,026 | INFO | Current State is False
2026-01-31 18:20:58,026 | INFO | Doing Productive work at:2026-01-31 18:20:58.005303
2026-01-31 18:20:58,056 | INFO | Current State is False
2026-01-31 18:20:58,057 | INFO | Doing Productive work at:2026-01-31 18:20:58.033486
2026-01-31 18:20:58,090 | INFO | Current State is False
2026-01-31 18:20:58,090 | INFO | Doing Productive work at:2026-01-31 18:20:58.064067
2026-01-31 18:20:58,119 | INFO | Current State is False
2026-01-31 18:20:58,119 | INFO | Doing Productive work at:2026-01-31 18:20:58.100222
2026-01-31 18:20:58,150 | INFO | Current State is False
2026-01-31 18:20:58,150 | INFO | Doing Productive work at:2026-01-31 18:20:58.130190
2026-01-31 18:20:58,227 | INFO | Current State is False
2026-01-31 18:20:58,227 | INFO | Doing Productive work at:2026-01-31 18:20:58.205955
2026-01-31 18:20:58,257 | INFO | Current State is False
2026-01-31 18:20:58,257 | INFO | Doing Productive work at:2026-01-31 18:20:58.234937
2026-01-31 18:20:58,275 | INFO | Current State is False
2026-01-31 18:20:58,275 | INFO | Doing Productive work at:2026-01-31 18:20:58.264166
2026-01-31 18:20:58,304 | INFO | Current State is False
2026-01-31 18:20:58,305 | INFO | Doing Productive work at:2026-01-31 18:20:58.284364
2026-01-31 18:20:58,335 | INFO | Current State is False
2026-01-31 18:20:58,335 | INFO | Doing Productive work at:2026-01-31 18:20:58.313050
2026-01-31 18:20:58,368 | INFO | Current State is False
2026-01-31 18:20:58,368 | INFO | Doing Productive work at:2026-01-31 18:20:58.343670
2026-01-31 18:20:58,398 | INFO | Current State is False
2026-01-31 18:20:58,398 | INFO | Doing Productive work at:2026-01-31 18:20:58.375352
2026-01-31 18:20:58,431 | INFO | Current State is False
2026-01-31 18:20:58,431 | INFO | Doing Productive work at:2026-01-31 18:20:58.405983
2026-01-31 18:20:58,462 | INFO | Current State is False
2026-01-31 18:20:58,462 | INFO | Doing Productive work at:2026-01-31 18:20:58.440115
2026-01-31 18:20:58,494 | INFO | Current State is False
2026-01-31 18:20:58,494 | INFO | Doing Productive work at:2026-01-31 18:20:58.470640
2026-01-31 18:20:58,523 | INFO | Current State is False
2026-01-31 18:20:58,523 | INFO | Doing Productive work at:2026-01-31 18:20:58.500065
2026-01-31 18:20:58,555 | INFO | Current State is False
2026-01-31 18:20:58,556 | INFO | Doing Productive work at:2026-01-31 18:20:58.532374
2026-01-31 18:20:58,618 | INFO | Current State is False
2026-01-31 18:20:58,618 | INFO | Doing Productive work at:2026-01-31 18:20:58.596257
2026-01-31 18:20:58,650 | INFO | Current State is False
2026-01-31 18:20:58,650 | INFO | Doing Productive work at:2026-01-31 18:20:58.637595
2026-01-31 18:20:58,680 | INFO | Current State is False
2026-01-31 18:20:58,680 | INFO | Doing Productive work at:2026-01-31 18:20:58.656499
2026-01-31 18:20:58,713 | INFO | Current State is False
2026-01-31 18:20:58,713 | INFO | Doing Productive work at:2026-01-31 18:20:58.688969
2026-01-31 18:20:58,743 | INFO | Current State is False
2026-01-31 18:20:58,743 | INFO | Doing Productive work at:2026-01-31 18:20:58.722033
2026-01-31 18:20:58,775 | INFO | Current State is False
2026-01-31 18:20:58,775 | INFO | Doing Productive work at:2026-01-31 18:20:58.751222
2026-01-31 18:20:58,806 | INFO | Current State is False
2026-01-31 18:20:58,806 | INFO | Doing Productive work at:2026-01-31 18:20:58.783866
2026-01-31 18:20:58,836 | INFO | Current State is False
2026-01-31 18:20:58,836 | INFO | Doing Productive work at:2026-01-31 18:20:58.813488
2026-01-31 18:20:58,865 | INFO | Current State is False
2026-01-31 18:20:58,865 | INFO | Doing Productive work at:2026-01-31 18:20:58.844125
2026-01-31 18:20:58,897 | INFO | Current State is False
2026-01-31 18:20:58,897 | INFO | Doing Productive work at:2026-01-31 18:20:58.872081
2026-01-31 18:20:58,932 | INFO | Current State is False
2026-01-31 18:20:58,932 | INFO | Doing Productive work at:2026-01-31 18:20:58.905101
2026-01-31 18:20:58,960 | INFO | Current State is False
2026-01-31 18:20:58,960 | INFO | Doing Productive work at:2026-01-31 18:20:58.940061
2026-01-31 18:20:59,007 | INFO | Current State is False
2026-01-31 18:20:59,007 | INFO | Doing Productive work at:2026-01-31 18:20:58.993193
2026-01-31 18:20:59,040 | INFO | Current State is False
2026-01-31 18:20:59,040 | INFO | Doing Productive work at:2026-01-31 18:20:59.024010
2026-01-31 18:20:59,069 | INFO | Current State is False
2026-01-31 18:20:59,069 | INFO | Doing Productive work at:2026-01-31 18:20:59.047312
2026-01-31 18:20:59,101 | INFO | Current State is False
2026-01-31 18:20:59,101 | INFO | Doing Productive work at:2026-01-31 18:20:59.075705
2026-01-31 18:20:59,132 | INFO | Current State is False
2026-01-31 18:20:59,133 | INFO | Doing Productive work at:2026-01-31 18:20:59.109368
2026-01-31 18:20:59,164 | INFO | Current State is False
2026-01-31 18:20:59,165 | INFO | Doing Productive work at:2026-01-31 18:20:59.141596
2026-01-31 18:20:59,194 | INFO | Current State is False
2026-01-31 18:20:59,194 | INFO | Doing Productive work at:2026-01-31 18:20:59.171762
2026-01-31 18:20:59,226 | INFO | Current State is False
2026-01-31 18:20:59,226 | INFO | Doing Productive work at:2026-01-31 18:20:59.200831
2026-01-31 18:20:59,256 | INFO | Current State is False
2026-01-31 18:20:59,256 | INFO | Doing Productive work at:2026-01-31 18:20:59.233459
2026-01-31 18:20:59,287 | INFO | Current State is False
2026-01-31 18:20:59,287 | INFO | Doing Productive work at:2026-01-31 18:20:59.268126
2026-01-31 18:20:59,320 | INFO | Current State is False
2026-01-31 18:20:59,320 | INFO | Doing Productive work at:2026-01-31 18:20:59.298946
2026-01-31 18:20:59,348 | INFO | Current State is False
2026-01-31 18:20:59,348 | INFO | Doing Productive work at:2026-01-31 18:20:59.329119
2026-01-31 18:20:59,413 | INFO | Current State is False
2026-01-31 18:20:59,413 | INFO | Doing Productive work at:2026-01-31 18:20:59.393636
2026-01-31 18:20:59,445 | INFO | Current State is False
2026-01-31 18:20:59,445 | INFO | Doing Productive work at:2026-01-31 18:20:59.429344
2026-01-31 18:20:59,475 | INFO | Current State is False
2026-01-31 18:20:59,475 | INFO | Doing Productive work at:2026-01-31 18:20:59.458196
2026-01-31 18:20:59,507 | INFO | Current State is False
2026-01-31 18:20:59,507 | INFO | Doing Productive work at:2026-01-31 18:20:59.482056
2026-01-31 18:20:59,537 | INFO | Current State is False
2026-01-31 18:20:59,537 | INFO | Doing Productive work at:2026-01-31 18:20:59.515038
2026-01-31 18:20:59,569 | INFO | Current State is False
2026-01-31 18:20:59,570 | INFO | Doing Productive work at:2026-01-31 18:20:59.545639
2026-01-31 18:20:59,600 | INFO | Current State is False
2026-01-31 18:20:59,600 | INFO | Doing Productive work at:2026-01-31 18:20:59.577497
2026-01-31 18:20:59,631 | INFO | Current State is False
2026-01-31 18:20:59,632 | INFO | Doing Productive work at:2026-01-31 18:20:59.608297
2026-01-31 18:20:59,663 | INFO | Current State is False
2026-01-31 18:20:59,663 | INFO | Doing Productive work at:2026-01-31 18:20:59.640382
2026-01-31 18:20:59,694 | INFO | Current State is False
2026-01-31 18:20:59,694 | INFO | Doing Productive work at:2026-01-31 18:20:59.670980
2026-01-31 18:20:59,724 | INFO | Current State is False
2026-01-31 18:20:59,724 | INFO | Doing Productive work at:2026-01-31 18:20:59.701920
2026-01-31 18:20:59,756 | INFO | Current State is False
2026-01-31 18:20:59,756 | INFO | Doing Productive work at:2026-01-31 18:20:59.732005
2026-01-31 18:20:59,818 | INFO | Current State is False
2026-01-31 18:20:59,820 | INFO | Doing Productive work at:2026-01-31 18:20:59.794176
2026-01-31 18:20:59,851 | INFO | Current State is False
2026-01-31 18:20:59,851 | INFO | Doing Productive work at:2026-01-31 18:20:59.827421
2026-01-31 18:20:59,881 | INFO | Current State is False
2026-01-31 18:20:59,881 | INFO | Doing Productive work at:2026-01-31 18:20:59.859019
2026-01-31 18:20:59,911 | INFO | Current State is False
2026-01-31 18:20:59,911 | INFO | Doing Productive work at:2026-01-31 18:20:59.890163
2026-01-31 18:20:59,944 | INFO | Current State is False
2026-01-31 18:20:59,944 | INFO | Doing Productive work at:2026-01-31 18:20:59.920071
2026-01-31 18:20:59,974 | INFO | Current State is False
2026-01-31 18:20:59,974 | INFO | Doing Productive work at:2026-01-31 18:20:59.951362
2026-01-31 18:21:00,005 | INFO | Current State is False
2026-01-31 18:21:00,005 | INFO | Doing Productive work at:2026-01-31 18:20:59.981326
2026-01-31 18:21:00,036 | INFO | Current State is False
2026-01-31 18:21:00,036 | INFO | Doing Productive work at:2026-01-31 18:21:00.013463
2026-01-31 18:21:00,068 | INFO | Current State is False
2026-01-31 18:21:00,068 | INFO | Doing Productive work at:2026-01-31 18:21:00.043326
2026-01-31 18:21:00,100 | INFO | Current State is False
2026-01-31 18:21:00,100 | INFO | Doing Productive work at:2026-01-31 18:21:00.075985
2026-01-31 18:21:00,131 | INFO | Current State is False
2026-01-31 18:21:00,131 | INFO | Doing Productive work at:2026-01-31 18:21:00.107085
2026-01-31 18:21:00,163 | INFO | Current State is False
2026-01-31 18:21:00,163 | INFO | Doing Productive work at:2026-01-31 18:21:00.138654
2026-01-31 18:21:00,210 | INFO | Current State is False
2026-01-31 18:21:00,210 | INFO | Doing Productive work at:2026-01-31 18:21:00.193405
2026-01-31 18:21:00,240 | INFO | Current State is False
2026-01-31 18:21:00,240 | INFO | Doing Productive work at:2026-01-31 18:21:00.224986
2026-01-31 18:21:00,271 | INFO | Current State is False
2026-01-31 18:21:00,271 | INFO | Doing Productive work at:2026-01-31 18:21:00.260203
2026-01-31 18:21:00,303 | INFO | Current State is False
2026-01-31 18:21:00,303 | INFO | Doing Productive work at:2026-01-31 18:21:00.290105
2026-01-31 18:21:00,333 | INFO | Current State is False
2026-01-31 18:21:00,333 | INFO | Doing Productive work at:2026-01-31 18:21:00.321790
2026-01-31 18:21:00,364 | INFO | Current State is False
2026-01-31 18:21:00,364 | INFO | Doing Productive work at:2026-01-31 18:21:00.341868
2026-01-31 18:21:00,396 | INFO | Current State is False
2026-01-31 18:21:00,396 | INFO | Doing Productive work at:2026-01-31 18:21:00.374238
2026-01-31 18:21:00,430 | INFO | Current State is False
2026-01-31 18:21:00,430 | INFO | Doing Productive work at:2026-01-31 18:21:00.403371
2026-01-31 18:21:00,458 | INFO | Current State is False
2026-01-31 18:21:00,458 | INFO | Doing Productive work at:2026-01-31 18:21:00.438334
2026-01-31 18:21:00,490 | INFO | Current State is False
2026-01-31 18:21:00,490 | INFO | Doing Productive work at:2026-01-31 18:21:00.465874
2026-01-31 18:21:00,523 | INFO | Current State is False
2026-01-31 18:21:00,523 | INFO | Doing Productive work at:2026-01-31 18:21:00.496939
2026-01-31 18:21:00,554 | INFO | Current State is False
2026-01-31 18:21:00,554 | INFO | Doing Productive work at:2026-01-31 18:21:00.531608
2026-01-31 18:21:00,616 | INFO | Current State is False
2026-01-31 18:21:00,616 | INFO | Doing Productive work at:2026-01-31 18:21:00.597269
2026-01-31 18:21:00,646 | INFO | Current State is False
2026-01-31 18:21:00,646 | INFO | Doing Productive work at:2026-01-31 18:21:00.622929
2026-01-31 18:21:00,678 | INFO | Current State is False
2026-01-31 18:21:00,678 | INFO | Doing Productive work at:2026-01-31 18:21:00.656039
2026-01-31 18:21:00,708 | INFO | Current State is False
2026-01-31 18:21:00,708 | INFO | Doing Productive work at:2026-01-31 18:21:00.690059
2026-01-31 18:21:00,741 | INFO | Current State is False
2026-01-31 18:21:00,741 | INFO | Doing Productive work at:2026-01-31 18:21:00.721003
2026-01-31 18:21:00,771 | INFO | Current State is False
2026-01-31 18:21:00,771 | INFO | Doing Productive work at:2026-01-31 18:21:00.753342
2026-01-31 18:21:00,801 | INFO | Current State is False
2026-01-31 18:21:00,801 | INFO | Doing Productive work at:2026-01-31 18:21:00.779434
2026-01-31 18:21:00,833 | INFO | Current State is False
2026-01-31 18:21:00,833 | INFO | Doing Productive work at:2026-01-31 18:21:00.808032
2026-01-31 18:21:00,866 | INFO | Current State is False
2026-01-31 18:21:00,866 | INFO | Doing Productive work at:2026-01-31 18:21:00.842532
2026-01-31 18:21:00,897 | INFO | Current State is False
2026-01-31 18:21:00,897 | INFO | Doing Productive work at:2026-01-31 18:21:00.873561
2026-01-31 18:21:00,913 | INFO | Current State is False
2026-01-31 18:21:00,914 | INFO | Doing Productive work at:2026-01-31 18:21:00.903493
2026-01-31 18:21:00,944 | INFO | Current State is False
2026-01-31 18:21:00,944 | INFO | Doing Productive work at:2026-01-31 18:21:00.927130
2026-01-31 18:21:01,007 | INFO | Current State is False
2026-01-31 18:21:01,007 | INFO | Doing Productive work at:2026-01-31 18:21:00.994106
2026-01-31 18:21:01,038 | INFO | Current State is False
2026-01-31 18:21:01,038 | INFO | Doing Productive work at:2026-01-31 18:21:01.025861
2026-01-31 18:21:01,070 | INFO | Current State is False
2026-01-31 18:21:01,070 | INFO | Doing Productive work at:2026-01-31 18:21:01.057135
2026-01-31 18:21:01,102 | INFO | Current State is False
2026-01-31 18:21:01,102 | INFO | Doing Productive work at:2026-01-31 18:21:01.090456
2026-01-31 18:21:01,134 | INFO | Current State is False
2026-01-31 18:21:01,134 | INFO | Doing Productive work at:2026-01-31 18:21:01.120603
2026-01-31 18:21:01,164 | INFO | Current State is False
2026-01-31 18:21:01,164 | INFO | Doing Productive work at:2026-01-31 18:21:01.152927
2026-01-31 18:21:01,211 | INFO | Current State is False
2026-01-31 18:21:01,211 | INFO | Doing Productive work at:2026-01-31 18:21:01.195760
2026-01-31 18:21:01,241 | INFO | Current State is False
2026-01-31 18:21:01,241 | INFO | Doing Productive work at:2026-01-31 18:21:01.220153
2026-01-31 18:21:01,272 | INFO | Current State is False
2026-01-31 18:21:01,272 | INFO | Doing Productive work at:2026-01-31 18:21:01.249013
2026-01-31 18:21:01,303 | INFO | Current State is False
2026-01-31 18:21:01,303 | INFO | Doing Productive work at:2026-01-31 18:21:01.282080
2026-01-31 18:21:01,335 | INFO | Current State is False
2026-01-31 18:21:01,335 | INFO | Doing Productive work at:2026-01-31 18:21:01.310800
2026-01-31 18:21:01,352 | INFO | Current State is False
2026-01-31 18:21:01,352 | INFO | Doing Productive work at:2026-01-31 18:21:01.342140
2026-01-31 18:21:01,413 | INFO | Current State is False
2026-01-31 18:21:01,414 | INFO | Doing Productive work at:2026-01-31 18:21:01.392297
2026-01-31 18:21:01,445 | INFO | Current State is False
2026-01-31 18:21:01,445 | INFO | Doing Productive work at:2026-01-31 18:21:01.427950
2026-01-31 18:21:01,476 | INFO | Current State is False
2026-01-31 18:21:01,476 | INFO | Doing Productive work at:2026-01-31 18:21:01.455704
2026-01-31 18:21:01,507 | INFO | Current State is False
2026-01-31 18:21:01,507 | INFO | Doing Productive work at:2026-01-31 18:21:01.489456
2026-01-31 18:21:01,539 | INFO | Current State is False
2026-01-31 18:21:01,539 | INFO | Doing Productive work at:2026-01-31 18:21:01.520984
2026-01-31 18:21:01,570 | INFO | Current State is False
2026-01-31 18:21:01,570 | INFO | Doing Productive work at:2026-01-31 18:21:01.551124
2026-01-31 18:21:01,601 | INFO | Current State is False
2026-01-31 18:21:01,601 | INFO | Doing Productive work at:2026-01-31 18:21:01.588296
2026-01-31 18:21:01,631 | INFO | Current State is False
2026-01-31 18:21:01,631 | INFO | Doing Productive work at:2026-01-31 18:21:01.610345
2026-01-31 18:21:01,647 | INFO | Current State is False
2026-01-31 18:21:01,647 | INFO | Doing Productive work at:2026-01-31 18:21:01.637554
2026-01-31 18:21:01,678 | INFO | Current State is False
2026-01-31 18:21:01,678 | INFO | Doing Productive work at:2026-01-31 18:21:01.664130
2026-01-31 18:21:01,708 | INFO | Current State is False
2026-01-31 18:21:01,708 | INFO | Doing Productive work at:2026-01-31 18:21:01.699122
2026-01-31 18:21:01,740 | INFO | Current State is False
2026-01-31 18:21:01,740 | INFO | Doing Productive work at:2026-01-31 18:21:01.730440
2026-01-31 18:21:01,804 | INFO | Current State is False
2026-01-31 18:21:01,804 | INFO | Doing Productive work at:2026-01-31 18:21:01.791330
2026-01-31 18:21:01,834 | INFO | Current State is False
2026-01-31 18:21:01,834 | INFO | Doing Productive work at:2026-01-31 18:21:01.823779
2026-01-31 18:21:01,881 | INFO | Current State is False
2026-01-31 18:21:01,881 | INFO | Doing Productive work at:2026-01-31 18:21:01.857140
2026-01-31 18:21:01,913 | INFO | Current State is False
2026-01-31 18:21:01,913 | INFO | Doing Productive work at:2026-01-31 18:21:01.889209
2026-01-31 18:21:01,943 | INFO | Current State is False
2026-01-31 18:21:01,943 | INFO | Doing Productive work at:2026-01-31 18:21:01.923816
2026-01-31 18:21:01,974 | INFO | Current State is False
2026-01-31 18:21:01,974 | INFO | Doing Productive work at:2026-01-31 18:21:01.954279
2026-01-31 18:21:02,005 | INFO | Current State is False
2026-01-31 18:21:02,005 | INFO | Doing Productive work at:2026-01-31 18:21:01.983115
2026-01-31 18:21:02,036 | INFO | Current State is False
2026-01-31 18:21:02,036 | INFO | Doing Productive work at:2026-01-31 18:21:02.016077
2026-01-31 18:21:02,067 | INFO | Current State is False
2026-01-31 18:21:02,067 | INFO | Doing Productive work at:2026-01-31 18:21:02.043108
2026-01-31 18:21:02,098 | INFO | Current State is False
2026-01-31 18:21:02,098 | INFO | Doing Productive work at:2026-01-31 18:21:02.075919
2026-01-31 18:21:02,128 | INFO | Current State is False
2026-01-31 18:21:02,128 | INFO | Doing Productive work at:2026-01-31 18:21:02.105109
2026-01-31 18:21:02,162 | INFO | Current State is False
2026-01-31 18:21:02,162 | INFO | Doing Productive work at:2026-01-31 18:21:02.137020
2026-01-31 18:21:02,208 | INFO | Current State is False
2026-01-31 18:21:02,208 | INFO | Doing Productive work at:2026-01-31 18:21:02.191744
2026-01-31 18:21:02,240 | INFO | Current State is False
2026-01-31 18:21:02,240 | INFO | Doing Productive work at:2026-01-31 18:21:02.225350
2026-01-31 18:21:02,271 | INFO | Current State is False
2026-01-31 18:21:02,271 | INFO | Doing Productive work at:2026-01-31 18:21:02.260535
2026-01-31 18:21:02,303 | INFO | Current State is False
2026-01-31 18:21:02,303 | INFO | Doing Productive work at:2026-01-31 18:21:02.290188
2026-01-31 18:21:02,332 | INFO | Current State is False
2026-01-31 18:21:02,332 | INFO | Doing Productive work at:2026-01-31 18:21:02.321845
2026-01-31 18:21:02,379 | INFO | Current State is False
2026-01-31 18:21:02,380 | INFO | Doing Productive work at:2026-01-31 18:21:02.354220
2026-01-31 18:21:02,410 | INFO | Current State is False
2026-01-31 18:21:02,410 | INFO | Doing Productive work at:2026-01-31 18:21:02.386956
2026-01-31 18:21:02,442 | INFO | Current State is False
2026-01-31 18:21:02,442 | INFO | Doing Productive work at:2026-01-31 18:21:02.419036
2026-01-31 18:21:02,473 | INFO | Current State is False
2026-01-31 18:21:02,473 | INFO | Doing Productive work at:2026-01-31 18:21:02.448883
2026-01-31 18:21:02,504 | INFO | Current State is False
2026-01-31 18:21:02,504 | INFO | Doing Productive work at:2026-01-31 18:21:02.480101
2026-01-31 18:21:02,536 | INFO | Current State is False
2026-01-31 18:21:02,536 | INFO | Doing Productive work at:2026-01-31 18:21:02.511955
2026-01-31 18:21:02,567 | INFO | Current State is False
2026-01-31 18:21:02,567 | INFO | Doing Productive work at:2026-01-31 18:21:02.544515
2026-01-31 18:21:02,614 | INFO | Current State is False
2026-01-31 18:21:02,614 | INFO | Doing Productive work at:2026-01-31 18:21:02.596239
2026-01-31 18:21:02,646 | INFO | Current State is False
2026-01-31 18:21:02,646 | INFO | Doing Productive work at:2026-01-31 18:21:02.623662
2026-01-31 18:21:02,676 | INFO | Current State is False
2026-01-31 18:21:02,676 | INFO | Doing Productive work at:2026-01-31 18:21:02.658164
2026-01-31 18:21:02,707 | INFO | Current State is False
2026-01-31 18:21:02,707 | INFO | Doing Productive work at:2026-01-31 18:21:02.690525
2026-01-31 18:21:02,740 | INFO | Current State is False
2026-01-31 18:21:02,740 | INFO | Doing Productive work at:2026-01-31 18:21:02.722199
2026-01-31 18:21:02,772 | INFO | Current State is False
2026-01-31 18:21:02,772 | INFO | Doing Productive work at:2026-01-31 18:21:02.755374
2026-01-31 18:21:02,802 | INFO | Current State is False
2026-01-31 18:21:02,802 | INFO | Doing Productive work at:2026-01-31 18:21:02.784187
2026-01-31 18:21:02,834 | INFO | Current State is False
2026-01-31 18:21:02,834 | INFO | Doing Productive work at:2026-01-31 18:21:02.818172
2026-01-31 18:21:02,863 | INFO | Current State is False
2026-01-31 18:21:02,863 | INFO | Doing Productive work at:2026-01-31 18:21:02.849153
2026-01-31 18:21:02,894 | INFO | Current State is False
2026-01-31 18:21:02,894 | INFO | Doing Productive work at:2026-01-31 18:21:02.882892
2026-01-31 18:21:02,925 | INFO | Current State is False
2026-01-31 18:21:02,925 | INFO | Doing Productive work at:2026-01-31 18:21:02.901953
2026-01-31 18:21:02,956 | INFO | Current State is False
2026-01-31 18:21:02,956 | INFO | Doing Productive work at:2026-01-31 18:21:02.932084
2026-01-31 18:21:03,020 | INFO | Current State is False
2026-01-31 18:21:03,020 | INFO | Doing Productive work at:2026-01-31 18:21:02.994169
2026-01-31 18:21:03,051 | INFO | Current State is False
2026-01-31 18:21:03,051 | INFO | Doing Productive work at:2026-01-31 18:21:03.027825
2026-01-31 18:21:03,082 | INFO | Current State is False
2026-01-31 18:21:03,083 | INFO | Doing Productive work at:2026-01-31 18:21:03.059504
2026-01-31 18:21:03,112 | INFO | Current State is False
2026-01-31 18:21:03,112 | INFO | Doing Productive work at:2026-01-31 18:21:03.091940
2026-01-31 18:21:03,144 | INFO | Current State is False
2026-01-31 18:21:03,144 | INFO | Doing Productive work at:2026-01-31 18:21:03.120133
2026-01-31 18:21:03,175 | INFO | Current State is False
2026-01-31 18:21:03,175 | INFO | Doing Productive work at:2026-01-31 18:21:03.151307
2026-01-31 18:21:03,206 | INFO | Current State is False
2026-01-31 18:21:03,206 | INFO | Doing Productive work at:2026-01-31 18:21:03.184302
2026-01-31 18:21:03,237 | INFO | Current State is False
2026-01-31 18:21:03,237 | INFO | Doing Productive work at:2026-01-31 18:21:03.216271
2026-01-31 18:21:03,270 | INFO | Current State is False
2026-01-31 18:21:03,270 | INFO | Doing Productive work at:2026-01-31 18:21:03.252046
2026-01-31 18:21:03,300 | INFO | Current State is False
2026-01-31 18:21:03,300 | INFO | Doing Productive work at:2026-01-31 18:21:03.281181
2026-01-31 18:21:03,330 | INFO | Current State is False
2026-01-31 18:21:03,330 | INFO | Doing Productive work at:2026-01-31 18:21:03.314324
2026-01-31 18:21:03,362 | INFO | Current State is False
2026-01-31 18:21:03,362 | INFO | Doing Productive work at:2026-01-31 18:21:03.338925
2026-01-31 18:21:03,410 | INFO | Current State is False
2026-01-31 18:21:03,410 | INFO | Doing Productive work at:2026-01-31 18:21:03.393670
2026-01-31 18:21:03,441 | INFO | Current State is False
2026-01-31 18:21:03,441 | INFO | Doing Productive work at:2026-01-31 18:21:03.428339
2026-01-31 18:21:03,474 | INFO | Current State is False
2026-01-31 18:21:03,474 | INFO | Doing Productive work at:2026-01-31 18:21:03.456927
2026-01-31 18:21:03,505 | INFO | Current State is False
2026-01-31 18:21:03,506 | INFO | Doing Productive work at:2026-01-31 18:21:03.490247
2026-01-31 18:21:03,535 | INFO | Current State is False
2026-01-31 18:21:03,535 | INFO | Doing Productive work at:2026-01-31 18:21:03.523070
2026-01-31 18:21:03,567 | INFO | Current State is False
2026-01-31 18:21:03,567 | INFO | Doing Productive work at:2026-01-31 18:21:03.554198
2026-01-31 18:21:03,613 | INFO | Current State is False
2026-01-31 18:21:03,615 | INFO | Doing Productive work at:2026-01-31 18:21:03.589294
2026-01-31 18:21:03,645 | INFO | Current State is False
2026-01-31 18:21:03,645 | INFO | Doing Productive work at:2026-01-31 18:21:03.621945
2026-01-31 18:21:03,678 | INFO | Current State is False
2026-01-31 18:21:03,678 | INFO | Doing Productive work at:2026-01-31 18:21:03.652875
2026-01-31 18:21:03,710 | INFO | Current State is False
2026-01-31 18:21:03,710 | INFO | Doing Productive work at:2026-01-31 18:21:03.686243
2026-01-31 18:21:03,741 | INFO | Current State is False
2026-01-31 18:21:03,742 | INFO | Doing Productive work at:2026-01-31 18:21:03.718535
2026-01-31 18:21:03,774 | INFO | Current State is False
2026-01-31 18:21:03,774 | INFO | Doing Productive work at:2026-01-31 18:21:03.750178
2026-01-31 18:21:03,805 | INFO | Current State is False
2026-01-31 18:21:03,805 | INFO | Doing Productive work at:2026-01-31 18:21:03.794025
2026-01-31 18:21:03,837 | INFO | Current State is False
2026-01-31 18:21:03,837 | INFO | Doing Productive work at:2026-01-31 18:21:03.826666
2026-01-31 18:21:03,868 | INFO | Current State is False
2026-01-31 18:21:03,868 | INFO | Doing Productive work at:2026-01-31 18:21:03.858310
2026-01-31 18:21:03,900 | INFO | Current State is False
2026-01-31 18:21:03,900 | INFO | Doing Productive work at:2026-01-31 18:21:03.890354
2026-01-31 18:21:03,947 | INFO | Current State is False
2026-01-31 18:21:03,947 | INFO | Doing Productive work at:2026-01-31 18:21:03.922999
2026-01-31 18:21:03,977 | INFO | Current State is False
2026-01-31 18:21:03,978 | INFO | Doing Productive work at:2026-01-31 18:21:03.954126
2026-01-31 18:21:04,009 | INFO | Current State is False
2026-01-31 18:21:04,010 | INFO | Doing Productive work at:2026-01-31 18:21:03.985743
2026-01-31 18:21:04,041 | INFO | Current State is False
2026-01-31 18:21:04,041 | INFO | Doing Productive work at:2026-01-31 18:21:04.018396
2026-01-31 18:21:04,073 | INFO | Current State is False
2026-01-31 18:21:04,074 | INFO | Doing Productive work at:2026-01-31 18:21:04.050044
2026-01-31 18:21:04,104 | INFO | Current State is False
2026-01-31 18:21:04,104 | INFO | Doing Productive work at:2026-01-31 18:21:04.082811
2026-01-31 18:21:04,136 | INFO | Current State is False
2026-01-31 18:21:04,136 | INFO | Doing Productive work at:2026-01-31 18:21:04.113367
2026-01-31 18:21:04,168 | INFO | Current State is False
2026-01-31 18:21:04,168 | INFO | Doing Productive work at:2026-01-31 18:21:04.146185
2026-01-31 18:21:04,199 | INFO | Current State is False
2026-01-31 18:21:04,199 | INFO | Doing Productive work at:2026-01-31 18:21:04.176545
2026-01-31 18:21:04,232 | INFO | Current State is False
2026-01-31 18:21:04,232 | INFO | Doing Productive work at:2026-01-31 18:21:04.220122
2026-01-31 18:21:04,278 | INFO | Current State is False
2026-01-31 18:21:04,278 | INFO | Doing Productive work at:2026-01-31 18:21:04.260086
2026-01-31 18:21:04,308 | INFO | Current State is False
2026-01-31 18:21:04,308 | INFO | Doing Productive work at:2026-01-31 18:21:04.290182
2026-01-31 18:21:04,341 | INFO | Current State is False
2026-01-31 18:21:04,341 | INFO | Doing Productive work at:2026-01-31 18:21:04.321629
2026-01-31 18:21:04,371 | INFO | Current State is False
2026-01-31 18:21:04,371 | INFO | Doing Productive work at:2026-01-31 18:21:04.351998
2026-01-31 18:21:04,417 | INFO | Current State is False
2026-01-31 18:21:04,417 | INFO | Doing Productive work at:2026-01-31 18:21:04.400880
2026-01-31 18:21:04,449 | INFO | Current State is False
2026-01-31 18:21:04,449 | INFO | Doing Productive work at:2026-01-31 18:21:04.426016
2026-01-31 18:21:04,480 | INFO | Current State is False
2026-01-31 18:21:04,480 | INFO | Doing Productive work at:2026-01-31 18:21:04.456512
2026-01-31 18:21:04,512 | INFO | Current State is False
2026-01-31 18:21:04,512 | INFO | Doing Productive work at:2026-01-31 18:21:04.487458
2026-01-31 18:21:04,542 | INFO | Current State is False
2026-01-31 18:21:04,542 | INFO | Doing Productive work at:2026-01-31 18:21:04.520270
2026-01-31 18:21:04,573 | INFO | Current State is False
2026-01-31 18:21:04,573 | INFO | Doing Productive work at:2026-01-31 18:21:04.550481
2026-01-31 18:21:04,603 | INFO | Current State is False
2026-01-31 18:21:04,603 | INFO | Doing Productive work at:2026-01-31 18:21:04.581979
2026-01-31 18:21:04,634 | INFO | Current State is False
2026-01-31 18:21:04,634 | INFO | Doing Productive work at:2026-01-31 18:21:04.611771
2026-01-31 18:21:04,665 | INFO | Current State is False
2026-01-31 18:21:04,665 | INFO | Doing Productive work at:2026-01-31 18:21:04.641350
2026-01-31 18:21:04,696 | INFO | Current State is False
2026-01-31 18:21:04,696 | INFO | Doing Productive work at:2026-01-31 18:21:04.673192
2026-01-31 18:21:04,729 | INFO | Current State is False
2026-01-31 18:21:04,730 | INFO | Doing Productive work at:2026-01-31 18:21:04.705237
2026-01-31 18:21:04,776 | INFO | Current State is False
2026-01-31 18:21:04,776 | INFO | Doing Productive work at:2026-01-31 18:21:04.753280
2026-01-31 18:21:04,808 | INFO | Current State is False
2026-01-31 18:21:04,808 | INFO | Doing Productive work at:2026-01-31 18:21:04.786375
2026-01-31 18:21:04,838 | INFO | Current State is False
2026-01-31 18:21:04,838 | INFO | Doing Productive work at:2026-01-31 18:21:04.818058
2026-01-31 18:21:04,870 | INFO | Current State is False
2026-01-31 18:21:04,870 | INFO | Doing Productive work at:2026-01-31 18:21:04.848617
2026-01-31 18:21:04,901 | INFO | Current State is False
2026-01-31 18:21:04,901 | INFO | Doing Productive work at:2026-01-31 18:21:04.882148
2026-01-31 18:21:04,932 | INFO | Current State is False
2026-01-31 18:21:04,932 | INFO | Doing Productive work at:2026-01-31 18:21:04.914073
2026-01-31 18:21:04,965 | INFO | Current State is False
2026-01-31 18:21:04,965 | INFO | Doing Productive work at:2026-01-31 18:21:04.946522
2026-01-31 18:21:04,996 | INFO | Current State is False
2026-01-31 18:21:04,996 | INFO | Doing Productive work at:2026-01-31 18:21:04.978403
2026-01-31 18:21:05,026 | INFO | Current State is False
2026-01-31 18:21:05,026 | INFO | Doing Productive work at:2026-01-31 18:21:05.009089
2026-01-31 18:21:05,056 | INFO | Current State is False
2026-01-31 18:21:05,056 | INFO | Doing Productive work at:2026-01-31 18:21:05.040407
2026-01-31 18:21:05,087 | INFO | Current State is False
2026-01-31 18:21:05,087 | INFO | Doing Productive work at:2026-01-31 18:21:05.073288
2026-01-31 18:21:05,117 | INFO | Current State is False
2026-01-31 18:21:05,117 | INFO | Doing Productive work at:2026-01-31 18:21:05.107937
2026-01-31 18:21:05,149 | INFO | Current State is False
2026-01-31 18:21:05,149 | INFO | Doing Productive work at:2026-01-31 18:21:05.138369
2026-01-31 18:21:05,196 | INFO | Current State is False
2026-01-31 18:21:05,196 | INFO | Doing Productive work at:2026-01-31 18:21:05.185334
2026-01-31 18:21:05,227 | INFO | Current State is False
2026-01-31 18:21:05,227 | INFO | Doing Productive work at:2026-01-31 18:21:05.217237
2026-01-31 18:21:05,261 | INFO | Current State is False
2026-01-31 18:21:05,261 | INFO | Doing Productive work at:2026-01-31 18:21:05.249313
2026-01-31 18:21:05,306 | INFO | Current State is False
2026-01-31 18:21:05,306 | INFO | Doing Productive work at:2026-01-31 18:21:05.282774
2026-01-31 18:21:05,338 | INFO | Current State is False
2026-01-31 18:21:05,338 | INFO | Doing Productive work at:2026-01-31 18:21:05.313543
2026-01-31 18:21:05,368 | INFO | Current State is False
2026-01-31 18:21:05,368 | INFO | Doing Productive work at:2026-01-31 18:21:05.346050
2026-01-31 18:21:05,400 | INFO | Current State is False
2026-01-31 18:21:05,400 | INFO | Doing Productive work at:2026-01-31 18:21:05.377192
2026-01-31 18:21:05,430 | INFO | Current State is False
2026-01-31 18:21:05,430 | INFO | Doing Productive work at:2026-01-31 18:21:05.410310
2026-01-31 18:21:05,463 | INFO | Current State is False
2026-01-31 18:21:05,463 | INFO | Doing Productive work at:2026-01-31 18:21:05.441796
2026-01-31 18:21:05,493 | INFO | Current State is False
2026-01-31 18:21:05,493 | INFO | Doing Productive work at:2026-01-31 18:21:05.472087
2026-01-31 18:21:05,524 | INFO | Current State is False
2026-01-31 18:21:05,524 | INFO | Doing Productive work at:2026-01-31 18:21:05.503345
2026-01-31 18:21:05,555 | INFO | Current State is False
2026-01-31 18:21:05,555 | INFO | Doing Productive work at:2026-01-31 18:21:05.538906
2026-01-31 18:21:05,586 | INFO | Current State is False
2026-01-31 18:21:05,586 | INFO | Doing Productive work at:2026-01-31 18:21:05.570124
2026-01-31 18:21:05,633 | INFO | Current State is False
2026-01-31 18:21:05,633 | INFO | Doing Productive work at:2026-01-31 18:21:05.620205
2026-01-31 18:21:05,664 | INFO | Current State is False
2026-01-31 18:21:05,664 | INFO | Doing Productive work at:2026-01-31 18:21:05.650147
2026-01-31 18:21:05,695 | INFO | Current State is False
2026-01-31 18:21:05,696 | INFO | Doing Productive work at:2026-01-31 18:21:05.681526
2026-01-31 18:21:05,727 | INFO | Current State is False
2026-01-31 18:21:05,727 | INFO | Doing Productive work at:2026-01-31 18:21:05.713012
2026-01-31 18:21:05,757 | INFO | Current State is False
2026-01-31 18:21:05,757 | INFO | Doing Productive work at:2026-01-31 18:21:05.741787
2026-01-31 18:21:05,805 | INFO | Current State is False
2026-01-31 18:21:05,805 | INFO | Doing Productive work at:2026-01-31 18:21:05.780179
2026-01-31 18:21:05,836 | INFO | Current State is False
2026-01-31 18:21:05,836 | INFO | Doing Productive work at:2026-01-31 18:21:05.813640
2026-01-31 18:21:05,867 | INFO | Current State is False
2026-01-31 18:21:05,867 | INFO | Doing Productive work at:2026-01-31 18:21:05.843177
2026-01-31 18:21:05,898 | INFO | Current State is False
2026-01-31 18:21:05,898 | INFO | Doing Productive work at:2026-01-31 18:21:05.874466
2026-01-31 18:21:05,914 | INFO | Current State is False
2026-01-31 18:21:05,914 | INFO | Doing Productive work at:2026-01-31 18:21:05.904611
2026-01-31 18:21:05,962 | INFO | Current State is False
2026-01-31 18:21:05,962 | INFO | Doing Productive work at:2026-01-31 18:21:05.940170
2026-01-31 18:21:05,993 | INFO | Current State is False
2026-01-31 18:21:05,994 | INFO | Doing Productive work at:2026-01-31 18:21:05.970327
2026-01-31 18:21:06,025 | INFO | Current State is False
2026-01-31 18:21:06,026 | INFO | Doing Productive work at:2026-01-31 18:21:06.001212
2026-01-31 18:21:06,074 | INFO | Current State is False
2026-01-31 18:21:06,074 | INFO | Doing Productive work at:2026-01-31 18:21:06.050275
2026-01-31 18:21:06,105 | INFO | Current State is False
2026-01-31 18:21:06,105 | INFO | Doing Productive work at:2026-01-31 18:21:06.082281
2026-01-31 18:21:06,137 | INFO | Current State is False
2026-01-31 18:21:06,137 | INFO | Doing Productive work at:2026-01-31 18:21:06.116649
2026-01-31 18:21:06,167 | INFO | Current State is False
2026-01-31 18:21:06,167 | INFO | Doing Productive work at:2026-01-31 18:21:06.143666
2026-01-31 18:21:06,198 | INFO | Current State is False
2026-01-31 18:21:06,198 | INFO | Doing Productive work at:2026-01-31 18:21:06.176781
2026-01-31 18:21:06,231 | INFO | Current State is False
2026-01-31 18:21:06,231 | INFO | Doing Productive work at:2026-01-31 18:21:06.209249
2026-01-31 18:21:06,264 | INFO | Current State is False
2026-01-31 18:21:06,264 | INFO | Doing Productive work at:2026-01-31 18:21:06.240434
2026-01-31 18:21:06,294 | INFO | Current State is False
2026-01-31 18:21:06,294 | INFO | Doing Productive work at:2026-01-31 18:21:06.275639
2026-01-31 18:21:06,325 | INFO | Current State is False
2026-01-31 18:21:06,325 | INFO | Doing Productive work at:2026-01-31 18:21:06.304291
2026-01-31 18:21:06,359 | INFO | Current State is False
2026-01-31 18:21:06,359 | INFO | Doing Productive work at:2026-01-31 18:21:06.336951
2026-01-31 18:21:06,388 | INFO | Current State is False
2026-01-31 18:21:06,388 | INFO | Doing Productive work at:2026-01-31 18:21:06.369021
2026-01-31 18:21:06,419 | INFO | Current State is False
2026-01-31 18:21:06,419 | INFO | Doing Productive work at:2026-01-31 18:21:06.400148
2026-01-31 18:21:06,450 | INFO | Current State is False
2026-01-31 18:21:06,450 | INFO | Doing Productive work at:2026-01-31 18:21:06.434261
2026-01-31 18:21:06,498 | INFO | Current State is True
2026-01-31 18:21:06,503 | INFO | Doing Productive work at:2026-01-31 18:21:06.478693
2026-01-31 18:21:06,527 | INFO | Current State is True
2026-01-31 18:21:06,532 | INFO | Doing Productive work at:2026-01-31 18:21:06.514344
2026-01-31 18:21:06,560 | INFO | Current State is True
2026-01-31 18:21:06,564 | INFO | Doing Productive work at:2026-01-31 18:21:06.542995
2026-01-31 18:21:06,592 | INFO | Current State is True
2026-01-31 18:21:06,597 | INFO | Doing Productive work at:2026-01-31 18:21:06.576628
2026-01-31 18:21:06,621 | INFO | Current State is True
2026-01-31 18:21:06,626 | INFO | Doing Productive work at:2026-01-31 18:21:06.612147
2026-01-31 18:21:06,653 | INFO | Current State is True
2026-01-31 18:21:06,657 | INFO | Doing Productive work at:2026-01-31 18:21:06.642272
2026-01-31 18:21:06,684 | INFO | Current State is True
2026-01-31 18:21:06,690 | INFO | Doing Productive work at:2026-01-31 18:21:06.673337
2026-01-31 18:21:06,716 | INFO | Current State is True
2026-01-31 18:21:06,721 | INFO | Doing Productive work at:2026-01-31 18:21:06.705942
2026-01-31 18:21:06,748 | INFO | Current State is True
2026-01-31 18:21:06,752 | INFO | Doing Productive work at:2026-01-31 18:21:06.737156
2026-01-31 18:21:06,794 | INFO | Current State is True
2026-01-31 18:21:06,799 | INFO | Doing Productive work at:2026-01-31 18:21:06.771993
2026-01-31 18:21:06,826 | INFO | Current State is True
2026-01-31 18:21:06,831 | INFO | Doing Productive work at:2026-01-31 18:21:06.806884
2026-01-31 18:21:06,857 | INFO | Current State is True
2026-01-31 18:21:06,863 | INFO | Doing Productive work at:2026-01-31 18:21:06.840540
2026-01-31 18:21:06,888 | INFO | Current State is True
2026-01-31 18:21:06,893 | INFO | Doing Productive work at:2026-01-31 18:21:06.870867
2026-01-31 18:21:06,935 | INFO | Current State is True
2026-01-31 18:21:06,941 | INFO | Doing Productive work at:2026-01-31 18:21:06.913077
2026-01-31 18:21:06,968 | INFO | Current State is True
2026-01-31 18:21:06,972 | INFO | Doing Productive work at:2026-01-31 18:21:06.948811
2026-01-31 18:21:07,000 | INFO | Current State is True
2026-01-31 18:21:07,005 | INFO | Doing Productive work at:2026-01-31 18:21:06.982174
2026-01-31 18:21:07,030 | INFO | Current State is True
2026-01-31 18:21:07,034 | INFO | Doing Productive work at:2026-01-31 18:21:07.012194
2026-01-31 18:21:07,063 | INFO | Current State is True
2026-01-31 18:21:07,067 | INFO | Doing Productive work at:2026-01-31 18:21:07.042115
2026-01-31 18:21:07,092 | INFO | Current State is True
2026-01-31 18:21:07,099 | INFO | Doing Productive work at:2026-01-31 18:21:07.073392
2026-01-31 18:21:07,122 | INFO | Doing Productive work at:2026-01-31 18:21:07.107266
2026-01-31 18:21:07,154 | INFO | Doing Productive work at:2026-01-31 18:21:07.138514
2026-01-31 18:21:07,185 | INFO | Doing Productive work at:2026-01-31 18:21:07.169455
2026-01-31 18:21:07,217 | INFO | Doing Productive work at:2026-01-31 18:21:07.201148
2026-01-31 18:21:07,248 | INFO | Doing Productive work at:2026-01-31 18:21:07.231741
2026-01-31 18:21:07,281 | INFO | Doing Productive work at:2026-01-31 18:21:07.267812
2026-01-31 18:21:07,312 | INFO | Doing Productive work at:2026-01-31 18:21:07.297350
2026-01-31 18:21:07,358 | INFO | Doing Productive work at:2026-01-31 18:21:07.344331
2026-01-31 18:21:07,389 | INFO | Doing Productive work at:2026-01-31 18:21:07.378540
2026-01-31 18:21:07,421 | INFO | Doing Productive work at:2026-01-31 18:21:07.410146
2026-01-31 18:21:07,453 | INFO | Doing Productive work at:2026-01-31 18:21:07.442163
2026-01-31 18:21:07,483 | INFO | Doing Productive work at:2026-01-31 18:21:07.473667
2026-01-31 18:21:07,515 | INFO | Doing Productive work at:2026-01-31 18:21:07.506092
2026-01-31 18:21:07,546 | INFO | Doing Productive work at:2026-01-31 18:21:07.537037
2026-01-31 18:21:07,593 | INFO | Doing Productive work at:2026-01-31 18:21:07.570283
2026-01-31 18:21:07,624 | INFO | Doing Productive work at:2026-01-31 18:21:07.602308
2026-01-31 18:21:07,655 | INFO | Doing Productive work at:2026-01-31 18:21:07.632309
2026-01-31 18:21:07,685 | INFO | Doing Productive work at:2026-01-31 18:21:07.664090
2026-01-31 18:21:07,716 | INFO | Doing Productive work at:2026-01-31 18:21:07.698229
2026-01-31 18:21:07,747 | INFO | Doing Productive work at:2026-01-31 18:21:07.730439
2026-01-31 18:21:07,795 | INFO | Doing Productive work at:2026-01-31 18:21:07.780513
2026-01-31 18:21:07,826 | INFO | Doing Productive work at:2026-01-31 18:21:07.807914
2026-01-31 18:21:07,857 | INFO | Doing Productive work at:2026-01-31 18:21:07.840691
2026-01-31 18:21:07,887 | INFO | Doing Productive work at:2026-01-31 18:21:07.873251
2026-01-31 18:21:07,918 | INFO | Doing Productive work at:2026-01-31 18:21:07.906178
2026-01-31 18:21:07,948 | INFO | Doing Productive work at:2026-01-31 18:21:07.940050
2026-01-31 18:21:07,982 | INFO | Doing Productive work at:2026-01-31 18:21:07.970288
2026-01-31 18:21:08,013 | INFO | Doing Productive work at:2026-01-31 18:21:08.001710
2026-01-31 18:21:08,044 | INFO | Doing Productive work at:2026-01-31 18:21:08.033553
2026-01-31 18:21:08,076 | INFO | Doing Productive work at:2026-01-31 18:21:08.063024
2026-01-31 18:21:08,123 | INFO | Doing Productive work at:2026-01-31 18:21:08.100259
2026-01-31 18:21:08,154 | INFO | Doing Productive work at:2026-01-31 18:21:08.131296
2026-01-31 18:21:08,171 | INFO | Doing Productive work at:2026-01-31 18:21:08.162017
2026-01-31 18:21:08,232 | INFO | Doing Productive work at:2026-01-31 18:21:08.209145
2026-01-31 18:21:08,264 | INFO | Doing Productive work at:2026-01-31 18:21:08.241528
2026-01-31 18:21:08,296 | INFO | Doing Productive work at:2026-01-31 18:21:08.274548
2026-01-31 18:21:08,328 | INFO | Doing Productive work at:2026-01-31 18:21:08.305390
2026-01-31 18:21:08,358 | INFO | Doing Productive work at:2026-01-31 18:21:08.336235
2026-01-31 18:21:08,391 | INFO | Doing Productive work at:2026-01-31 18:21:08.368690
2026-01-31 18:21:08,421 | INFO | Doing Productive work at:2026-01-31 18:21:08.400101
2026-01-31 18:21:08,451 | INFO | Doing Productive work at:2026-01-31 18:21:08.436108
2026-01-31 18:21:08,483 | INFO | Doing Productive work at:2026-01-31 18:21:08.464930
2026-01-31 18:21:08,512 | INFO | Doing Productive work at:2026-01-31 18:21:08.497045
2026-01-31 18:21:08,546 | INFO | Doing Productive work at:2026-01-31 18:21:08.530400
2026-01-31 18:21:08,608 | INFO | Doing Productive work at:2026-01-31 18:21:08.593096
2026-01-31 18:21:08,622 | INFO | Doing Productive work at:2026-01-31 18:21:08.614778
2026-01-31 18:21:08,654 | INFO | Doing Productive work at:2026-01-31 18:21:08.642151
2026-01-31 18:21:08,684 | INFO | Doing Productive work at:2026-01-31 18:21:08.673769
2026-01-31 18:21:08,716 | INFO | Doing Productive work at:2026-01-31 18:21:08.705366
2026-01-31 18:21:08,747 | INFO | Doing Productive work at:2026-01-31 18:21:08.738233
2026-01-31 18:21:08,795 | INFO | Doing Productive work at:2026-01-31 18:21:08.771676
2026-01-31 18:21:08,825 | INFO | Doing Productive work at:2026-01-31 18:21:08.802052
2026-01-31 18:21:08,842 | INFO | Doing Productive work at:2026-01-31 18:21:08.833136
2026-01-31 18:21:08,874 | INFO | Doing Productive work at:2026-01-31 18:21:08.864969
2026-01-31 18:21:08,923 | INFO | Doing Productive work at:2026-01-31 18:21:08.897084
2026-01-31 18:21:08,952 | INFO | Doing Productive work at:2026-01-31 18:21:08.932091
2026-01-31 18:21:09,014 | INFO | Doing Productive work at:2026-01-31 18:21:08.994058
2026-01-31 18:21:09,045 | INFO | Doing Productive work at:2026-01-31 18:21:09.037431
2026-01-31 18:21:09,078 | INFO | Doing Productive work at:2026-01-31 18:21:09.054287
2026-01-31 18:21:09,108 | INFO | Doing Productive work at:2026-01-31 18:21:09.085519
2026-01-31 18:21:09,124 | INFO | Doing Productive work at:2026-01-31 18:21:09.115177
2026-01-31 18:21:09,158 | INFO | Doing Productive work at:2026-01-31 18:21:09.136040
2026-01-31 18:21:09,186 | INFO | Doing Productive work at:2026-01-31 18:21:09.170038
2026-01-31 18:21:09,218 | INFO | Doing Productive work at:2026-01-31 18:21:09.202228
2026-01-31 18:21:09,253 | INFO | Current State is False
2026-01-31 18:21:09,253 | INFO | Doing Productive work at:2026-01-31 18:21:09.233391
2026-01-31 18:21:09,280 | INFO | Doing Productive work at:2026-01-31 18:21:09.266882
2026-01-31 18:21:09,315 | INFO | Current State is False
2026-01-31 18:21:09,315 | INFO | Doing Productive work at:2026-01-31 18:21:09.297754
2026-01-31 18:21:09,344 | INFO | Current State is False
2026-01-31 18:21:09,344 | INFO | Doing Productive work at:2026-01-31 18:21:09.330103
2026-01-31 18:21:09,405 | INFO | Current State is False
2026-01-31 18:21:09,406 | INFO | Doing Productive work at:2026-01-31 18:21:09.393694
2026-01-31 18:21:09,436 | INFO | Current State is False
2026-01-31 18:21:09,436 | INFO | Doing Productive work at:2026-01-31 18:21:09.422789
2026-01-31 18:21:09,469 | INFO | Current State is False
2026-01-31 18:21:09,469 | INFO | Doing Productive work at:2026-01-31 18:21:09.444104
2026-01-31 18:21:09,500 | INFO | Current State is False
2026-01-31 18:21:09,500 | INFO | Doing Productive work at:2026-01-31 18:21:09.475825
2026-01-31 18:21:09,531 | INFO | Current State is False
2026-01-31 18:21:09,531 | INFO | Doing Productive work at:2026-01-31 18:21:09.508519
2026-01-31 18:21:09,563 | INFO | Current State is False
2026-01-31 18:21:09,563 | INFO | Doing Productive work at:2026-01-31 18:21:09.540396
2026-01-31 18:21:09,594 | INFO | Current State is False
2026-01-31 18:21:09,594 | INFO | Doing Productive work at:2026-01-31 18:21:09.570573
2026-01-31 18:21:09,624 | INFO | Current State is False
2026-01-31 18:21:09,624 | INFO | Doing Productive work at:2026-01-31 18:21:09.602152
2026-01-31 18:21:09,655 | INFO | Current State is False
2026-01-31 18:21:09,655 | INFO | Doing Productive work at:2026-01-31 18:21:09.632904
2026-01-31 18:21:09,686 | INFO | Current State is False
2026-01-31 18:21:09,686 | INFO | Doing Productive work at:2026-01-31 18:21:09.665032
2026-01-31 18:21:09,718 | INFO | Current State is False
2026-01-31 18:21:09,718 | INFO | Doing Productive work at:2026-01-31 18:21:09.698207
2026-01-31 18:21:09,750 | INFO | Current State is False
2026-01-31 18:21:09,750 | INFO | Doing Productive work at:2026-01-31 18:21:09.730262
2026-01-31 18:21:09,813 | INFO | Current State is False
2026-01-31 18:21:09,813 | INFO | Doing Productive work at:2026-01-31 18:21:09.795357
2026-01-31 18:21:09,843 | INFO | Current State is False
2026-01-31 18:21:09,844 | INFO | Doing Productive work at:2026-01-31 18:21:09.826388
2026-01-31 18:21:09,876 | INFO | Current State is False
2026-01-31 18:21:09,876 | INFO | Doing Productive work at:2026-01-31 18:21:09.851886
2026-01-31 18:21:09,909 | INFO | Current State is False
2026-01-31 18:21:09,909 | INFO | Doing Productive work at:2026-01-31 18:21:09.884161
2026-01-31 18:21:09,938 | INFO | Current State is False
2026-01-31 18:21:09,938 | INFO | Doing Productive work at:2026-01-31 18:21:09.916280
2026-01-31 18:21:09,968 | INFO | Current State is False
2026-01-31 18:21:09,968 | INFO | Doing Productive work at:2026-01-31 18:21:09.945738
2026-01-31 18:21:09,985 | INFO | Current State is False
2026-01-31 18:21:09,985 | INFO | Doing Productive work at:2026-01-31 18:21:09.976384
2026-01-31 18:21:10,016 | INFO | Current State is False
2026-01-31 18:21:10,016 | INFO | Doing Productive work at:2026-01-31 18:21:10.001932
2026-01-31 18:21:10,047 | INFO | Current State is False
2026-01-31 18:21:10,047 | INFO | Doing Productive work at:2026-01-31 18:21:10.033978
2026-01-31 18:21:10,079 | INFO | Current State is False
2026-01-31 18:21:10,079 | INFO | Doing Productive work at:2026-01-31 18:21:10.065122
2026-01-31 18:21:10,111 | INFO | Current State is False
2026-01-31 18:21:10,111 | INFO | Doing Productive work at:2026-01-31 18:21:10.100384
2026-01-31 18:21:10,142 | INFO | Current State is False
2026-01-31 18:21:10,142 | INFO | Doing Productive work at:2026-01-31 18:21:10.130109
2026-01-31 18:21:10,205 | INFO | Current State is False
2026-01-31 18:21:10,205 | INFO | Doing Productive work at:2026-01-31 18:21:10.193082
2026-01-31 18:21:10,236 | INFO | Current State is False
2026-01-31 18:21:10,236 | INFO | Doing Productive work at:2026-01-31 18:21:10.224740
2026-01-31 18:21:10,267 | INFO | Current State is False
2026-01-31 18:21:10,268 | INFO | Doing Productive work at:2026-01-31 18:21:10.243557
2026-01-31 18:21:10,298 | INFO | Current State is False
2026-01-31 18:21:10,300 | INFO | Doing Productive work at:2026-01-31 18:21:10.274992
2026-01-31 18:21:10,330 | INFO | Current State is False
2026-01-31 18:21:10,330 | INFO | Doing Productive work at:2026-01-31 18:21:10.307137
2026-01-31 18:21:10,361 | INFO | Current State is False
2026-01-31 18:21:10,361 | INFO | Doing Productive work at:2026-01-31 18:21:10.337759
2026-01-31 18:21:10,392 | INFO | Current State is False
2026-01-31 18:21:10,392 | INFO | Doing Productive work at:2026-01-31 18:21:10.370039
2026-01-31 18:21:10,424 | INFO | Current State is False
2026-01-31 18:21:10,424 | INFO | Doing Productive work at:2026-01-31 18:21:10.401310
2026-01-31 18:21:10,454 | INFO | Current State is False
2026-01-31 18:21:10,455 | INFO | Doing Productive work at:2026-01-31 18:21:10.434964
2026-01-31 18:21:10,486 | INFO | Current State is False
2026-01-31 18:21:10,486 | INFO | Doing Productive work at:2026-01-31 18:21:10.462075
2026-01-31 18:21:10,519 | INFO | Current State is False
2026-01-31 18:21:10,519 | INFO | Doing Productive work at:2026-01-31 18:21:10.499082
2026-01-31 18:21:10,549 | INFO | Current State is False
2026-01-31 18:21:10,549 | INFO | Doing Productive work at:2026-01-31 18:21:10.527559
2026-01-31 18:21:10,612 | INFO | Current State is False
2026-01-31 18:21:10,612 | INFO | Doing Productive work at:2026-01-31 18:21:10.598336
2026-01-31 18:21:10,642 | INFO | Current State is False
2026-01-31 18:21:10,642 | INFO | Doing Productive work at:2026-01-31 18:21:10.625769
2026-01-31 18:21:10,673 | INFO | Current State is False
2026-01-31 18:21:10,673 | INFO | Doing Productive work at:2026-01-31 18:21:10.650292
2026-01-31 18:21:10,704 | INFO | Current State is False
2026-01-31 18:21:10,704 | INFO | Doing Productive work at:2026-01-31 18:21:10.682189
2026-01-31 18:21:10,735 | INFO | Current State is False
2026-01-31 18:21:10,735 | INFO | Doing Productive work at:2026-01-31 18:21:10.711288
2026-01-31 18:21:10,767 | INFO | Current State is False
2026-01-31 18:21:10,768 | INFO | Doing Productive work at:2026-01-31 18:21:10.743653
2026-01-31 18:21:10,798 | INFO | Current State is False
2026-01-31 18:21:10,798 | INFO | Doing Productive work at:2026-01-31 18:21:10.774792
2026-01-31 18:21:10,814 | INFO | Current State is False
2026-01-31 18:21:10,814 | INFO | Doing Productive work at:2026-01-31 18:21:10.805999
2026-01-31 18:21:10,847 | INFO | Current State is False
2026-01-31 18:21:10,847 | INFO | Doing Productive work at:2026-01-31 18:21:10.832171
2026-01-31 18:21:10,877 | INFO | Current State is False
2026-01-31 18:21:10,877 | INFO | Doing Productive work at:2026-01-31 18:21:10.867023
2026-01-31 18:21:10,908 | INFO | Current State is False
2026-01-31 18:21:10,908 | INFO | Doing Productive work at:2026-01-31 18:21:10.898094
2026-01-31 18:21:10,955 | INFO | Current State is False
2026-01-31 18:21:10,955 | INFO | Doing Productive work at:2026-01-31 18:21:10.931672
2026-01-31 18:21:11,017 | INFO | Current State is False
2026-01-31 18:21:11,018 | INFO | Doing Productive work at:2026-01-31 18:21:10.993365
2026-01-31 18:21:11,048 | INFO | Current State is False
2026-01-31 18:21:11,048 | INFO | Doing Productive work at:2026-01-31 18:21:11.026877
2026-01-31 18:21:11,081 | INFO | Current State is False
2026-01-31 18:21:11,081 | INFO | Doing Productive work at:2026-01-31 18:21:11.068585
2026-01-31 18:21:11,111 | INFO | Current State is False
2026-01-31 18:21:11,111 | INFO | Doing Productive work at:2026-01-31 18:21:11.089194
2026-01-31 18:21:11,143 | INFO | Current State is False
2026-01-31 18:21:11,143 | INFO | Doing Productive work at:2026-01-31 18:21:11.119458
2026-01-31 18:21:11,173 | INFO | Current State is False
2026-01-31 18:21:11,173 | INFO | Doing Productive work at:2026-01-31 18:21:11.151312
2026-01-31 18:21:11,203 | INFO | Current State is False
2026-01-31 18:21:11,203 | INFO | Doing Productive work at:2026-01-31 18:21:11.182029
2026-01-31 18:21:11,235 | INFO | Current State is False
2026-01-31 18:21:11,235 | INFO | Doing Productive work at:2026-01-31 18:21:11.211903
2026-01-31 18:21:11,267 | INFO | Current State is False
2026-01-31 18:21:11,268 | INFO | Doing Productive work at:2026-01-31 18:21:11.243597
2026-01-31 18:21:11,297 | INFO | Current State is False
2026-01-31 18:21:11,297 | INFO | Doing Productive work at:2026-01-31 18:21:11.275276
2026-01-31 18:21:11,331 | INFO | Current State is False
2026-01-31 18:21:11,331 | INFO | Doing Productive work at:2026-01-31 18:21:11.305423
2026-01-31 18:21:11,361 | INFO | Current State is False
2026-01-31 18:21:11,361 | INFO | Doing Productive work at:2026-01-31 18:21:11.339225
2026-01-31 18:21:11,409 | INFO | Current State is False
2026-01-31 18:21:11,409 | INFO | Doing Productive work at:2026-01-31 18:21:11.393445
2026-01-31 18:21:11,440 | INFO | Current State is False
2026-01-31 18:21:11,440 | INFO | Doing Productive work at:2026-01-31 18:21:11.428218
2026-01-31 18:21:11,488 | INFO | Current State is False
2026-01-31 18:21:11,488 | INFO | Doing Productive work at:2026-01-31 18:21:11.470330
2026-01-31 18:21:11,518 | INFO | Current State is False
2026-01-31 18:21:11,518 | INFO | Doing Productive work at:2026-01-31 18:21:11.495530
2026-01-31 18:21:11,548 | INFO | Current State is False
2026-01-31 18:21:11,548 | INFO | Doing Productive work at:2026-01-31 18:21:11.525835
2026-01-31 18:21:11,581 | INFO | Current State is False
2026-01-31 18:21:11,581 | INFO | Doing Productive work at:2026-01-31 18:21:11.557024
2026-01-31 18:21:11,610 | INFO | Current State is False
2026-01-31 18:21:11,610 | INFO | Doing Productive work at:2026-01-31 18:21:11.589467
2026-01-31 18:21:11,642 | INFO | Current State is False
2026-01-31 18:21:11,642 | INFO | Doing Productive work at:2026-01-31 18:21:11.618484
2026-01-31 18:21:11,673 | INFO | Current State is False
2026-01-31 18:21:11,673 | INFO | Doing Productive work at:2026-01-31 18:21:11.650160
2026-01-31 18:21:11,706 | INFO | Current State is False
2026-01-31 18:21:11,707 | INFO | Doing Productive work at:2026-01-31 18:21:11.680767
2026-01-31 18:21:11,736 | INFO | Current State is False
2026-01-31 18:21:11,737 | INFO | Doing Productive work at:2026-01-31 18:21:11.715017
2026-01-31 18:21:11,767 | INFO | Current State is False
2026-01-31 18:21:11,767 | INFO | Doing Productive work at:2026-01-31 18:21:11.744867
2026-01-31 18:21:11,812 | INFO | Current State is False
2026-01-31 18:21:11,812 | INFO | Doing Productive work at:2026-01-31 18:21:11.793243
2026-01-31 18:21:11,845 | INFO | Current State is False
2026-01-31 18:21:11,846 | INFO | Doing Productive work at:2026-01-31 18:21:11.826017
2026-01-31 18:21:11,875 | INFO | Current State is False
2026-01-31 18:21:11,876 | INFO | Doing Productive work at:2026-01-31 18:21:11.853331
2026-01-31 18:21:11,906 | INFO | Current State is False
2026-01-31 18:21:11,907 | INFO | Doing Productive work at:2026-01-31 18:21:11.882841
2026-01-31 18:21:11,939 | INFO | Current State is False
2026-01-31 18:21:11,939 | INFO | Doing Productive work at:2026-01-31 18:21:11.916363
2026-01-31 18:21:11,969 | INFO | Current State is True
2026-01-31 18:21:11,975 | INFO | Doing Productive work at:2026-01-31 18:21:11.947341
2026-01-31 18:21:12,000 | INFO | Current State is True
2026-01-31 18:21:12,005 | INFO | Doing Productive work at:2026-01-31 18:21:11.982269
2026-01-31 18:21:12,032 | INFO | Current State is True
2026-01-31 18:21:12,036 | INFO | Doing Productive work at:2026-01-31 18:21:12.012002
2026-01-31 18:21:12,063 | INFO | Current State is True
2026-01-31 18:21:12,067 | INFO | Doing Productive work at:2026-01-31 18:21:12.044052
2026-01-31 18:21:12,096 | INFO | Current State is True
2026-01-31 18:21:12,102 | INFO | Doing Productive work at:2026-01-31 18:21:12.075582
2026-01-31 18:21:12,125 | INFO | Current State is True
2026-01-31 18:21:12,130 | INFO | Doing Productive work at:2026-01-31 18:21:12.110227
2026-01-31 18:21:12,158 | INFO | Current State is True
2026-01-31 18:21:12,162 | INFO | Doing Productive work at:2026-01-31 18:21:12.138908
2026-01-31 18:21:12,205 | INFO | Current State is True
2026-01-31 18:21:12,211 | INFO | Doing Productive work at:2026-01-31 18:21:12.192302
2026-01-31 18:21:12,236 | INFO | Current State is True
2026-01-31 18:21:12,242 | INFO | Doing Productive work at:2026-01-31 18:21:12.224590
2026-01-31 18:21:12,268 | INFO | Current State is True
2026-01-31 18:21:12,273 | INFO | Doing Productive work at:2026-01-31 18:21:12.255223
2026-01-31 18:21:12,297 | INFO | Current State is True
2026-01-31 18:21:12,301 | INFO | Doing Productive work at:2026-01-31 18:21:12.280485
2026-01-31 18:21:12,327 | INFO | Current State is True
2026-01-31 18:21:12,331 | INFO | Doing Productive work at:2026-01-31 18:21:12.308352
2026-01-31 18:21:12,359 | INFO | Current State is True
2026-01-31 18:21:12,364 | INFO | Doing Productive work at:2026-01-31 18:21:12.338474
2026-01-31 18:21:12,389 | INFO | Current State is True
2026-01-31 18:21:12,393 | INFO | Doing Productive work at:2026-01-31 18:21:12.372918
2026-01-31 18:21:12,422 | INFO | Current State is True
2026-01-31 18:21:12,427 | INFO | Doing Productive work at:2026-01-31 18:21:12.400337
2026-01-31 18:21:12,451 | INFO | Current State is True
2026-01-31 18:21:12,456 | INFO | Doing Productive work at:2026-01-31 18:21:12.433385
2026-01-31 18:21:12,482 | INFO | Current State is True
2026-01-31 18:21:12,487 | INFO | Doing Productive work at:2026-01-31 18:21:12.463251
2026-01-31 18:21:12,513 | INFO | Current State is True
2026-01-31 18:21:12,518 | INFO | Doing Productive work at:2026-01-31 18:21:12.493167
2026-01-31 18:21:12,544 | INFO | Current State is True
2026-01-31 18:21:12,549 | INFO | Doing Productive work at:2026-01-31 18:21:12.527491
2026-01-31 18:21:12,606 | INFO | Current State is True
2026-01-31 18:21:12,612 | INFO | Doing Productive work at:2026-01-31 18:21:12.596436
2026-01-31 18:21:12,638 | INFO | Current State is True
2026-01-31 18:21:12,644 | INFO | Doing Productive work at:2026-01-31 18:21:12.622978
2026-01-31 18:21:12,669 | INFO | Current State is True
2026-01-31 18:21:12,673 | INFO | Doing Productive work at:2026-01-31 18:21:12.651909
2026-01-31 18:21:12,700 | INFO | Current State is True
2026-01-31 18:21:12,705 | INFO | Doing Productive work at:2026-01-31 18:21:12.680906
2026-01-31 18:21:12,733 | INFO | Current State is True
2026-01-31 18:21:12,739 | INFO | Doing Productive work at:2026-01-31 18:21:12.713458
2026-01-31 18:21:12,766 | INFO | Current State is True
2026-01-31 18:21:12,772 | INFO | Doing Productive work at:2026-01-31 18:21:12.746058
2026-01-31 18:21:12,796 | INFO | Current State is True
2026-01-31 18:21:12,802 | INFO | Doing Productive work at:2026-01-31 18:21:12.779218
2026-01-31 18:21:12,828 | INFO | Current State is True
2026-01-31 18:21:12,833 | INFO | Doing Productive work at:2026-01-31 18:21:12.810403
2026-01-31 18:21:12,859 | INFO | Current State is True
2026-01-31 18:21:12,864 | INFO | Doing Productive work at:2026-01-31 18:21:12.840532
2026-01-31 18:21:12,890 | INFO | Current State is True
2026-01-31 18:21:12,894 | INFO | Doing Productive work at:2026-01-31 18:21:12.871677
2026-01-31 18:21:12,921 | INFO | Current State is True
2026-01-31 18:21:12,927 | INFO | Doing Productive work at:2026-01-31 18:21:12.901155
2026-01-31 18:21:12,951 | INFO | Current State is True
2026-01-31 18:21:12,956 | INFO | Doing Productive work at:2026-01-31 18:21:12.934323
2026-01-31 18:21:13,014 | INFO | Current State is True
2026-01-31 18:21:13,019 | INFO | Doing Productive work at:2026-01-31 18:21:12.994340
2026-01-31 18:21:13,044 | INFO | Current State is True
2026-01-31 18:21:13,051 | INFO | Doing Productive work at:2026-01-31 18:21:13.024941
2026-01-31 18:21:13,077 | INFO | Current State is True
2026-01-31 18:21:13,082 | INFO | Doing Productive work at:2026-01-31 18:21:13.056809
2026-01-31 18:21:13,107 | INFO | Current State is True
2026-01-31 18:21:13,113 | INFO | Doing Productive work at:2026-01-31 18:21:13.089485
2026-01-31 18:21:13,135 | INFO | Current State is True
2026-01-31 18:21:13,140 | INFO | Doing Productive work at:2026-01-31 18:21:13.120069
2026-01-31 18:21:13,167 | INFO | Current State is True
2026-01-31 18:21:13,173 | INFO | Doing Productive work at:2026-01-31 18:21:13.148826
2026-01-31 18:21:13,198 | INFO | Current State is True
2026-01-31 18:21:13,203 | INFO | Doing Productive work at:2026-01-31 18:21:13.180599
2026-01-31 18:21:13,228 | INFO | Current State is True
2026-01-31 18:21:13,235 | INFO | Doing Productive work at:2026-01-31 18:21:13.210705
2026-01-31 18:21:13,261 | INFO | Current State is True
2026-01-31 18:21:13,267 | INFO | Doing Productive work at:2026-01-31 18:21:13.242221
2026-01-31 18:21:13,292 | INFO | Current State is True
2026-01-31 18:21:13,297 | INFO | Doing Productive work at:2026-01-31 18:21:13.273245
2026-01-31 18:21:13,324 | INFO | Current State is True
2026-01-31 18:21:13,329 | INFO | Doing Productive work at:2026-01-31 18:21:13.303344
2026-01-31 18:21:13,354 | INFO | Current State is True
2026-01-31 18:21:13,360 | INFO | Doing Productive work at:2026-01-31 18:21:13.335967
2026-01-31 18:21:13,403 | INFO | Current State is True
2026-01-31 18:21:13,408 | INFO | Doing Productive work at:2026-01-31 18:21:13.392470
2026-01-31 18:21:13,434 | INFO | Current State is True
2026-01-31 18:21:13,439 | INFO | Doing Productive work at:2026-01-31 18:21:13.425984
2026-01-31 18:21:13,479 | INFO | Current State is True
2026-01-31 18:21:13,485 | INFO | Doing Productive work at:2026-01-31 18:21:13.455342
2026-01-31 18:21:13,510 | INFO | Current State is True
2026-01-31 18:21:13,515 | INFO | Doing Productive work at:2026-01-31 18:21:13.501146
2026-01-31 18:21:13,542 | INFO | Current State is True
2026-01-31 18:21:13,547 | INFO | Doing Productive work at:2026-01-31 18:21:13.523185
2026-01-31 18:21:13,573 | INFO | Current State is True
2026-01-31 18:21:13,580 | INFO | Doing Productive work at:2026-01-31 18:21:13.555423
2026-01-31 18:21:13,606 | INFO | Current State is True
2026-01-31 18:21:13,611 | INFO | Doing Productive work at:2026-01-31 18:21:13.587102
2026-01-31 18:21:13,637 | INFO | Current State is True
2026-01-31 18:21:13,642 | INFO | Doing Productive work at:2026-01-31 18:21:13.618622
2026-01-31 18:21:13,668 | INFO | Current State is True
2026-01-31 18:21:13,673 | INFO | Doing Productive work at:2026-01-31 18:21:13.650202
2026-01-31 18:21:13,698 | INFO | Current State is False
2026-01-31 18:21:13,698 | INFO | Doing Productive work at:2026-01-31 18:21:13.681862
2026-01-31 18:21:13,730 | INFO | Current State is False
2026-01-31 18:21:13,730 | INFO | Doing Productive work at:2026-01-31 18:21:13.707886
2026-01-31 18:21:13,761 | INFO | Current State is False
2026-01-31 18:21:13,761 | INFO | Doing Productive work at:2026-01-31 18:21:13.738895
2026-01-31 18:21:13,810 | INFO | Current State is False
2026-01-31 18:21:13,810 | INFO | Doing Productive work at:2026-01-31 18:21:13.792165
2026-01-31 18:21:13,841 | INFO | Current State is False
2026-01-31 18:21:13,842 | INFO | Doing Productive work at:2026-01-31 18:21:13.826819
2026-01-31 18:21:13,873 | INFO | Current State is False
2026-01-31 18:21:13,873 | INFO | Doing Productive work at:2026-01-31 18:21:13.859036
2026-01-31 18:21:13,905 | INFO | Current State is False
2026-01-31 18:21:13,905 | INFO | Doing Productive work at:2026-01-31 18:21:13.890212
2026-01-31 18:21:13,950 | INFO | Current State is False
2026-01-31 18:21:13,950 | INFO | Doing Productive work at:2026-01-31 18:21:13.936034
2026-01-31 18:21:13,982 | INFO | Current State is False
2026-01-31 18:21:13,982 | INFO | Doing Productive work at:2026-01-31 18:21:13.957546
2026-01-31 18:21:14,014 | INFO | Current State is False
2026-01-31 18:21:14,014 | INFO | Doing Productive work at:2026-01-31 18:21:13.990265
2026-01-31 18:21:14,045 | INFO | Current State is False
2026-01-31 18:21:14,045 | INFO | Doing Productive work at:2026-01-31 18:21:14.021928
2026-01-31 18:21:14,074 | INFO | Current State is False
2026-01-31 18:21:14,076 | INFO | Doing Productive work at:2026-01-31 18:21:14.053318
2026-01-31 18:21:14,108 | INFO | Current State is False
2026-01-31 18:21:14,108 | INFO | Doing Productive work at:2026-01-31 18:21:14.082953
2026-01-31 18:21:14,140 | INFO | Current State is False
2026-01-31 18:21:14,140 | INFO | Doing Productive work at:2026-01-31 18:21:14.116021
2026-01-31 18:21:14,171 | INFO | Current State is False
2026-01-31 18:21:14,171 | INFO | Doing Productive work at:2026-01-31 18:21:14.147122
2026-01-31 18:21:14,218 | INFO | Current State is False
2026-01-31 18:21:14,218 | INFO | Doing Productive work at:2026-01-31 18:21:14.194347
2026-01-31 18:21:14,251 | INFO | Current State is False
2026-01-31 18:21:14,251 | INFO | Doing Productive work at:2026-01-31 18:21:14.226546
2026-01-31 18:21:14,283 | INFO | Current State is False
2026-01-31 18:21:14,283 | INFO | Doing Productive work at:2026-01-31 18:21:14.260518
2026-01-31 18:21:14,314 | INFO | Current State is False
2026-01-31 18:21:14,314 | INFO | Doing Productive work at:2026-01-31 18:21:14.290727
2026-01-31 18:21:14,345 | INFO | Current State is False
2026-01-31 18:21:14,345 | INFO | Doing Productive work at:2026-01-31 18:21:14.321930
2026-01-31 18:21:14,392 | INFO | Current State is False
2026-01-31 18:21:14,392 | INFO | Doing Productive work at:2026-01-31 18:21:14.366554
2026-01-31 18:21:14,423 | INFO | Current State is False
2026-01-31 18:21:14,423 | INFO | Doing Productive work at:2026-01-31 18:21:14.398205
2026-01-31 18:21:14,454 | INFO | Current State is False
2026-01-31 18:21:14,455 | INFO | Doing Productive work at:2026-01-31 18:21:14.430536
2026-01-31 18:21:14,484 | INFO | Current State is False
2026-01-31 18:21:14,485 | INFO | Doing Productive work at:2026-01-31 18:21:14.460660
2026-01-31 18:21:14,515 | INFO | Current State is False
2026-01-31 18:21:14,516 | INFO | Doing Productive work at:2026-01-31 18:21:14.492892
2026-01-31 18:21:14,547 | INFO | Current State is False
2026-01-31 18:21:14,547 | INFO | Doing Productive work at:2026-01-31 18:21:14.524433
2026-01-31 18:21:14,579 | INFO | Current State is False
2026-01-31 18:21:14,579 | INFO | Doing Productive work at:2026-01-31 18:21:14.554403
2026-01-31 18:21:14,610 | INFO | Current State is False
2026-01-31 18:21:14,610 | INFO | Doing Productive work at:2026-01-31 18:21:14.597228
2026-01-31 18:21:14,641 | INFO | Current State is False
2026-01-31 18:21:14,641 | INFO | Doing Productive work at:2026-01-31 18:21:14.625902
2026-01-31 18:21:14,674 | INFO | Current State is False
2026-01-31 18:21:14,674 | INFO | Doing Productive work at:2026-01-31 18:21:14.657057
2026-01-31 18:21:14,706 | INFO | Current State is False
2026-01-31 18:21:14,706 | INFO | Doing Productive work at:2026-01-31 18:21:14.690199
2026-01-31 18:21:14,737 | INFO | Current State is False
2026-01-31 18:21:14,737 | INFO | Doing Productive work at:2026-01-31 18:21:14.721880
2026-01-31 18:21:14,768 | INFO | Current State is False
2026-01-31 18:21:14,768 | INFO | Doing Productive work at:2026-01-31 18:21:14.757024
2026-01-31 18:21:14,814 | INFO | Current State is False
2026-01-31 18:21:14,814 | INFO | Doing Productive work at:2026-01-31 18:21:14.801219
2026-01-31 18:21:14,845 | INFO | Current State is False
2026-01-31 18:21:14,845 | INFO | Doing Productive work at:2026-01-31 18:21:14.821938
2026-01-31 18:21:14,877 | INFO | Current State is False
2026-01-31 18:21:14,877 | INFO | Doing Productive work at:2026-01-31 18:21:14.852172
2026-01-31 18:21:14,906 | INFO | Current State is False
2026-01-31 18:21:14,906 | INFO | Doing Productive work at:2026-01-31 18:21:14.884954
2026-01-31 18:21:14,922 | INFO | Current State is False
2026-01-31 18:21:14,922 | INFO | Doing Productive work at:2026-01-31 18:21:14.912937
2026-01-31 18:21:14,952 | INFO | Current State is False
2026-01-31 18:21:14,952 | INFO | Doing Productive work at:2026-01-31 18:21:14.932151
2026-01-31 18:21:15,014 | INFO | Current State is False
2026-01-31 18:21:15,014 | INFO | Doing Productive work at:2026-01-31 18:21:14.993325
2026-01-31 18:21:15,065 | INFO | Current State is False
2026-01-31 18:21:15,065 | INFO | Doing Productive work at:2026-01-31 18:21:15.023156
2026-01-31 18:21:15,092 | INFO | Current State is False
2026-01-31 18:21:15,092 | INFO | Doing Productive work at:2026-01-31 18:21:15.072239
2026-01-31 18:21:15,125 | INFO | Current State is False
2026-01-31 18:21:15,125 | INFO | Doing Productive work at:2026-01-31 18:21:15.099100
2026-01-31 18:21:15,154 | INFO | Current State is False
2026-01-31 18:21:15,154 | INFO | Doing Productive work at:2026-01-31 18:21:15.131237
2026-01-31 18:21:15,185 | INFO | Current State is False
2026-01-31 18:21:15,185 | INFO | Doing Productive work at:2026-01-31 18:21:15.162224
2026-01-31 18:21:15,216 | INFO | Current State is False
2026-01-31 18:21:15,216 | INFO | Doing Productive work at:2026-01-31 18:21:15.193545
2026-01-31 18:21:15,248 | INFO | Current State is False
2026-01-31 18:21:15,248 | INFO | Doing Productive work at:2026-01-31 18:21:15.232955
2026-01-31 18:21:15,279 | INFO | Current State is False
2026-01-31 18:21:15,279 | INFO | Doing Productive work at:2026-01-31 18:21:15.255148
2026-01-31 18:21:15,296 | INFO | Current State is False
2026-01-31 18:21:15,296 | INFO | Doing Productive work at:2026-01-31 18:21:15.284665
2026-01-31 18:21:15,326 | INFO | Current State is False
2026-01-31 18:21:15,326 | INFO | Doing Productive work at:2026-01-31 18:21:15.302294
2026-01-31 18:21:15,357 | INFO | Current State is False
2026-01-31 18:21:15,357 | INFO | Doing Productive work at:2026-01-31 18:21:15.333283
2026-01-31 18:21:15,419 | INFO | Current State is False
2026-01-31 18:21:15,419 | INFO | Doing Productive work at:2026-01-31 18:21:15.393553
2026-01-31 18:21:15,448 | INFO | Current State is False
2026-01-31 18:21:15,448 | INFO | Doing Productive work at:2026-01-31 18:21:15.426990
2026-01-31 18:21:15,480 | INFO | Current State is False
2026-01-31 18:21:15,480 | INFO | Doing Productive work at:2026-01-31 18:21:15.457408
2026-01-31 18:21:15,512 | INFO | Current State is False
2026-01-31 18:21:15,512 | INFO | Doing Productive work at:2026-01-31 18:21:15.490419
2026-01-31 18:21:15,543 | INFO | Current State is False
2026-01-31 18:21:15,543 | INFO | Doing Productive work at:2026-01-31 18:21:15.521694
2026-01-31 18:21:15,574 | INFO | Current State is False
2026-01-31 18:21:15,574 | INFO | Doing Productive work at:2026-01-31 18:21:15.553575
2026-01-31 18:21:15,604 | INFO | Current State is False
2026-01-31 18:21:15,604 | INFO | Doing Productive work at:2026-01-31 18:21:15.588146
2026-01-31 18:21:15,635 | INFO | Current State is False
2026-01-31 18:21:15,635 | INFO | Doing Productive work at:2026-01-31 18:21:15.616626
2026-01-31 18:21:15,681 | INFO | Current State is False
2026-01-31 18:21:15,681 | INFO | Doing Productive work at:2026-01-31 18:21:15.663245
2026-01-31 18:21:15,711 | INFO | Current State is False
2026-01-31 18:21:15,711 | INFO | Doing Productive work at:2026-01-31 18:21:15.689460
2026-01-31 18:21:15,727 | INFO | Current State is False
2026-01-31 18:21:15,727 | INFO | Doing Productive work at:2026-01-31 18:21:15.717534
2026-01-31 18:21:15,758 | INFO | Current State is False
2026-01-31 18:21:15,758 | INFO | Doing Productive work at:2026-01-31 18:21:15.734356
2026-01-31 18:21:15,804 | INFO | Current State is False
2026-01-31 18:21:15,804 | INFO | Doing Productive work at:2026-01-31 18:21:15.795304
2026-01-31 18:21:15,836 | INFO | Current State is False
2026-01-31 18:21:15,836 | INFO | Doing Productive work at:2026-01-31 18:21:15.825758
2026-01-31 18:21:15,884 | INFO | Current State is False
2026-01-31 18:21:15,884 | INFO | Doing Productive work at:2026-01-31 18:21:15.858597
2026-01-31 18:21:15,915 | INFO | Current State is False
2026-01-31 18:21:15,915 | INFO | Doing Productive work at:2026-01-31 18:21:15.892241
2026-01-31 18:21:15,946 | INFO | Current State is False
2026-01-31 18:21:15,946 | INFO | Doing Productive work at:2026-01-31 18:21:15.923925
2026-01-31 18:21:15,978 | INFO | Current State is False
2026-01-31 18:21:15,978 | INFO | Doing Productive work at:2026-01-31 18:21:15.953816
2026-01-31 18:21:16,008 | INFO | Current State is False
2026-01-31 18:21:16,008 | INFO | Doing Productive work at:2026-01-31 18:21:15.986572
2026-01-31 18:21:16,039 | INFO | Current State is False
2026-01-31 18:21:16,039 | INFO | Doing Productive work at:2026-01-31 18:21:16.016924
2026-01-31 18:21:16,070 | INFO | Current State is False
2026-01-31 18:21:16,070 | INFO | Doing Productive work at:2026-01-31 18:21:16.049464
2026-01-31 18:21:16,117 | INFO | Current State is False
2026-01-31 18:21:16,117 | INFO | Doing Productive work at:2026-01-31 18:21:16.100350
2026-01-31 18:21:16,149 | INFO | Current State is False
2026-01-31 18:21:16,150 | INFO | Doing Productive work at:2026-01-31 18:21:16.125267
2026-01-31 18:21:16,178 | INFO | Current State is False
2026-01-31 18:21:16,180 | INFO | Doing Productive work at:2026-01-31 18:21:16.155578
2026-01-31 18:21:16,210 | INFO | Current State is False
2026-01-31 18:21:16,210 | INFO | Doing Productive work at:2026-01-31 18:21:16.193274
2026-01-31 18:21:16,242 | INFO | Current State is False
2026-01-31 18:21:16,242 | INFO | Doing Productive work at:2026-01-31 18:21:16.226986
2026-01-31 18:21:16,273 | INFO | Current State is False
2026-01-31 18:21:16,273 | INFO | Doing Productive work at:2026-01-31 18:21:16.260243
2026-01-31 18:21:16,305 | INFO | Current State is False
2026-01-31 18:21:16,305 | INFO | Doing Productive work at:2026-01-31 18:21:16.290259
2026-01-31 18:21:16,337 | INFO | Current State is False
2026-01-31 18:21:16,337 | INFO | Doing Productive work at:2026-01-31 18:21:16.320881
2026-01-31 18:21:16,370 | INFO | Current State is False
2026-01-31 18:21:16,370 | INFO | Doing Productive work at:2026-01-31 18:21:16.354036
2026-01-31 18:21:16,402 | INFO | Current State is False
2026-01-31 18:21:16,402 | INFO | Doing Productive work at:2026-01-31 18:21:16.385683
2026-01-31 18:21:16,433 | INFO | Current State is False
2026-01-31 18:21:16,433 | INFO | Doing Productive work at:2026-01-31 18:21:16.417446
2026-01-31 18:21:16,464 | INFO | Current State is False
2026-01-31 18:21:16,464 | INFO | Doing Productive work at:2026-01-31 18:21:16.450492
2026-01-31 18:21:16,497 | INFO | Current State is False
2026-01-31 18:21:16,497 | INFO | Doing Productive work at:2026-01-31 18:21:16.480410
2026-01-31 18:21:16,542 | INFO | Current State is False
2026-01-31 18:21:16,543 | INFO | Doing Productive work at:2026-01-31 18:21:16.525982
2026-01-31 18:21:16,574 | INFO | Current State is False
2026-01-31 18:21:16,574 | INFO | Doing Productive work at:2026-01-31 18:21:16.551753
2026-01-31 18:21:16,607 | INFO | Current State is False
2026-01-31 18:21:16,607 | INFO | Doing Productive work at:2026-01-31 18:21:16.595604
2026-01-31 18:21:16,636 | INFO | Current State is False
2026-01-31 18:21:16,636 | INFO | Doing Productive work at:2026-01-31 18:21:16.626314
2026-01-31 18:21:16,683 | INFO | Current State is False
2026-01-31 18:21:16,683 | INFO | Doing Productive work at:2026-01-31 18:21:16.658922
2026-01-31 18:21:16,714 | INFO | Current State is False
2026-01-31 18:21:16,714 | INFO | Doing Productive work at:2026-01-31 18:21:16.691969
2026-01-31 18:21:16,747 | INFO | Current State is False
2026-01-31 18:21:16,747 | INFO | Doing Productive work at:2026-01-31 18:21:16.721990
2026-01-31 18:21:16,778 | INFO | Current State is False
2026-01-31 18:21:16,778 | INFO | Doing Productive work at:2026-01-31 18:21:16.757081
2026-01-31 18:21:16,809 | INFO | Current State is False
2026-01-31 18:21:16,809 | INFO | Doing Productive work at:2026-01-31 18:21:16.784907
2026-01-31 18:21:16,839 | INFO | Current State is False
2026-01-31 18:21:16,839 | INFO | Doing Productive work at:2026-01-31 18:21:16.816558
2026-01-31 18:21:16,871 | INFO | Current State is False
2026-01-31 18:21:16,871 | INFO | Doing Productive work at:2026-01-31 18:21:16.849316
2026-01-31 18:21:16,903 | INFO | Current State is False
2026-01-31 18:21:16,903 | INFO | Doing Productive work at:2026-01-31 18:21:16.884086
2026-01-31 18:21:16,934 | INFO | Current State is False
2026-01-31 18:21:16,934 | INFO | Doing Productive work at:2026-01-31 18:21:16.915200
2026-01-31 18:21:16,980 | INFO | Current State is False
2026-01-31 18:21:16,980 | INFO | Doing Productive work at:2026-01-31 18:21:16.961859
2026-01-31 18:21:17,010 | INFO | Current State is False
2026-01-31 18:21:17,010 | INFO | Doing Productive work at:2026-01-31 18:21:16.994343
2026-01-31 18:21:17,042 | INFO | Current State is False
2026-01-31 18:21:17,043 | INFO | Doing Productive work at:2026-01-31 18:21:17.024942
2026-01-31 18:21:17,074 | INFO | Current State is False
2026-01-31 18:21:17,074 | INFO | Doing Productive work at:2026-01-31 18:21:17.058277
2026-01-31 18:21:17,104 | INFO | Current State is False
2026-01-31 18:21:17,105 | INFO | Doing Productive work at:2026-01-31 18:21:17.091617
2026-01-31 18:21:17,135 | INFO | Current State is False
2026-01-31 18:21:17,135 | INFO | Doing Productive work at:2026-01-31 18:21:17.122326
2026-01-31 18:21:17,161 | INFO | Current State is False
2026-01-31 18:21:17,161 | INFO | Doing Productive work at:2026-01-31 18:21:17.152785
2026-01-31 18:21:17,199 | INFO | Current State is False
2026-01-31 18:21:17,199 | INFO | Doing Productive work at:2026-01-31 18:21:17.184944
2026-01-31 18:21:17,229 | INFO | Current State is False
2026-01-31 18:21:17,230 | INFO | Doing Productive work at:2026-01-31 18:21:17.216500
2026-01-31 18:21:17,261 | INFO | Current State is False
2026-01-31 18:21:17,261 | INFO | Doing Productive work at:2026-01-31 18:21:17.250259
2026-01-31 18:21:17,290 | INFO | Current State is False
2026-01-31 18:21:17,290 | INFO | Doing Productive work at:2026-01-31 18:21:17.280515
2026-01-31 18:21:17,339 | INFO | Current State is False
2026-01-31 18:21:17,339 | INFO | Doing Productive work at:2026-01-31 18:21:17.314977
2026-01-31 18:21:17,354 | INFO | Current State is False
2026-01-31 18:21:17,354 | INFO | Doing Productive work at:2026-01-31 18:21:17.346349
2026-01-31 18:21:17,401 | INFO | Current State is False
2026-01-31 18:21:17,401 | INFO | Doing Productive work at:2026-01-31 18:21:17.390547
2026-01-31 18:21:17,448 | INFO | Current State is False
2026-01-31 18:21:17,448 | INFO | Doing Productive work at:2026-01-31 18:21:17.430282
2026-01-31 18:21:17,480 | INFO | Current State is False
2026-01-31 18:21:17,480 | INFO | Doing Productive work at:2026-01-31 18:21:17.457306
2026-01-31 18:21:17,511 | INFO | Current State is False
2026-01-31 18:21:17,511 | INFO | Doing Productive work at:2026-01-31 18:21:17.488406
2026-01-31 18:21:17,541 | INFO | Current State is False
2026-01-31 18:21:17,541 | INFO | Doing Productive work at:2026-01-31 18:21:17.522904
2026-01-31 18:21:17,573 | INFO | Current State is True
2026-01-31 18:21:17,577 | INFO | Doing Productive work at:2026-01-31 18:21:17.553287
2026-01-31 18:21:17,605 | INFO | Current State is True
2026-01-31 18:21:17,610 | INFO | Doing Productive work at:2026-01-31 18:21:17.587437
2026-01-31 18:21:17,635 | INFO | Current State is True
2026-01-31 18:21:17,640 | INFO | Doing Productive work at:2026-01-31 18:21:17.615857
2026-01-31 18:21:17,665 | INFO | Current State is True
2026-01-31 18:21:17,670 | INFO | Doing Productive work at:2026-01-31 18:21:17.646637
2026-01-31 18:21:17,697 | INFO | Current State is True
2026-01-31 18:21:17,703 | INFO | Doing Productive work at:2026-01-31 18:21:17.682473
2026-01-31 18:21:17,729 | INFO | Current State is True
2026-01-31 18:21:17,733 | INFO | Doing Productive work at:2026-01-31 18:21:17.712320
2026-01-31 18:21:17,761 | INFO | Current State is True
2026-01-31 18:21:17,765 | INFO | Doing Productive work at:2026-01-31 18:21:17.749460
2026-01-31 18:21:17,792 | INFO | Current State is True
2026-01-31 18:21:17,796 | INFO | Doing Productive work at:2026-01-31 18:21:17.777783
2026-01-31 18:21:17,837 | INFO | Current State is True
2026-01-31 18:21:17,843 | INFO | Doing Productive work at:2026-01-31 18:21:17.827327
2026-01-31 18:21:17,869 | INFO | Current State is True
2026-01-31 18:21:17,874 | INFO | Doing Productive work at:2026-01-31 18:21:17.859243
2026-01-31 18:21:17,901 | INFO | Current State is True
2026-01-31 18:21:17,907 | INFO | Doing Productive work at:2026-01-31 18:21:17.890330
2026-01-31 18:21:17,932 | INFO | Current State is True
2026-01-31 18:21:17,937 | INFO | Doing Productive work at:2026-01-31 18:21:17.923099
2026-01-31 18:21:17,979 | INFO | Current State is True
2026-01-31 18:21:17,984 | INFO | Doing Productive work at:2026-01-31 18:21:17.953960
2026-01-31 18:21:18,009 | INFO | Current State is True
2026-01-31 18:21:18,013 | INFO | Doing Productive work at:2026-01-31 18:21:17.992341
2026-01-31 18:21:18,041 | INFO | Current State is True
2026-01-31 18:21:18,046 | INFO | Doing Productive work at:2026-01-31 18:21:18.021923
2026-01-31 18:21:18,073 | INFO | Current State is True
2026-01-31 18:21:18,078 | INFO | Doing Productive work at:2026-01-31 18:21:18.053294
2026-01-31 18:21:18,104 | INFO | Current State is True
2026-01-31 18:21:18,109 | INFO | Doing Productive work at:2026-01-31 18:21:18.086013
2026-01-31 18:21:18,122 | INFO | Current State is True
2026-01-31 18:21:18,127 | INFO | Doing Productive work at:2026-01-31 18:21:18.115132
2026-01-31 18:21:18,166 | INFO | Current State is True
2026-01-31 18:21:18,171 | INFO | Doing Productive work at:2026-01-31 18:21:18.145746
2026-01-31 18:21:18,198 | INFO | Current State is True
2026-01-31 18:21:18,203 | INFO | Doing Productive work at:2026-01-31 18:21:18.179468
2026-01-31 18:21:18,228 | INFO | Current State is True
2026-01-31 18:21:18,233 | INFO | Doing Productive work at:2026-01-31 18:21:18.211481
2026-01-31 18:21:18,275 | INFO | Current State is True
2026-01-31 18:21:18,280 | INFO | Doing Productive work at:2026-01-31 18:21:18.260323
2026-01-31 18:21:18,307 | INFO | Current State is True
2026-01-31 18:21:18,311 | INFO | Doing Productive work at:2026-01-31 18:21:18.290472
2026-01-31 18:21:18,330 | INFO | Current State is True
2026-01-31 18:21:18,334 | INFO | Doing Productive work at:2026-01-31 18:21:18.321769
2026-01-31 18:21:18,368 | INFO | Current State is True
2026-01-31 18:21:18,373 | INFO | Doing Productive work at:2026-01-31 18:21:18.354004
2026-01-31 18:21:18,391 | INFO | Current State is True
2026-01-31 18:21:18,397 | INFO | Doing Productive work at:2026-01-31 18:21:18.383911
2026-01-31 18:21:18,444 | INFO | Current State is True
2026-01-31 18:21:18,450 | INFO | Doing Productive work at:2026-01-31 18:21:18.420825
2026-01-31 18:21:18,477 | INFO | Current State is True
2026-01-31 18:21:18,482 | INFO | Doing Productive work at:2026-01-31 18:21:18.457293
2026-01-31 18:21:18,508 | INFO | Current State is True
2026-01-31 18:21:18,512 | INFO | Doing Productive work at:2026-01-31 18:21:18.490240
2026-01-31 18:21:18,542 | INFO | Current State is True
2026-01-31 18:21:18,548 | INFO | Doing Productive work at:2026-01-31 18:21:18.520353
2026-01-31 18:21:18,573 | INFO | Current State is True
2026-01-31 18:21:18,578 | INFO | Doing Productive work at:2026-01-31 18:21:18.555931
2026-01-31 18:21:18,604 | INFO | Current State is True
2026-01-31 18:21:18,609 | INFO | Doing Productive work at:2026-01-31 18:21:18.585552
2026-01-31 18:21:18,635 | INFO | Current State is True
2026-01-31 18:21:18,639 | INFO | Doing Productive work at:2026-01-31 18:21:18.616651
2026-01-31 18:21:18,665 | INFO | Current State is True
2026-01-31 18:21:18,671 | INFO | Doing Productive work at:2026-01-31 18:21:18.645534
2026-01-31 18:21:18,697 | INFO | Current State is True
2026-01-31 18:21:18,702 | INFO | Doing Productive work at:2026-01-31 18:21:18.689207
2026-01-31 18:21:18,743 | INFO | Current State is True
2026-01-31 18:21:18,748 | INFO | Doing Productive work at:2026-01-31 18:21:18.721850
2026-01-31 18:21:18,775 | INFO | Current State is True
2026-01-31 18:21:18,781 | INFO | Doing Productive work at:2026-01-31 18:21:18.756986
2026-01-31 18:21:18,808 | INFO | Current State is True
2026-01-31 18:21:18,813 | INFO | Doing Productive work at:2026-01-31 18:21:18.789130
2026-01-31 18:21:18,840 | INFO | Current State is True
2026-01-31 18:21:18,845 | INFO | Doing Productive work at:2026-01-31 18:21:18.820775
2026-01-31 18:21:18,862 | INFO | Current State is True
2026-01-31 18:21:18,867 | INFO | Doing Productive work at:2026-01-31 18:21:18.853487
2026-01-31 18:21:18,904 | INFO | Current State is True
2026-01-31 18:21:18,909 | INFO | Doing Productive work at:2026-01-31 18:21:18.881968
2026-01-31 18:21:18,934 | INFO | Current State is True
2026-01-31 18:21:18,938 | INFO | Doing Productive work at:2026-01-31 18:21:18.917246
2026-01-31 18:21:18,964 | INFO | Current State is True
2026-01-31 18:21:18,969 | INFO | Doing Productive work at:2026-01-31 18:21:18.947869
2026-01-31 18:21:18,997 | INFO | Current State is True
2026-01-31 18:21:19,003 | INFO | Doing Productive work at:2026-01-31 18:21:18.977511
2026-01-31 18:21:19,030 | INFO | Current State is True
2026-01-31 18:21:19,035 | INFO | Doing Productive work at:2026-01-31 18:21:19.011197
2026-01-31 18:21:19,061 | INFO | Current State is True
2026-01-31 18:21:19,065 | INFO | Doing Productive work at:2026-01-31 18:21:19.041568
2026-01-31 18:21:19,091 | INFO | Current State is True
2026-01-31 18:21:19,096 | INFO | Doing Productive work at:2026-01-31 18:21:19.076023
2026-01-31 18:21:19,137 | INFO | Current State is True
2026-01-31 18:21:19,143 | INFO | Doing Productive work at:2026-01-31 18:21:19.122348
2026-01-31 18:21:19,170 | INFO | Current State is True
2026-01-31 18:21:19,175 | INFO | Doing Productive work at:2026-01-31 18:21:19.152309
2026-01-31 18:21:19,201 | INFO | Current State is True
2026-01-31 18:21:19,205 | INFO | Doing Productive work at:2026-01-31 18:21:19.184272
2026-01-31 18:21:19,232 | INFO | Current State is True
2026-01-31 18:21:19,238 | INFO | Doing Productive work at:2026-01-31 18:21:19.214461
2026-01-31 18:21:19,262 | INFO | Current State is True
2026-01-31 18:21:19,267 | INFO | Doing Productive work at:2026-01-31 18:21:19.251243
2026-01-31 18:21:19,294 | INFO | Current State is True
2026-01-31 18:21:19,300 | INFO | Doing Productive work at:2026-01-31 18:21:19.280943
2026-01-31 18:21:19,326 | INFO | Current State is True
2026-01-31 18:21:19,331 | INFO | Doing Productive work at:2026-01-31 18:21:19.312068
2026-01-31 18:21:19,357 | INFO | Current State is True
2026-01-31 18:21:19,362 | INFO | Doing Productive work at:2026-01-31 18:21:19.345691
2026-01-31 18:21:19,391 | INFO | Current State is True
2026-01-31 18:21:19,395 | INFO | Doing Productive work at:2026-01-31 18:21:19.377986
2026-01-31 18:21:19,437 | INFO | Current State is True
2026-01-31 18:21:19,442 | INFO | Doing Productive work at:2026-01-31 18:21:19.412049
2026-01-31 18:21:19,466 | INFO | Current State is True
2026-01-31 18:21:19,471 | INFO | Doing Productive work at:2026-01-31 18:21:19.451514
2026-01-31 18:21:19,497 | INFO | Current State is True
2026-01-31 18:21:19,502 | INFO | Doing Productive work at:2026-01-31 18:21:19.479392
2026-01-31 18:21:19,528 | INFO | Current State is True
2026-01-31 18:21:19,533 | INFO | Doing Productive work at:2026-01-31 18:21:19.510602
2026-01-31 18:21:19,576 | INFO | Current State is True
2026-01-31 18:21:19,582 | INFO | Doing Productive work at:2026-01-31 18:21:19.553036
2026-01-31 18:21:19,609 | INFO | Current State is True
2026-01-31 18:21:19,614 | INFO | Doing Productive work at:2026-01-31 18:21:19.590448
2026-01-31 18:21:19,640 | INFO | Current State is True
2026-01-31 18:21:19,645 | INFO | Doing Productive work at:2026-01-31 18:21:19.622034
2026-01-31 18:21:19,671 | INFO | Current State is True
2026-01-31 18:21:19,675 | INFO | Doing Productive work at:2026-01-31 18:21:19.653019
2026-01-31 18:21:19,702 | INFO | Current State is True
2026-01-31 18:21:19,707 | INFO | Doing Productive work at:2026-01-31 18:21:19.682091
2026-01-31 18:21:19,732 | INFO | Current State is True
2026-01-31 18:21:19,738 | INFO | Doing Productive work at:2026-01-31 18:21:19.714673
2026-01-31 18:21:19,765 | INFO | Current State is True
2026-01-31 18:21:19,768 | INFO | Doing Productive work at:2026-01-31 18:21:19.748027
2026-01-31 18:21:19,797 | INFO | Current State is True
2026-01-31 18:21:19,802 | INFO | Doing Productive work at:2026-01-31 18:21:19.777919
2026-01-31 18:21:19,826 | INFO | Current State is True
2026-01-31 18:21:19,831 | INFO | Doing Productive work at:2026-01-31 18:21:19.810555
2026-01-31 18:21:19,858 | INFO | Current State is True
2026-01-31 18:21:19,864 | INFO | Doing Productive work at:2026-01-31 18:21:19.841686
2026-01-31 18:21:19,889 | INFO | Current State is True
2026-01-31 18:21:19,894 | INFO | Doing Productive work at:2026-01-31 18:21:19.872006
2026-01-31 18:21:19,921 | INFO | Current State is True
2026-01-31 18:21:19,925 | INFO | Doing Productive work at:2026-01-31 18:21:19.910055
2026-01-31 18:21:19,952 | INFO | Current State is True
2026-01-31 18:21:19,957 | INFO | Doing Productive work at:2026-01-31 18:21:19.938000
2026-01-31 18:21:20,000 | INFO | Current State is True
2026-01-31 18:21:20,005 | INFO | Doing Productive work at:2026-01-31 18:21:19.986434
2026-01-31 18:21:20,031 | INFO | Current State is True
2026-01-31 18:21:20,037 | INFO | Doing Productive work at:2026-01-31 18:21:20.017032
2026-01-31 18:21:20,063 | INFO | Current State is True
2026-01-31 18:21:20,067 | INFO | Doing Productive work at:2026-01-31 18:21:20.050198
2026-01-31 18:21:20,094 | INFO | Current State is True
2026-01-31 18:21:20,099 | INFO | Doing Productive work at:2026-01-31 18:21:20.084171
2026-01-31 18:21:20,125 | INFO | Current State is True
2026-01-31 18:21:20,132 | INFO | Doing Productive work at:2026-01-31 18:21:20.113627
2026-01-31 18:21:20,157 | INFO | Current State is True
2026-01-31 18:21:20,162 | INFO | Doing Productive work at:2026-01-31 18:21:20.141685
2026-01-31 18:21:20,189 | INFO | Current State is True
2026-01-31 18:21:20,194 | INFO | Doing Productive work at:2026-01-31 18:21:20.177938
2026-01-31 18:21:20,235 | INFO | Current State is True
2026-01-31 18:21:20,241 | INFO | Doing Productive work at:2026-01-31 18:21:20.210171
2026-01-31 18:21:20,266 | INFO | Current State is True
2026-01-31 18:21:20,271 | INFO | Doing Productive work at:2026-01-31 18:21:20.250041
2026-01-31 18:21:20,298 | INFO | Current State is True
2026-01-31 18:21:20,302 | INFO | Doing Productive work at:2026-01-31 18:21:20.278179
2026-01-31 18:21:20,327 | INFO | Current State is True
2026-01-31 18:21:20,333 | INFO | Doing Productive work at:2026-01-31 18:21:20.310459
2026-01-31 18:21:20,359 | INFO | Current State is True
2026-01-31 18:21:20,363 | INFO | Doing Productive work at:2026-01-31 18:21:20.340230
2026-01-31 18:21:20,392 | INFO | Current State is True
2026-01-31 18:21:20,398 | INFO | Doing Productive work at:2026-01-31 18:21:20.369518
2026-01-31 18:21:20,438 | INFO | Current State is True
2026-01-31 18:21:20,443 | INFO | Doing Productive work at:2026-01-31 18:21:20.420616
2026-01-31 18:21:20,472 | INFO | Current State is True
2026-01-31 18:21:20,476 | INFO | Doing Productive work at:2026-01-31 18:21:20.451295
2026-01-31 18:21:20,502 | INFO | Current State is True
2026-01-31 18:21:20,507 | INFO | Doing Productive work at:2026-01-31 18:21:20.483286
2026-01-31 18:21:20,534 | INFO | Current State is True
2026-01-31 18:21:20,538 | INFO | Doing Productive work at:2026-01-31 18:21:20.514350
2026-01-31 18:21:20,566 | INFO | Current State is True
2026-01-31 18:21:20,571 | INFO | Doing Productive work at:2026-01-31 18:21:20.547988
2026-01-31 18:21:20,597 | INFO | Current State is True
2026-01-31 18:21:20,602 | INFO | Doing Productive work at:2026-01-31 18:21:20.579046
2026-01-31 18:21:20,628 | INFO | Current State is True
2026-01-31 18:21:20,634 | INFO | Doing Productive work at:2026-01-31 18:21:20.610175
2026-01-31 18:21:20,660 | INFO | Current State is True
2026-01-31 18:21:20,666 | INFO | Doing Productive work at:2026-01-31 18:21:20.641835
2026-01-31 18:21:20,690 | INFO | Current State is True
2026-01-31 18:21:20,695 | INFO | Doing Productive work at:2026-01-31 18:21:20.673074
2026-01-31 18:21:20,722 | INFO | Current State is True
2026-01-31 18:21:20,728 | INFO | Doing Productive work at:2026-01-31 18:21:20.706281
2026-01-31 18:21:20,754 | INFO | Current State is True
2026-01-31 18:21:20,759 | INFO | Doing Productive work at:2026-01-31 18:21:20.740046
2026-01-31 18:21:20,783 | INFO | Current State is True
2026-01-31 18:21:20,790 | INFO | Doing Productive work at:2026-01-31 18:21:20.770280
2026-01-31 18:21:20,815 | INFO | Current State is True
2026-01-31 18:21:20,820 | INFO | Doing Productive work at:2026-01-31 18:21:20.801257
2026-01-31 18:21:20,864 | INFO | Current State is True
2026-01-31 18:21:20,869 | INFO | Doing Productive work at:2026-01-31 18:21:20.850089
2026-01-31 18:21:20,895 | INFO | Current State is True
2026-01-31 18:21:20,900 | INFO | Doing Productive work at:2026-01-31 18:21:20.881985
2026-01-31 18:21:20,928 | INFO | Current State is True
2026-01-31 18:21:20,933 | INFO | Doing Productive work at:2026-01-31 18:21:20.916161
2026-01-31 18:21:20,958 | INFO | Current State is True
2026-01-31 18:21:20,963 | INFO | Doing Productive work at:2026-01-31 18:21:20.944914
2026-01-31 18:21:20,990 | INFO | Current State is True
2026-01-31 18:21:20,995 | INFO | Doing Productive work at:2026-01-31 18:21:20.976682
2026-01-31 18:21:21,021 | INFO | Current State is True
2026-01-31 18:21:21,026 | INFO | Doing Productive work at:2026-01-31 18:21:21.010444
2026-01-31 18:21:21,053 | INFO | Current State is True
2026-01-31 18:21:21,058 | INFO | Doing Productive work at:2026-01-31 18:21:21.042017
2026-01-31 18:21:21,100 | INFO | Current State is True
2026-01-31 18:21:21,104 | INFO | Doing Productive work at:2026-01-31 18:21:21.075475
2026-01-31 18:21:21,131 | INFO | Current State is True
2026-01-31 18:21:21,135 | INFO | Doing Productive work at:2026-01-31 18:21:21.112612
2026-01-31 18:21:21,161 | INFO | Current State is True
2026-01-31 18:21:21,167 | INFO | Doing Productive work at:2026-01-31 18:21:21.143454
2026-01-31 18:21:21,191 | INFO | Current State is True
2026-01-31 18:21:21,196 | INFO | Doing Productive work at:2026-01-31 18:21:21.174127
2026-01-31 18:21:21,224 | INFO | Current State is True
2026-01-31 18:21:21,228 | INFO | Doing Productive work at:2026-01-31 18:21:21.203272
2026-01-31 18:21:21,253 | INFO | Current State is True
2026-01-31 18:21:21,259 | INFO | Doing Productive work at:2026-01-31 18:21:21.238559
2026-01-31 18:21:21,301 | INFO | Current State is True
2026-01-31 18:21:21,306 | INFO | Doing Productive work at:2026-01-31 18:21:21.280933
2026-01-31 18:21:21,332 | INFO | Current State is True
2026-01-31 18:21:21,337 | INFO | Doing Productive work at:2026-01-31 18:21:21.313904
2026-01-31 18:21:21,363 | INFO | Current State is True
2026-01-31 18:21:21,368 | INFO | Doing Productive work at:2026-01-31 18:21:21.345902
2026-01-31 18:21:21,394 | INFO | Current State is True
2026-01-31 18:21:21,399 | INFO | Doing Productive work at:2026-01-31 18:21:21.377693
2026-01-31 18:21:21,425 | INFO | Current State is True
2026-01-31 18:21:21,430 | INFO | Doing Productive work at:2026-01-31 18:21:21.411764
2026-01-31 18:21:21,456 | INFO | Current State is True
2026-01-31 18:21:21,462 | INFO | Doing Productive work at:2026-01-31 18:21:21.440712
2026-01-31 18:21:21,488 | INFO | Current State is True
2026-01-31 18:21:21,492 | INFO | Doing Productive work at:2026-01-31 18:21:21.473717
2026-01-31 18:21:21,518 | INFO | Current State is True
2026-01-31 18:21:21,523 | INFO | Doing Productive work at:2026-01-31 18:21:21.504486
2026-01-31 18:21:21,549 | INFO | Current State is True
2026-01-31 18:21:21,554 | INFO | Doing Productive work at:2026-01-31 18:21:21.540437
2026-01-31 18:21:21,581 | INFO | Current State is True
2026-01-31 18:21:21,586 | INFO | Doing Productive work at:2026-01-31 18:21:21.570406
2026-01-31 18:21:21,626 | INFO | Current State is True
2026-01-31 18:21:21,632 | INFO | Doing Productive work at:2026-01-31 18:21:21.602228
2026-01-31 18:21:21,658 | INFO | Current State is True
2026-01-31 18:21:21,663 | INFO | Doing Productive work at:2026-01-31 18:21:21.639433
2026-01-31 18:21:21,705 | INFO | Current State is True
2026-01-31 18:21:21,710 | INFO | Doing Productive work at:2026-01-31 18:21:21.680381
2026-01-31 18:21:21,736 | INFO | Current State is True
2026-01-31 18:21:21,742 | INFO | Doing Productive work at:2026-01-31 18:21:21.718195
2026-01-31 18:21:21,767 | INFO | Current State is True
2026-01-31 18:21:21,773 | INFO | Doing Productive work at:2026-01-31 18:21:21.750156
2026-01-31 18:21:21,799 | INFO | Current State is True
2026-01-31 18:21:21,804 | INFO | Doing Productive work at:2026-01-31 18:21:21.781106
2026-01-31 18:21:21,831 | INFO | Current State is True
2026-01-31 18:21:21,835 | INFO | Doing Productive work at:2026-01-31 18:21:21.811934
2026-01-31 18:21:21,862 | INFO | Current State is True
2026-01-31 18:21:21,866 | INFO | Doing Productive work at:2026-01-31 18:21:21.841899
2026-01-31 18:21:21,893 | INFO | Current State is True
2026-01-31 18:21:21,898 | INFO | Doing Productive work at:2026-01-31 18:21:21.874451
2026-01-31 18:21:21,924 | INFO | Current State is True
2026-01-31 18:21:21,930 | INFO | Doing Productive work at:2026-01-31 18:21:21.907641
2026-01-31 18:21:21,955 | INFO | Current State is True
2026-01-31 18:21:21,960 | INFO | Doing Productive work at:2026-01-31 18:21:21.937269
2026-01-31 18:21:21,985 | INFO | Current State is True
2026-01-31 18:21:21,990 | INFO | Doing Productive work at:2026-01-31 18:21:21.970199
2026-01-31 18:21:22,017 | INFO | Current State is True
2026-01-31 18:21:22,022 | INFO | Doing Productive work at:2026-01-31 18:21:22.001297
2026-01-31 18:21:22,048 | INFO | Current State is True
2026-01-31 18:21:22,053 | INFO | Doing Productive work at:2026-01-31 18:21:22.030202
2026-01-31 18:21:22,078 | INFO | Current State is True
2026-01-31 18:21:22,082 | INFO | Doing Productive work at:2026-01-31 18:21:22.067858
2026-01-31 18:21:22,125 | INFO | Current State is True
2026-01-31 18:21:22,130 | INFO | Doing Productive work at:2026-01-31 18:21:22.114477
2026-01-31 18:21:22,157 | INFO | Current State is True
2026-01-31 18:21:22,162 | INFO | Doing Productive work at:2026-01-31 18:21:22.145177
2026-01-31 18:21:22,202 | INFO | Current State is True
2026-01-31 18:21:22,207 | INFO | Doing Productive work at:2026-01-31 18:21:22.178806
2026-01-31 18:21:22,235 | INFO | Current State is True
2026-01-31 18:21:22,241 | INFO | Doing Productive work at:2026-01-31 18:21:22.215959
2026-01-31 18:21:22,267 | INFO | Current State is True
2026-01-31 18:21:22,272 | INFO | Doing Productive work at:2026-01-31 18:21:22.248588
2026-01-31 18:21:22,298 | INFO | Current State is True
2026-01-31 18:21:22,303 | INFO | Doing Productive work at:2026-01-31 18:21:22.279744
2026-01-31 18:21:22,330 | INFO | Current State is True
2026-01-31 18:21:22,336 | INFO | Doing Productive work at:2026-01-31 18:21:22.310875
2026-01-31 18:21:22,360 | INFO | Current State is True
2026-01-31 18:21:22,366 | INFO | Doing Productive work at:2026-01-31 18:21:22.344355
2026-01-31 18:21:22,391 | INFO | Current State is True
2026-01-31 18:21:22,397 | INFO | Doing Productive work at:2026-01-31 18:21:22.372436
2026-01-31 18:21:22,422 | INFO | Current State is True
2026-01-31 18:21:22,427 | INFO | Doing Productive work at:2026-01-31 18:21:22.405380
2026-01-31 18:21:22,454 | INFO | Current State is True
2026-01-31 18:21:22,459 | INFO | Doing Productive work at:2026-01-31 18:21:22.436435
2026-01-31 18:21:22,484 | INFO | Current State is True
2026-01-31 18:21:22,490 | INFO | Doing Productive work at:2026-01-31 18:21:22.466224
2026-01-31 18:21:22,515 | INFO | Current State is True
2026-01-31 18:21:22,521 | INFO | Doing Productive work at:2026-01-31 18:21:22.498051
2026-01-31 18:21:22,563 | INFO | Current State is True
2026-01-31 18:21:22,568 | INFO | Doing Productive work at:2026-01-31 18:21:22.545651
2026-01-31 18:21:22,595 | INFO | Current State is True
2026-01-31 18:21:22,600 | INFO | Doing Productive work at:2026-01-31 18:21:22.580860
2026-01-31 18:21:22,627 | INFO | Current State is True
2026-01-31 18:21:22,634 | INFO | Doing Productive work at:2026-01-31 18:21:22.610492
2026-01-31 18:21:22,658 | INFO | Current State is True
2026-01-31 18:21:22,663 | INFO | Doing Productive work at:2026-01-31 18:21:22.641959
2026-01-31 18:21:22,688 | INFO | Current State is True
2026-01-31 18:21:22,694 | INFO | Doing Productive work at:2026-01-31 18:21:22.673801
2026-01-31 18:21:22,721 | INFO | Current State is True
2026-01-31 18:21:22,726 | INFO | Doing Productive work at:2026-01-31 18:21:22.706010
2026-01-31 18:21:22,751 | INFO | Current State is True
2026-01-31 18:21:22,756 | INFO | Doing Productive work at:2026-01-31 18:21:22.740161
2026-01-31 18:21:22,785 | INFO | Current State is True
2026-01-31 18:21:22,790 | INFO | Doing Productive work at:2026-01-31 18:21:22.770496
2026-01-31 18:21:22,814 | INFO | Current State is True
2026-01-31 18:21:22,818 | INFO | Doing Productive work at:2026-01-31 18:21:22.800656
2026-01-31 18:21:22,846 | INFO | Current State is True
2026-01-31 18:21:22,852 | INFO | Doing Productive work at:2026-01-31 18:21:22.832038
2026-01-31 18:21:22,880 | INFO | Current State is True
2026-01-31 18:21:22,884 | INFO | Doing Productive work at:2026-01-31 18:21:22.865654
2026-01-31 18:21:22,927 | INFO | Current State is True
2026-01-31 18:21:22,932 | INFO | Doing Productive work at:2026-01-31 18:21:22.900296
2026-01-31 18:21:22,955 | INFO | Current State is True
2026-01-31 18:21:22,961 | INFO | Doing Productive work at:2026-01-31 18:21:22.940320
2026-01-31 18:21:22,987 | INFO | Current State is True
2026-01-31 18:21:22,992 | INFO | Doing Productive work at:2026-01-31 18:21:22.976574
2026-01-31 18:21:23,034 | INFO | Current State is True
2026-01-31 18:21:23,038 | INFO | Doing Productive work at:2026-01-31 18:21:23.010302
2026-01-31 18:21:23,055 | INFO | Current State is True
2026-01-31 18:21:23,060 | INFO | Doing Productive work at:2026-01-31 18:21:23.047019
2026-01-31 18:21:23,096 | INFO | Current State is True
2026-01-31 18:21:23,101 | INFO | Doing Productive work at:2026-01-31 18:21:23.073712
2026-01-31 18:21:23,127 | INFO | Current State is True
2026-01-31 18:21:23,131 | INFO | Doing Productive work at:2026-01-31 18:21:23.110024
2026-01-31 18:21:23,158 | INFO | Current State is True
2026-01-31 18:21:23,163 | INFO | Doing Productive work at:2026-01-31 18:21:23.138333
2026-01-31 18:21:23,190 | INFO | Current State is True
2026-01-31 18:21:23,196 | INFO | Doing Productive work at:2026-01-31 18:21:23.172474
2026-01-31 18:21:23,221 | INFO | Current State is True
2026-01-31 18:21:23,226 | INFO | Doing Productive work at:2026-01-31 18:21:23.204295
2026-01-31 18:21:23,252 | INFO | Current State is True
2026-01-31 18:21:23,257 | INFO | Doing Productive work at:2026-01-31 18:21:23.235302
2026-01-31 18:21:23,283 | INFO | Current State is True
2026-01-31 18:21:23,288 | INFO | Doing Productive work at:2026-01-31 18:21:23.265899
2026-01-31 18:21:23,314 | INFO | Current State is True
2026-01-31 18:21:23,319 | INFO | Doing Productive work at:2026-01-31 18:21:23.297029
2026-01-31 18:21:23,347 | INFO | Current State is True
2026-01-31 18:21:23,352 | INFO | Doing Productive work at:2026-01-31 18:21:23.330481
2026-01-31 18:21:23,422 | INFO | Current State is True
2026-01-31 18:21:23,427 | INFO | Doing Productive work at:2026-01-31 18:21:23.407550
2026-01-31 18:21:23,600 | INFO | Current State is True
2026-01-31 18:21:23,605 | INFO | Doing Productive work at:2026-01-31 18:21:23.435067
2026-01-31 18:21:23,627 | INFO | Current State is True
2026-01-31 18:21:23,632 | INFO | Doing Productive work at:2026-01-31 18:21:23.611271
2026-01-31 18:21:23,657 | INFO | Current State is True
2026-01-31 18:21:23,662 | INFO | Doing Productive work at:2026-01-31 18:21:23.638797
2026-01-31 18:21:23,687 | INFO | Current State is True
2026-01-31 18:21:23,693 | INFO | Doing Productive work at:2026-01-31 18:21:23.669090
2026-01-31 18:21:23,720 | INFO | Current State is True
2026-01-31 18:21:23,725 | INFO | Doing Productive work at:2026-01-31 18:21:23.700994
2026-01-31 18:21:23,751 | INFO | Current State is True
2026-01-31 18:21:23,755 | INFO | Doing Productive work at:2026-01-31 18:21:23.732352
2026-01-31 18:21:23,782 | INFO | Current State is True
2026-01-31 18:21:23,786 | INFO | Doing Productive work at:2026-01-31 18:21:23.763209
2026-01-31 18:21:23,814 | INFO | Current State is True
2026-01-31 18:21:23,819 | INFO | Doing Productive work at:2026-01-31 18:21:23.794306
2026-01-31 18:21:23,844 | INFO | Current State is True
2026-01-31 18:21:23,849 | INFO | Doing Productive work at:2026-01-31 18:21:23.827739
2026-01-31 18:21:23,875 | INFO | Current State is True
2026-01-31 18:21:23,880 | INFO | Doing Productive work at:2026-01-31 18:21:23.856979
2026-01-31 18:21:23,907 | INFO | Current State is True
2026-01-31 18:21:23,912 | INFO | Doing Productive work at:2026-01-31 18:21:23.888107
2026-01-31 18:21:23,937 | INFO | Current State is True
2026-01-31 18:21:23,943 | INFO | Doing Productive work at:2026-01-31 18:21:23.918929
2026-01-31 18:21:23,968 | INFO | Current State is True
2026-01-31 18:21:23,973 | INFO | Doing Productive work at:2026-01-31 18:21:23.950870
2026-01-31 18:21:23,998 | INFO | Current State is True
2026-01-31 18:21:24,004 | INFO | Doing Productive work at:2026-01-31 18:21:23.981163
2026-01-31 18:21:24,030 | INFO | Current State is True
2026-01-31 18:21:24,034 | INFO | Doing Productive work at:2026-01-31 18:21:24.011783
2026-01-31 18:21:24,060 | INFO | Current State is True
2026-01-31 18:21:24,066 | INFO | Doing Productive work at:2026-01-31 18:21:24.043336
2026-01-31 18:21:24,091 | INFO | Current State is True
2026-01-31 18:21:24,096 | INFO | Doing Productive work at:2026-01-31 18:21:24.073897
2026-01-31 18:21:24,111 | INFO | Current State is True
2026-01-31 18:21:24,115 | INFO | Doing Productive work at:2026-01-31 18:21:24.103279
2026-01-31 18:21:24,140 | INFO | Current State is True
2026-01-31 18:21:24,145 | INFO | Doing Productive work at:2026-01-31 18:21:24.122172
2026-01-31 18:21:24,170 | INFO | Current State is True
2026-01-31 18:21:24,176 | INFO | Doing Productive work at:2026-01-31 18:21:24.152872
2026-01-31 18:21:24,218 | INFO | Current State is True
2026-01-31 18:21:24,223 | INFO | Doing Productive work at:2026-01-31 18:21:24.193337
2026-01-31 18:21:24,250 | INFO | Current State is True
2026-01-31 18:21:24,255 | INFO | Doing Productive work at:2026-01-31 18:21:24.231679
2026-01-31 18:21:24,282 | INFO | Current State is True
2026-01-31 18:21:24,288 | INFO | Doing Productive work at:2026-01-31 18:21:24.274130
2026-01-31 18:21:24,311 | INFO | Current State is True
2026-01-31 18:21:24,317 | INFO | Doing Productive work at:2026-01-31 18:21:24.295476
2026-01-31 18:21:24,343 | INFO | Current State is True
2026-01-31 18:21:24,347 | INFO | Doing Productive work at:2026-01-31 18:21:24.323700
2026-01-31 18:21:24,372 | INFO | Current State is True
2026-01-31 18:21:24,378 | INFO | Doing Productive work at:2026-01-31 18:21:24.354113
2026-01-31 18:21:24,403 | INFO | Current State is True
2026-01-31 18:21:24,409 | INFO | Doing Productive work at:2026-01-31 18:21:24.385770
2026-01-31 18:21:24,434 | INFO | Current State is True
2026-01-31 18:21:24,440 | INFO | Doing Productive work at:2026-01-31 18:21:24.416874
2026-01-31 18:21:24,466 | INFO | Current State is True
2026-01-31 18:21:24,471 | INFO | Doing Productive work at:2026-01-31 18:21:24.447032
2026-01-31 18:21:24,498 | INFO | Current State is True
2026-01-31 18:21:24,502 | INFO | Doing Productive work at:2026-01-31 18:21:24.480161
2026-01-31 18:21:24,528 | INFO | Current State is True
2026-01-31 18:21:24,534 | INFO | Doing Productive work at:2026-01-31 18:21:24.510168
2026-01-31 18:21:24,560 | INFO | Current State is True
2026-01-31 18:21:24,564 | INFO | Doing Productive work at:2026-01-31 18:21:24.542155
2026-01-31 18:21:24,606 | INFO | Current State is True
2026-01-31 18:21:24,611 | INFO | Doing Productive work at:2026-01-31 18:21:24.593696
2026-01-31 18:21:24,638 | INFO | Current State is True
2026-01-31 18:21:24,643 | INFO | Doing Productive work at:2026-01-31 18:21:24.626837
2026-01-31 18:21:24,684 | INFO | Current State is True
2026-01-31 18:21:24,691 | INFO | Doing Productive work at:2026-01-31 18:21:24.660505
2026-01-31 18:21:24,731 | INFO | Current State is True
2026-01-31 18:21:24,736 | INFO | Doing Productive work at:2026-01-31 18:21:24.707083
2026-01-31 18:21:24,762 | INFO | Current State is True
2026-01-31 18:21:24,768 | INFO | Doing Productive work at:2026-01-31 18:21:24.743272
2026-01-31 18:21:24,794 | INFO | Current State is True
2026-01-31 18:21:24,798 | INFO | Doing Productive work at:2026-01-31 18:21:24.776302
2026-01-31 18:21:24,826 | INFO | Current State is True
2026-01-31 18:21:24,832 | INFO | Doing Productive work at:2026-01-31 18:21:24.807198
2026-01-31 18:21:24,856 | INFO | Current State is True
2026-01-31 18:21:24,861 | INFO | Doing Productive work at:2026-01-31 18:21:24.840120
2026-01-31 18:21:24,888 | INFO | Current State is True
2026-01-31 18:21:24,893 | INFO | Doing Productive work at:2026-01-31 18:21:24.869246
2026-01-31 18:21:24,920 | INFO | Current State is True
2026-01-31 18:21:24,925 | INFO | Doing Productive work at:2026-01-31 18:21:24.900664
2026-01-31 18:21:24,950 | INFO | Current State is True
2026-01-31 18:21:24,955 | INFO | Doing Productive work at:2026-01-31 18:21:24.933142
2026-01-31 18:21:24,982 | INFO | Current State is True
2026-01-31 18:21:24,987 | INFO | Doing Productive work at:2026-01-31 18:21:24.963055
2026-01-31 18:21:25,012 | INFO | Current State is True
2026-01-31 18:21:25,018 | INFO | Doing Productive work at:2026-01-31 18:21:24.994185
2026-01-31 18:21:25,042 | INFO | Current State is True
2026-01-31 18:21:25,048 | INFO | Doing Productive work at:2026-01-31 18:21:25.025327
2026-01-31 18:21:25,073 | INFO | Current State is True
2026-01-31 18:21:25,079 | INFO | Doing Productive work at:2026-01-31 18:21:25.059209
2026-01-31 18:21:25,103 | INFO | Current State is True
2026-01-31 18:21:25,108 | INFO | Doing Productive work at:2026-01-31 18:21:25.090199
2026-01-31 18:21:25,151 | INFO | Current State is True
2026-01-31 18:21:25,156 | INFO | Doing Productive work at:2026-01-31 18:21:25.133649
2026-01-31 18:21:25,171 | INFO | Current State is True
2026-01-31 18:21:25,176 | INFO | Doing Productive work at:2026-01-31 18:21:25.163654
2026-01-31 18:21:25,197 | INFO | Current State is True
2026-01-31 18:21:25,204 | INFO | Doing Productive work at:2026-01-31 18:21:25.183642
2026-01-31 18:21:25,230 | INFO | Current State is True
2026-01-31 18:21:25,235 | INFO | Doing Productive work at:2026-01-31 18:21:25.209046
2026-01-31 18:21:25,258 | INFO | Current State is True
2026-01-31 18:21:25,262 | INFO | Doing Productive work at:2026-01-31 18:21:25.242605
2026-01-31 18:21:25,291 | INFO | Current State is True
2026-01-31 18:21:25,296 | INFO | Doing Productive work at:2026-01-31 18:21:25.270231
2026-01-31 18:21:25,323 | INFO | Current State is True
2026-01-31 18:21:25,328 | INFO | Doing Productive work at:2026-01-31 18:21:25.303158
2026-01-31 18:21:25,353 | INFO | Current State is True
2026-01-31 18:21:25,358 | INFO | Doing Productive work at:2026-01-31 18:21:25.335623
2026-01-31 18:21:25,416 | INFO | Current State is True
2026-01-31 18:21:25,421 | INFO | Doing Productive work at:2026-01-31 18:21:25.396168
2026-01-31 18:21:25,447 | INFO | Current State is True
2026-01-31 18:21:25,451 | INFO | Doing Productive work at:2026-01-31 18:21:25.430509
2026-01-31 18:21:25,478 | INFO | Current State is True
2026-01-31 18:21:25,484 | INFO | Doing Productive work at:2026-01-31 18:21:25.459130
2026-01-31 18:21:25,509 | INFO | Current State is True
2026-01-31 18:21:25,514 | INFO | Doing Productive work at:2026-01-31 18:21:25.491617
2026-01-31 18:21:25,541 | INFO | Current State is True
2026-01-31 18:21:25,546 | INFO | Doing Productive work at:2026-01-31 18:21:25.521231
2026-01-31 18:21:25,587 | INFO | Current State is True
2026-01-31 18:21:25,593 | INFO | Doing Productive work at:2026-01-31 18:21:25.571855
2026-01-31 18:21:25,617 | INFO | Current State is True
2026-01-31 18:21:25,623 | INFO | Doing Productive work at:2026-01-31 18:21:25.599035
2026-01-31 18:21:25,651 | INFO | Current State is True
2026-01-31 18:21:25,656 | INFO | Doing Productive work at:2026-01-31 18:21:25.628380
2026-01-31 18:21:25,681 | INFO | Current State is True
2026-01-31 18:21:25,686 | INFO | Doing Productive work at:2026-01-31 18:21:25.659646
2026-01-31 18:21:25,713 | INFO | Current State is True
2026-01-31 18:21:25,719 | INFO | Doing Productive work at:2026-01-31 18:21:25.692998
2026-01-31 18:21:25,743 | INFO | Current State is True
2026-01-31 18:21:25,748 | INFO | Doing Productive work at:2026-01-31 18:21:25.727155
2026-01-31 18:21:25,762 | INFO | Current State is True
2026-01-31 18:21:25,767 | INFO | Doing Productive work at:2026-01-31 18:21:25.754848
2026-01-31 18:21:25,806 | INFO | Current State is True
2026-01-31 18:21:25,811 | INFO | Doing Productive work at:2026-01-31 18:21:25.793173
2026-01-31 18:21:25,838 | INFO | Current State is True
2026-01-31 18:21:25,843 | INFO | Doing Productive work at:2026-01-31 18:21:25.823609
2026-01-31 18:21:25,869 | INFO | Current State is True
2026-01-31 18:21:25,874 | INFO | Doing Productive work at:2026-01-31 18:21:25.857130
2026-01-31 18:21:25,916 | INFO | Current State is True
2026-01-31 18:21:25,921 | INFO | Doing Productive work at:2026-01-31 18:21:25.891808
2026-01-31 18:21:25,947 | INFO | Current State is True
2026-01-31 18:21:25,952 | INFO | Doing Productive work at:2026-01-31 18:21:25.927520
2026-01-31 18:21:25,969 | INFO | Current State is True
2026-01-31 18:21:25,973 | INFO | Doing Productive work at:2026-01-31 18:21:25.960160
2026-01-31 18:21:26,026 | INFO | Current State is True
2026-01-31 18:21:26,032 | INFO | Doing Productive work at:2026-01-31 18:21:26.001223
2026-01-31 18:21:26,057 | INFO | Current State is True
2026-01-31 18:21:26,062 | INFO | Doing Productive work at:2026-01-31 18:21:26.037438
2026-01-31 18:21:26,079 | INFO | Current State is True
2026-01-31 18:21:26,085 | INFO | Doing Productive work at:2026-01-31 18:21:26.070462
2026-01-31 18:21:26,106 | INFO | Current State is True
2026-01-31 18:21:26,112 | INFO | Doing Productive work at:2026-01-31 18:21:26.092203
2026-01-31 18:21:26,136 | INFO | Current State is True
2026-01-31 18:21:26,141 | INFO | Doing Productive work at:2026-01-31 18:21:26.116953
2026-01-31 18:21:26,167 | INFO | Current State is True
2026-01-31 18:21:26,173 | INFO | Doing Productive work at:2026-01-31 18:21:26.146464
2026-01-31 18:21:26,216 | INFO | Current State is True
2026-01-31 18:21:26,221 | INFO | Doing Productive work at:2026-01-31 18:21:26.193818
2026-01-31 18:21:26,246 | INFO | Current State is True
2026-01-31 18:21:26,251 | INFO | Doing Productive work at:2026-01-31 18:21:26.230377
2026-01-31 18:21:26,268 | INFO | Current State is True
2026-01-31 18:21:26,274 | INFO | Doing Productive work at:2026-01-31 18:21:26.260495
2026-01-31 18:21:26,311 | INFO | Current State is True
2026-01-31 18:21:26,315 | INFO | Doing Productive work at:2026-01-31 18:21:26.290433
2026-01-31 18:21:26,340 | INFO | Current State is True
2026-01-31 18:21:26,345 | INFO | Doing Productive work at:2026-01-31 18:21:26.322978
2026-01-31 18:21:26,372 | INFO | Current State is True
2026-01-31 18:21:26,377 | INFO | Doing Productive work at:2026-01-31 18:21:26.352501
2026-01-31 18:21:26,403 | INFO | Current State is True
2026-01-31 18:21:26,408 | INFO | Doing Productive work at:2026-01-31 18:21:26.387540
2026-01-31 18:21:26,449 | INFO | Current State is True
2026-01-31 18:21:26,454 | INFO | Doing Productive work at:2026-01-31 18:21:26.432959
2026-01-31 18:21:26,481 | INFO | Current State is True
2026-01-31 18:21:26,486 | INFO | Doing Productive work at:2026-01-31 18:21:26.461960
2026-01-31 18:21:26,501 | INFO | Current State is True
2026-01-31 18:21:26,506 | INFO | Doing Productive work at:2026-01-31 18:21:26.493190
2026-01-31 18:21:26,521 | INFO | Current State is True
2026-01-31 18:21:26,525 | INFO | Doing Productive work at:2026-01-31 18:21:26.513274
2026-01-31 18:21:26,544 | INFO | Current State is True
2026-01-31 18:21:26,550 | INFO | Doing Productive work at:2026-01-31 18:21:26.533867
2026-01-31 18:21:26,605 | INFO | Current State is True
2026-01-31 18:21:26,610 | INFO | Doing Productive work at:2026-01-31 18:21:26.592507
2026-01-31 18:21:26,638 | INFO | Current State is True
2026-01-31 18:21:26,643 | INFO | Doing Productive work at:2026-01-31 18:21:26.625622
2026-01-31 18:21:26,668 | INFO | Current State is True
2026-01-31 18:21:26,674 | INFO | Doing Productive work at:2026-01-31 18:21:26.656917
2026-01-31 18:21:26,714 | INFO | Current State is True
2026-01-31 18:21:26,718 | INFO | Doing Productive work at:2026-01-31 18:21:26.690322
2026-01-31 18:21:26,745 | INFO | Current State is True
2026-01-31 18:21:26,751 | INFO | Doing Productive work at:2026-01-31 18:21:26.726807
2026-01-31 18:21:26,777 | INFO | Current State is True
2026-01-31 18:21:26,781 | INFO | Doing Productive work at:2026-01-31 18:21:26.760454
2026-01-31 18:21:26,807 | INFO | Current State is True
2026-01-31 18:21:26,811 | INFO | Doing Productive work at:2026-01-31 18:21:26.787219
2026-01-31 18:21:26,838 | INFO | Current State is True
2026-01-31 18:21:26,843 | INFO | Doing Productive work at:2026-01-31 18:21:26.819268
2026-01-31 18:21:26,886 | INFO | Current State is True
2026-01-31 18:21:26,891 | INFO | Doing Productive work at:2026-01-31 18:21:26.864532
2026-01-31 18:21:26,905 | INFO | Current State is True
2026-01-31 18:21:26,909 | INFO | Doing Productive work at:2026-01-31 18:21:26.895664
2026-01-31 18:21:26,930 | INFO | Current State is True
2026-01-31 18:21:26,935 | INFO | Doing Productive work at:2026-01-31 18:21:26.918521
2026-01-31 18:21:26,963 | INFO | Current State is True
2026-01-31 18:21:26,969 | INFO | Doing Productive work at:2026-01-31 18:21:26.943655
2026-01-31 18:21:27,010 | INFO | Current State is True
2026-01-31 18:21:27,015 | INFO | Doing Productive work at:2026-01-31 18:21:26.994357
2026-01-31 18:21:27,042 | INFO | Current State is True
2026-01-31 18:21:27,049 | INFO | Doing Productive work at:2026-01-31 18:21:27.025708
2026-01-31 18:21:27,073 | INFO | Current State is True
2026-01-31 18:21:27,078 | INFO | Doing Productive work at:2026-01-31 18:21:27.058121
2026-01-31 18:21:27,105 | INFO | Current State is True
2026-01-31 18:21:27,110 | INFO | Doing Productive work at:2026-01-31 18:21:27.091746
2026-01-31 18:21:27,130 | INFO | Current State is True
2026-01-31 18:21:27,136 | INFO | Doing Productive work at:2026-01-31 18:21:27.122082
2026-01-31 18:21:27,168 | INFO | Current State is True
2026-01-31 18:21:27,173 | INFO | Doing Productive work at:2026-01-31 18:21:27.153028
2026-01-31 18:21:27,200 | INFO | Current State is True
2026-01-31 18:21:27,205 | INFO | Doing Productive work at:2026-01-31 18:21:27.186774
2026-01-31 18:21:27,230 | INFO | Current State is True
2026-01-31 18:21:27,236 | INFO | Doing Productive work at:2026-01-31 18:21:27.217841
2026-01-31 18:21:27,255 | INFO | Current State is True
2026-01-31 18:21:27,261 | INFO | Doing Productive work at:2026-01-31 18:21:27.247294
2026-01-31 18:21:27,311 | INFO | Current State is True
2026-01-31 18:21:27,315 | INFO | Doing Productive work at:2026-01-31 18:21:27.294582
2026-01-31 18:21:27,343 | INFO | Current State is True
2026-01-31 18:21:27,348 | INFO | Doing Productive work at:2026-01-31 18:21:27.323175
2026-01-31 18:21:27,373 | INFO | Current State is True
2026-01-31 18:21:27,378 | INFO | Doing Productive work at:2026-01-31 18:21:27.355917
2026-01-31 18:21:27,421 | INFO | Current State is True
2026-01-31 18:21:27,426 | INFO | Doing Productive work at:2026-01-31 18:21:27.397159
2026-01-31 18:21:27,453 | INFO | Current State is True
2026-01-31 18:21:27,459 | INFO | Doing Productive work at:2026-01-31 18:21:27.435409
2026-01-31 18:21:27,485 | INFO | Current State is True
2026-01-31 18:21:27,490 | INFO | Doing Productive work at:2026-01-31 18:21:27.466486
2026-01-31 18:21:27,515 | INFO | Current State is True
2026-01-31 18:21:27,521 | INFO | Doing Productive work at:2026-01-31 18:21:27.496645
2026-01-31 18:21:27,548 | INFO | Current State is True
2026-01-31 18:21:27,553 | INFO | Doing Productive work at:2026-01-31 18:21:27.529445
2026-01-31 18:21:27,578 | INFO | Current State is True
2026-01-31 18:21:27,583 | INFO | Doing Productive work at:2026-01-31 18:21:27.560636
2026-01-31 18:21:27,610 | INFO | Current State is True
2026-01-31 18:21:27,614 | INFO | Doing Productive work at:2026-01-31 18:21:27.590750
2026-01-31 18:21:27,629 | INFO | Current State is True
2026-01-31 18:21:27,634 | INFO | Doing Productive work at:2026-01-31 18:21:27.621963
2026-01-31 18:21:27,671 | INFO | Current State is True
2026-01-31 18:21:27,677 | INFO | Doing Productive work at:2026-01-31 18:21:27.650680
2026-01-31 18:21:27,704 | INFO | Current State is True
2026-01-31 18:21:27,709 | INFO | Doing Productive work at:2026-01-31 18:21:27.684275
2026-01-31 18:21:27,751 | INFO | Current State is True
2026-01-31 18:21:27,755 | INFO | Doing Productive work at:2026-01-31 18:21:27.733052
2026-01-31 18:21:27,782 | INFO | Current State is True
2026-01-31 18:21:27,787 | INFO | Doing Productive work at:2026-01-31 18:21:27.763020
2026-01-31 18:21:27,812 | INFO | Current State is True
2026-01-31 18:21:27,817 | INFO | Doing Productive work at:2026-01-31 18:21:27.795181
2026-01-31 18:21:27,844 | INFO | Current State is True
2026-01-31 18:21:27,850 | INFO | Doing Productive work at:2026-01-31 18:21:27.824847
2026-01-31 18:21:27,875 | INFO | Current State is True
2026-01-31 18:21:27,880 | INFO | Doing Productive work at:2026-01-31 18:21:27.856455
2026-01-31 18:21:27,906 | INFO | Current State is True
2026-01-31 18:21:27,911 | INFO | Doing Productive work at:2026-01-31 18:21:27.890209
2026-01-31 18:21:27,936 | INFO | Current State is True
2026-01-31 18:21:27,942 | INFO | Doing Productive work at:2026-01-31 18:21:27.921873
2026-01-31 18:21:27,968 | INFO | Current State is True
2026-01-31 18:21:27,974 | INFO | Doing Productive work at:2026-01-31 18:21:27.954288
2026-01-31 18:21:27,994 | INFO | Current State is True
2026-01-31 18:21:27,998 | INFO | Doing Productive work at:2026-01-31 18:21:27.984565
2026-01-31 18:21:28,030 | INFO | Current State is True
2026-01-31 18:21:28,035 | INFO | Doing Productive work at:2026-01-31 18:21:28.017435
2026-01-31 18:21:28,075 | INFO | Current State is True
2026-01-31 18:21:28,081 | INFO | Doing Productive work at:2026-01-31 18:21:28.051969
2026-01-31 18:21:28,108 | INFO | Current State is True
2026-01-31 18:21:28,113 | INFO | Doing Productive work at:2026-01-31 18:21:28.085829
2026-01-31 18:21:28,139 | INFO | Current State is True
2026-01-31 18:21:28,145 | INFO | Doing Productive work at:2026-01-31 18:21:28.121108
2026-01-31 18:21:28,169 | INFO | Current State is True
2026-01-31 18:21:28,174 | INFO | Doing Productive work at:2026-01-31 18:21:28.162236
2026-01-31 18:21:28,215 | INFO | Current State is True
2026-01-31 18:21:28,222 | INFO | Doing Productive work at:2026-01-31 18:21:28.193390
2026-01-31 18:21:28,248 | INFO | Current State is True
2026-01-31 18:21:28,253 | INFO | Doing Productive work at:2026-01-31 18:21:28.230095
2026-01-31 18:21:28,278 | INFO | Current State is True
2026-01-31 18:21:28,284 | INFO | Doing Productive work at:2026-01-31 18:21:28.260756
2026-01-31 18:21:28,310 | INFO | Current State is True
2026-01-31 18:21:28,314 | INFO | Doing Productive work at:2026-01-31 18:21:28.291036
2026-01-31 18:21:28,342 | INFO | Current State is True
2026-01-31 18:21:28,347 | INFO | Doing Productive work at:2026-01-31 18:21:28.321646
2026-01-31 18:21:28,362 | INFO | Current State is True
2026-01-31 18:21:28,367 | INFO | Doing Productive work at:2026-01-31 18:21:28.354796
2026-01-31 18:21:28,404 | INFO | Current State is True
2026-01-31 18:21:28,410 | INFO | Doing Productive work at:2026-01-31 18:21:28.389362
2026-01-31 18:21:28,435 | INFO | Current State is True
2026-01-31 18:21:28,440 | INFO | Doing Productive work at:2026-01-31 18:21:28.419019
2026-01-31 18:21:28,466 | INFO | Current State is True
2026-01-31 18:21:28,471 | INFO | Doing Productive work at:2026-01-31 18:21:28.449132
2026-01-31 18:21:28,497 | INFO | Current State is True
2026-01-31 18:21:28,503 | INFO | Doing Productive work at:2026-01-31 18:21:28.481985
2026-01-31 18:21:28,529 | INFO | Current State is True
2026-01-31 18:21:28,534 | INFO | Doing Productive work at:2026-01-31 18:21:28.511937
2026-01-31 18:21:28,561 | INFO | Current State is True
2026-01-31 18:21:28,565 | INFO | Doing Productive work at:2026-01-31 18:21:28.546513
2026-01-31 18:21:28,604 | INFO | Current State is True
2026-01-31 18:21:28,611 | INFO | Doing Productive work at:2026-01-31 18:21:28.596005
2026-01-31 18:21:28,636 | INFO | Current State is True
2026-01-31 18:21:28,642 | INFO | Doing Productive work at:2026-01-31 18:21:28.623781
2026-01-31 18:21:28,684 | INFO | Current State is True
2026-01-31 18:21:28,689 | INFO | Doing Productive work at:2026-01-31 18:21:28.660047
2026-01-31 18:21:28,715 | INFO | Current State is True
2026-01-31 18:21:28,721 | INFO | Doing Productive work at:2026-01-31 18:21:28.696460
2026-01-31 18:21:28,746 | INFO | Current State is True
2026-01-31 18:21:28,752 | INFO | Doing Productive work at:2026-01-31 18:21:28.728524
2026-01-31 18:21:28,777 | INFO | Current State is True
2026-01-31 18:21:28,782 | INFO | Doing Productive work at:2026-01-31 18:21:28.760366
2026-01-31 18:21:28,809 | INFO | Current State is True
2026-01-31 18:21:28,813 | INFO | Doing Productive work at:2026-01-31 18:21:28.790234
2026-01-31 18:21:28,840 | INFO | Current State is True
2026-01-31 18:21:28,846 | INFO | Doing Productive work at:2026-01-31 18:21:28.821647
2026-01-31 18:21:28,870 | INFO | Current State is True
2026-01-31 18:21:28,875 | INFO | Doing Productive work at:2026-01-31 18:21:28.854194
2026-01-31 18:21:28,901 | INFO | Current State is True
2026-01-31 18:21:28,905 | INFO | Doing Productive work at:2026-01-31 18:21:28.881797
2026-01-31 18:21:28,934 | INFO | Current State is True
2026-01-31 18:21:28,940 | INFO | Doing Productive work at:2026-01-31 18:21:28.912857
2026-01-31 18:21:28,955 | INFO | Current State is True
2026-01-31 18:21:28,961 | INFO | Doing Productive work at:2026-01-31 18:21:28.948947
2026-01-31 18:21:28,996 | INFO | Current State is True
2026-01-31 18:21:29,001 | INFO | Doing Productive work at:2026-01-31 18:21:28.978325
2026-01-31 18:21:29,042 | INFO | Current State is True
2026-01-31 18:21:29,047 | INFO | Doing Productive work at:2026-01-31 18:21:29.026035
2026-01-31 18:21:29,075 | INFO | Current State is True
2026-01-31 18:21:29,080 | INFO | Doing Productive work at:2026-01-31 18:21:29.060515
2026-01-31 18:21:29,107 | INFO | Current State is True
2026-01-31 18:21:29,112 | INFO | Doing Productive work at:2026-01-31 18:21:29.084648
2026-01-31 18:21:29,137 | INFO | Current State is True
2026-01-31 18:21:29,142 | INFO | Doing Productive work at:2026-01-31 18:21:29.121504
2026-01-31 18:21:29,168 | INFO | Current State is True
2026-01-31 18:21:29,173 | INFO | Doing Productive work at:2026-01-31 18:21:29.154282
2026-01-31 18:21:29,192 | INFO | Current State is True
2026-01-31 18:21:29,196 | INFO | Doing Productive work at:2026-01-31 18:21:29.184911
2026-01-31 18:21:29,228 | INFO | Current State is True
2026-01-31 18:21:29,234 | INFO | Doing Productive work at:2026-01-31 18:21:29.220312
2026-01-31 18:21:29,262 | INFO | Current State is True
2026-01-31 18:21:29,267 | INFO | Doing Productive work at:2026-01-31 18:21:29.250460
2026-01-31 18:21:29,289 | INFO | Current State is True
2026-01-31 18:21:29,295 | INFO | Doing Productive work at:2026-01-31 18:21:29.280469
2026-01-31 18:21:29,324 | INFO | Current State is True
2026-01-31 18:21:29,328 | INFO | Doing Productive work at:2026-01-31 18:21:29.312889
2026-01-31 18:21:29,355 | INFO | Current State is True
2026-01-31 18:21:29,361 | INFO | Doing Productive work at:2026-01-31 18:21:29.345364
2026-01-31 18:21:29,385 | INFO | Current State is True
2026-01-31 18:21:29,391 | INFO | Doing Productive work at:2026-01-31 18:21:29.377127
2026-01-31 18:21:29,418 | INFO | Current State is True
2026-01-31 18:21:29,423 | INFO | Doing Productive work at:2026-01-31 18:21:29.407461
2026-01-31 18:21:29,481 | INFO | Current State is True
2026-01-31 18:21:29,486 | INFO | Doing Productive work at:2026-01-31 18:21:29.460110
2026-01-31 18:21:29,513 | INFO | Current State is True
2026-01-31 18:21:29,518 | INFO | Doing Productive work at:2026-01-31 18:21:29.494489
2026-01-31 18:21:29,542 | INFO | Current State is True
2026-01-31 18:21:29,547 | INFO | Doing Productive work at:2026-01-31 18:21:29.525601
2026-01-31 18:21:29,574 | INFO | Current State is True
2026-01-31 18:21:29,580 | INFO | Doing Productive work at:2026-01-31 18:21:29.555341
2026-01-31 18:21:29,604 | INFO | Current State is True
2026-01-31 18:21:29,610 | INFO | Doing Productive work at:2026-01-31 18:21:29.588386
2026-01-31 18:21:29,654 | INFO | Current State is True
2026-01-31 18:21:29,659 | INFO | Doing Productive work at:2026-01-31 18:21:29.633605
2026-01-31 18:21:29,684 | INFO | Current State is True
2026-01-31 18:21:29,690 | INFO | Doing Productive work at:2026-01-31 18:21:29.666245
2026-01-31 18:21:29,716 | INFO | Current State is True
2026-01-31 18:21:29,721 | INFO | Doing Productive work at:2026-01-31 18:21:29.698879
2026-01-31 18:21:29,747 | INFO | Current State is True
2026-01-31 18:21:29,752 | INFO | Doing Productive work at:2026-01-31 18:21:29.728574
2026-01-31 18:21:29,777 | INFO | Current State is True
2026-01-31 18:21:29,782 | INFO | Doing Productive work at:2026-01-31 18:21:29.760051
2026-01-31 18:21:29,808 | INFO | Current State is True
2026-01-31 18:21:29,814 | INFO | Doing Productive work at:2026-01-31 18:21:29.790317
2026-01-31 18:21:29,840 | INFO | Current State is True
2026-01-31 18:21:29,845 | INFO | Doing Productive work at:2026-01-31 18:21:29.821902
2026-01-31 18:21:29,870 | INFO | Current State is True
2026-01-31 18:21:29,875 | INFO | Doing Productive work at:2026-01-31 18:21:29.854202
2026-01-31 18:21:29,904 | INFO | Current State is True
2026-01-31 18:21:29,908 | INFO | Doing Productive work at:2026-01-31 18:21:29.883804
2026-01-31 18:21:29,933 | INFO | Current State is True
2026-01-31 18:21:29,938 | INFO | Doing Productive work at:2026-01-31 18:21:29.913682
2026-01-31 18:21:29,963 | INFO | Current State is True
2026-01-31 18:21:29,969 | INFO | Doing Productive work at:2026-01-31 18:21:29.945146
2026-01-31 18:21:30,010 | INFO | Current State is True
2026-01-31 18:21:30,016 | INFO | Doing Productive work at:2026-01-31 18:21:29.986714
2026-01-31 18:21:30,042 | INFO | Current State is True
2026-01-31 18:21:30,046 | INFO | Doing Productive work at:2026-01-31 18:21:30.022374
2026-01-31 18:21:30,393 | INFO | Current State is True
2026-01-31 18:21:30,397 | INFO | Doing Productive work at:2026-01-31 18:21:30.053289
2026-01-31 18:21:30,416 | INFO | Current State is True
2026-01-31 18:21:30,421 | INFO | Doing Productive work at:2026-01-31 18:21:30.405311
2026-01-31 18:21:30,448 | INFO | Current State is True
2026-01-31 18:21:30,454 | INFO | Doing Productive work at:2026-01-31 18:21:30.430258
2026-01-31 18:21:30,478 | INFO | Current State is True
2026-01-31 18:21:30,484 | INFO | Doing Productive work at:2026-01-31 18:21:30.459060
2026-01-31 18:21:30,508 | INFO | Current State is True
2026-01-31 18:21:30,513 | INFO | Doing Productive work at:2026-01-31 18:21:30.490372
2026-01-31 18:21:30,540 | INFO | Current State is True
2026-01-31 18:21:30,545 | INFO | Doing Productive work at:2026-01-31 18:21:30.518249
2026-01-31 18:21:30,572 | INFO | Current State is True
2026-01-31 18:21:30,577 | INFO | Doing Productive work at:2026-01-31 18:21:30.552427
2026-01-31 18:21:30,603 | INFO | Current State is True
2026-01-31 18:21:30,609 | INFO | Doing Productive work at:2026-01-31 18:21:30.584172
2026-01-31 18:21:30,634 | INFO | Current State is True
2026-01-31 18:21:30,638 | INFO | Doing Productive work at:2026-01-31 18:21:30.617061
2026-01-31 18:21:30,654 | INFO | Current State is True
2026-01-31 18:21:30,659 | INFO | Doing Productive work at:2026-01-31 18:21:30.646695
2026-01-31 18:21:30,683 | INFO | Current State is True
2026-01-31 18:21:30,688 | INFO | Doing Productive work at:2026-01-31 18:21:30.673853
2026-01-31 18:21:30,714 | INFO | Current State is True
2026-01-31 18:21:30,718 | INFO | Doing Productive work at:2026-01-31 18:21:30.705990
2026-01-31 18:21:30,760 | INFO | Current State is True
2026-01-31 18:21:30,764 | INFO | Doing Productive work at:2026-01-31 18:21:30.740452
2026-01-31 18:21:30,790 | INFO | Current State is True
2026-01-31 18:21:30,795 | INFO | Doing Productive work at:2026-01-31 18:21:30.772439
2026-01-31 18:21:30,823 | INFO | Current State is True
2026-01-31 18:21:30,827 | INFO | Doing Productive work at:2026-01-31 18:21:30.802156
2026-01-31 18:21:30,869 | INFO | Current State is True
2026-01-31 18:21:30,874 | INFO | Doing Productive work at:2026-01-31 18:21:30.846035
2026-01-31 18:21:30,891 | INFO | Current State is True
2026-01-31 18:21:30,895 | INFO | Doing Productive work at:2026-01-31 18:21:30.881680
2026-01-31 18:21:30,931 | INFO | Current State is True
2026-01-31 18:21:30,936 | INFO | Doing Productive work at:2026-01-31 18:21:30.914886
2026-01-31 18:21:30,965 | INFO | Current State is True
2026-01-31 18:21:30,970 | INFO | Doing Productive work at:2026-01-31 18:21:30.946106
2026-01-31 18:21:30,994 | INFO | Current State is True
2026-01-31 18:21:30,998 | INFO | Doing Productive work at:2026-01-31 18:21:30.977433
2026-01-31 18:21:31,026 | INFO | Current State is True
2026-01-31 18:21:31,032 | INFO | Doing Productive work at:2026-01-31 18:21:31.010041
2026-01-31 18:21:31,057 | INFO | Current State is True
2026-01-31 18:21:31,062 | INFO | Doing Productive work at:2026-01-31 18:21:31.040531
2026-01-31 18:21:31,088 | INFO | Current State is True
2026-01-31 18:21:31,094 | INFO | Doing Productive work at:2026-01-31 18:21:31.075511
2026-01-31 18:21:31,118 | INFO | Current State is True
2026-01-31 18:21:31,123 | INFO | Doing Productive work at:2026-01-31 18:21:31.104618
2026-01-31 18:21:31,150 | INFO | Current State is True
2026-01-31 18:21:31,156 | INFO | Doing Productive work at:2026-01-31 18:21:31.138913
2026-01-31 18:21:31,196 | INFO | Current State is True
2026-01-31 18:21:31,201 | INFO | Doing Productive work at:2026-01-31 18:21:31.171569
2026-01-31 18:21:31,229 | INFO | Current State is True
2026-01-31 18:21:31,234 | INFO | Doing Productive work at:2026-01-31 18:21:31.206547
2026-01-31 18:21:31,257 | INFO | Current State is True
2026-01-31 18:21:31,264 | INFO | Doing Productive work at:2026-01-31 18:21:31.242207
2026-01-31 18:21:31,306 | INFO | Current State is True
2026-01-31 18:21:31,310 | INFO | Doing Productive work at:2026-01-31 18:21:31.282543
2026-01-31 18:21:31,338 | INFO | Current State is True
2026-01-31 18:21:31,343 | INFO | Doing Productive work at:2026-01-31 18:21:31.317445
2026-01-31 18:21:31,370 | INFO | Current State is True
2026-01-31 18:21:31,375 | INFO | Doing Productive work at:2026-01-31 18:21:31.351099
2026-01-31 18:21:31,399 | INFO | Current State is True
2026-01-31 18:21:31,405 | INFO | Doing Productive work at:2026-01-31 18:21:31.380853
2026-01-31 18:21:31,431 | INFO | Current State is True
2026-01-31 18:21:31,436 | INFO | Doing Productive work at:2026-01-31 18:21:31.414442
2026-01-31 18:21:31,448 | INFO | Current State is True
2026-01-31 18:21:31,454 | INFO | Doing Productive work at:2026-01-31 18:21:31.442155
2026-01-31 18:21:31,493 | INFO | Current State is True
2026-01-31 18:21:31,498 | INFO | Doing Productive work at:2026-01-31 18:21:31.473528
2026-01-31 18:21:31,525 | INFO | Current State is True
2026-01-31 18:21:31,530 | INFO | Doing Productive work at:2026-01-31 18:21:31.505642
2026-01-31 18:21:31,555 | INFO | Current State is True
2026-01-31 18:21:31,560 | INFO | Doing Productive work at:2026-01-31 18:21:31.538254
2026-01-31 18:21:31,588 | INFO | Current State is True
2026-01-31 18:21:31,593 | INFO | Doing Productive work at:2026-01-31 18:21:31.571990
2026-01-31 18:21:31,619 | INFO | Current State is True
2026-01-31 18:21:31,623 | INFO | Doing Productive work at:2026-01-31 18:21:31.601310
2026-01-31 18:21:31,641 | INFO | Current State is True
2026-01-31 18:21:31,646 | INFO | Doing Productive work at:2026-01-31 18:21:31.633639
2026-01-31 18:21:31,681 | INFO | Current State is True
2026-01-31 18:21:31,687 | INFO | Doing Productive work at:2026-01-31 18:21:31.664839
2026-01-31 18:21:31,727 | INFO | Current State is True
2026-01-31 18:21:31,732 | INFO | Doing Productive work at:2026-01-31 18:21:31.713294
2026-01-31 18:21:31,758 | INFO | Current State is True
2026-01-31 18:21:31,762 | INFO | Doing Productive work at:2026-01-31 18:21:31.746997
2026-01-31 18:21:31,785 | INFO | Current State is True
2026-01-31 18:21:31,790 | INFO | Doing Productive work at:2026-01-31 18:21:31.776959
2026-01-31 18:21:31,822 | INFO | Current State is True
2026-01-31 18:21:31,828 | INFO | Doing Productive work at:2026-01-31 18:21:31.808295
2026-01-31 18:21:31,852 | INFO | Current State is True
2026-01-31 18:21:31,858 | INFO | Doing Productive work at:2026-01-31 18:21:31.840322
2026-01-31 18:21:31,898 | INFO | Current State is True
2026-01-31 18:21:31,903 | INFO | Doing Productive work at:2026-01-31 18:21:31.873684
2026-01-31 18:21:31,931 | INFO | Current State is True
2026-01-31 18:21:31,935 | INFO | Doing Productive work at:2026-01-31 18:21:31.911598
2026-01-31 18:21:31,960 | INFO | Current State is True
2026-01-31 18:21:31,965 | INFO | Doing Productive work at:2026-01-31 18:21:31.944032
2026-01-31 18:21:31,991 | INFO | Current State is True
2026-01-31 18:21:31,997 | INFO | Doing Productive work at:2026-01-31 18:21:31.972927
2026-01-31 18:21:32,023 | INFO | Current State is True
2026-01-31 18:21:32,030 | INFO | Doing Productive work at:2026-01-31 18:21:32.003492
2026-01-31 18:21:32,053 | INFO | Current State is True
2026-01-31 18:21:32,057 | INFO | Doing Productive work at:2026-01-31 18:21:32.036739
2026-01-31 18:21:32,085 | INFO | Current State is True
2026-01-31 18:21:32,090 | INFO | Doing Productive work at:2026-01-31 18:21:32.067512
2026-01-31 18:21:32,117 | INFO | Current State is True
2026-01-31 18:21:32,121 | INFO | Doing Productive work at:2026-01-31 18:21:32.098932
2026-01-31 18:21:32,163 | INFO | Current State is True
2026-01-31 18:21:32,167 | INFO | Doing Productive work at:2026-01-31 18:21:32.147178
2026-01-31 18:21:32,194 | INFO | Current State is True
2026-01-31 18:21:32,199 | INFO | Doing Productive work at:2026-01-31 18:21:32.180315
2026-01-31 18:21:32,225 | INFO | Current State is True
2026-01-31 18:21:32,230 | INFO | Doing Productive work at:2026-01-31 18:21:32.210447
2026-01-31 18:21:32,256 | INFO | Current State is True
2026-01-31 18:21:32,261 | INFO | Doing Productive work at:2026-01-31 18:21:32.242985
2026-01-31 18:21:32,288 | INFO | Current State is True
2026-01-31 18:21:32,293 | INFO | Doing Productive work at:2026-01-31 18:21:32.272096
2026-01-31 18:21:32,320 | INFO | Current State is True
2026-01-31 18:21:32,325 | INFO | Doing Productive work at:2026-01-31 18:21:32.305137
2026-01-31 18:21:32,350 | INFO | Current State is True
2026-01-31 18:21:32,355 | INFO | Doing Productive work at:2026-01-31 18:21:32.339026
2026-01-31 18:21:32,380 | INFO | Current State is True
2026-01-31 18:21:32,386 | INFO | Doing Productive work at:2026-01-31 18:21:32.370399
2026-01-31 18:21:32,427 | INFO | Current State is True
2026-01-31 18:21:32,432 | INFO | Doing Productive work at:2026-01-31 18:21:32.403693
2026-01-31 18:21:32,459 | INFO | Current State is True
2026-01-31 18:21:32,464 | INFO | Doing Productive work at:2026-01-31 18:21:32.440147
2026-01-31 18:21:32,490 | INFO | Current State is True
2026-01-31 18:21:32,495 | INFO | Doing Productive work at:2026-01-31 18:21:32.472249
2026-01-31 18:21:32,521 | INFO | Current State is True
2026-01-31 18:21:32,525 | INFO | Doing Productive work at:2026-01-31 18:21:32.504141
2026-01-31 18:21:32,551 | INFO | Current State is True
2026-01-31 18:21:32,557 | INFO | Doing Productive work at:2026-01-31 18:21:32.533236
2026-01-31 18:21:32,598 | INFO | Current State is True
2026-01-31 18:21:32,603 | INFO | Doing Productive work at:2026-01-31 18:21:32.578894
2026-01-31 18:21:32,630 | INFO | Current State is True
2026-01-31 18:21:32,634 | INFO | Doing Productive work at:2026-01-31 18:21:32.611280
2026-01-31 18:21:32,661 | INFO | Current State is True
2026-01-31 18:21:32,666 | INFO | Doing Productive work at:2026-01-31 18:21:32.641999
2026-01-31 18:21:32,682 | INFO | Current State is True
2026-01-31 18:21:32,687 | INFO | Doing Productive work at:2026-01-31 18:21:32.674173
2026-01-31 18:21:32,723 | INFO | Current State is True
2026-01-31 18:21:32,729 | INFO | Doing Productive work at:2026-01-31 18:21:32.706865
2026-01-31 18:21:32,755 | INFO | Current State is True
2026-01-31 18:21:32,760 | INFO | Doing Productive work at:2026-01-31 18:21:32.740204
2026-01-31 18:21:32,786 | INFO | Current State is True
2026-01-31 18:21:32,791 | INFO | Doing Productive work at:2026-01-31 18:21:32.770325
2026-01-31 18:21:32,817 | INFO | Current State is True
2026-01-31 18:21:32,823 | INFO | Doing Productive work at:2026-01-31 18:21:32.802005
2026-01-31 18:21:32,848 | INFO | Current State is True
2026-01-31 18:21:32,854 | INFO | Doing Productive work at:2026-01-31 18:21:32.833672
2026-01-31 18:21:32,880 | INFO | Current State is True
2026-01-31 18:21:32,885 | INFO | Doing Productive work at:2026-01-31 18:21:32.866315
2026-01-31 18:21:32,911 | INFO | Current State is True
2026-01-31 18:21:32,916 | INFO | Doing Productive work at:2026-01-31 18:21:32.900473
2026-01-31 18:21:32,943 | INFO | Current State is True
2026-01-31 18:21:32,948 | INFO | Doing Productive work at:2026-01-31 18:21:32.930127
2026-01-31 18:21:32,973 | INFO | Current State is True
2026-01-31 18:21:32,980 | INFO | Doing Productive work at:2026-01-31 18:21:32.961566
2026-01-31 18:21:33,035 | INFO | Current State is True
2026-01-31 18:21:33,040 | INFO | Doing Productive work at:2026-01-31 18:21:33.010687
2026-01-31 18:21:33,068 | INFO | Current State is True
2026-01-31 18:21:33,073 | INFO | Doing Productive work at:2026-01-31 18:21:33.047840
2026-01-31 18:21:33,100 | INFO | Current State is True
2026-01-31 18:21:33,105 | INFO | Doing Productive work at:2026-01-31 18:21:33.080810
2026-01-31 18:21:33,131 | INFO | Current State is True
2026-01-31 18:21:33,137 | INFO | Doing Productive work at:2026-01-31 18:21:33.112887
2026-01-31 18:21:33,162 | INFO | Current State is True
2026-01-31 18:21:33,167 | INFO | Doing Productive work at:2026-01-31 18:21:33.145034
2026-01-31 18:21:33,194 | INFO | Current State is True
2026-01-31 18:21:33,198 | INFO | Doing Productive work at:2026-01-31 18:21:33.173212
2026-01-31 18:21:33,225 | INFO | Current State is True
2026-01-31 18:21:33,232 | INFO | Doing Productive work at:2026-01-31 18:21:33.206100
2026-01-31 18:21:33,255 | INFO | Current State is True
2026-01-31 18:21:33,260 | INFO | Doing Productive work at:2026-01-31 18:21:33.240249
2026-01-31 18:21:33,287 | INFO | Current State is True
2026-01-31 18:21:33,291 | INFO | Doing Productive work at:2026-01-31 18:21:33.268319
2026-01-31 18:21:33,318 | INFO | Current State is True
2026-01-31 18:21:33,323 | INFO | Doing Productive work at:2026-01-31 18:21:33.300452
2026-01-31 18:21:33,347 | INFO | Current State is True
2026-01-31 18:21:33,352 | INFO | Doing Productive work at:2026-01-31 18:21:33.331775
2026-01-31 18:21:33,381 | INFO | Current State is True
2026-01-31 18:21:33,386 | INFO | Doing Productive work at:2026-01-31 18:21:33.360801
2026-01-31 18:21:33,411 | INFO | Current State is True
2026-01-31 18:21:33,415 | INFO | Doing Productive work at:2026-01-31 18:21:33.396233
2026-01-31 18:21:33,458 | INFO | Current State is True
2026-01-31 18:21:33,463 | INFO | Doing Productive work at:2026-01-31 18:21:33.438919
2026-01-31 18:21:33,488 | INFO | Current State is True
2026-01-31 18:21:33,494 | INFO | Doing Productive work at:2026-01-31 18:21:33.472932
2026-01-31 18:21:33,519 | INFO | Current State is True
2026-01-31 18:21:33,523 | INFO | Doing Productive work at:2026-01-31 18:21:33.504066
2026-01-31 18:21:33,550 | INFO | Current State is True
2026-01-31 18:21:33,554 | INFO | Doing Productive work at:2026-01-31 18:21:33.540379
2026-01-31 18:21:33,580 | INFO | Current State is True
2026-01-31 18:21:33,585 | INFO | Doing Productive work at:2026-01-31 18:21:33.568873
2026-01-31 18:21:33,613 | INFO | Current State is True
2026-01-31 18:21:33,618 | INFO | Doing Productive work at:2026-01-31 18:21:33.601921
2026-01-31 18:21:33,644 | INFO | Current State is True
2026-01-31 18:21:33,649 | INFO | Doing Productive work at:2026-01-31 18:21:33.633971
2026-01-31 18:21:33,676 | INFO | Current State is True
2026-01-31 18:21:33,681 | INFO | Doing Productive work at:2026-01-31 18:21:33.663516
2026-01-31 18:21:33,722 | INFO | Current State is True
2026-01-31 18:21:33,728 | INFO | Doing Productive work at:2026-01-31 18:21:33.700281
2026-01-31 18:21:33,743 | INFO | Current State is True
2026-01-31 18:21:33,748 | INFO | Attentive Eyes at 2026-01-31 18:21:33.736548
2026-01-31 18:21:33,748 | INFO | Doing Productive work at:2026-01-31 18:21:33.736548
2026-01-31 18:21:33,786 | INFO | Current State is True
2026-01-31 18:21:33,792 | INFO | Attentive Eyes at 2026-01-31 18:21:33.762172
2026-01-31 18:21:33,792 | INFO | Doing Productive work at:2026-01-31 18:21:33.762172
2026-01-31 18:21:33,848 | INFO | Current State is True
2026-01-31 18:21:33,854 | INFO | Attentive Eyes at 2026-01-31 18:21:33.826512
2026-01-31 18:21:33,854 | INFO | Doing Productive work at:2026-01-31 18:21:33.826512
2026-01-31 18:21:33,878 | INFO | Current State is True
2026-01-31 18:21:33,883 | INFO | Attentive Eyes at 2026-01-31 18:21:33.862203
2026-01-31 18:21:33,884 | INFO | Doing Productive work at:2026-01-31 18:21:33.862203
2026-01-31 18:21:33,910 | INFO | Current State is True
2026-01-31 18:21:33,915 | INFO | Attentive Eyes at 2026-01-31 18:21:33.892052
2026-01-31 18:21:33,915 | INFO | Doing Productive work at:2026-01-31 18:21:33.892052
2026-01-31 18:21:33,943 | INFO | Current State is True
2026-01-31 18:21:33,948 | INFO | Attentive Eyes at 2026-01-31 18:21:33.922934
2026-01-31 18:21:33,948 | INFO | Doing Productive work at:2026-01-31 18:21:33.922934
2026-01-31 18:21:33,974 | INFO | Current State is True
2026-01-31 18:21:33,978 | INFO | Attentive Eyes at 2026-01-31 18:21:33.956038
2026-01-31 18:21:33,978 | INFO | Doing Productive work at:2026-01-31 18:21:33.956038
2026-01-31 18:21:34,005 | INFO | Current State is True
2026-01-31 18:21:34,011 | INFO | Attentive Eyes at 2026-01-31 18:21:33.987925
2026-01-31 18:21:34,011 | INFO | Doing Productive work at:2026-01-31 18:21:33.987925
2026-01-31 18:21:34,036 | INFO | Current State is True
2026-01-31 18:21:34,041 | INFO | Attentive Eyes at 2026-01-31 18:21:34.019043
2026-01-31 18:21:34,042 | INFO | Doing Productive work at:2026-01-31 18:21:34.019043
2026-01-31 18:21:34,067 | INFO | Current State is True
2026-01-31 18:21:34,071 | INFO | Attentive Eyes at 2026-01-31 18:21:34.050128
2026-01-31 18:21:34,072 | INFO | Doing Productive work at:2026-01-31 18:21:34.050128
2026-01-31 18:21:34,098 | INFO | Current State is True
2026-01-31 18:21:34,103 | INFO | Attentive Eyes at 2026-01-31 18:21:34.080323
2026-01-31 18:21:34,103 | INFO | Doing Productive work at:2026-01-31 18:21:34.080323
2026-01-31 18:21:34,128 | INFO | Current State is True
2026-01-31 18:21:34,133 | INFO | Attentive Eyes at 2026-01-31 18:21:34.110622
2026-01-31 18:21:34,133 | INFO | Doing Productive work at:2026-01-31 18:21:34.110622
2026-01-31 18:21:34,159 | INFO | Current State is True
2026-01-31 18:21:34,164 | INFO | Attentive Eyes at 2026-01-31 18:21:34.141974
2026-01-31 18:21:34,164 | INFO | Doing Productive work at:2026-01-31 18:21:34.141974
2026-01-31 18:21:34,193 | INFO | Current State is True
2026-01-31 18:21:34,198 | INFO | Attentive Eyes at 2026-01-31 18:21:34.171506
2026-01-31 18:21:34,199 | INFO | Doing Productive work at:2026-01-31 18:21:34.171506
2026-01-31 18:21:34,254 | INFO | Current State is True
2026-01-31 18:21:34,259 | INFO | Attentive Eyes at 2026-01-31 18:21:34.229455
2026-01-31 18:21:34,259 | INFO | Doing Productive work at:2026-01-31 18:21:34.229455
2026-01-31 18:21:34,284 | INFO | Current State is True
2026-01-31 18:21:34,290 | INFO | Attentive Eyes at 2026-01-31 18:21:34.266055
2026-01-31 18:21:34,291 | INFO | Doing Productive work at:2026-01-31 18:21:34.266055
2026-01-31 18:21:34,316 | INFO | Current State is True
2026-01-31 18:21:34,321 | INFO | Attentive Eyes at 2026-01-31 18:21:34.299409
2026-01-31 18:21:34,321 | INFO | Doing Productive work at:2026-01-31 18:21:34.299409
2026-01-31 18:21:34,347 | INFO | Current State is True
2026-01-31 18:21:34,353 | INFO | Attentive Eyes at 2026-01-31 18:21:34.330041
2026-01-31 18:21:34,353 | INFO | Doing Productive work at:2026-01-31 18:21:34.330041
2026-01-31 18:21:34,379 | INFO | Current State is True
2026-01-31 18:21:34,384 | INFO | Attentive Eyes at 2026-01-31 18:21:34.360684
2026-01-31 18:21:34,384 | INFO | Doing Productive work at:2026-01-31 18:21:34.360684
2026-01-31 18:21:34,410 | INFO | Current State is True
2026-01-31 18:21:34,415 | INFO | Attentive Eyes at 2026-01-31 18:21:34.391650
2026-01-31 18:21:34,415 | INFO | Doing Productive work at:2026-01-31 18:21:34.391650
2026-01-31 18:21:34,441 | INFO | Current State is True
2026-01-31 18:21:34,446 | INFO | Attentive Eyes at 2026-01-31 18:21:34.423604
2026-01-31 18:21:34,446 | INFO | Doing Productive work at:2026-01-31 18:21:34.423604
2026-01-31 18:21:34,472 | INFO | Current State is True
2026-01-31 18:21:34,478 | INFO | Attentive Eyes at 2026-01-31 18:21:34.453328
2026-01-31 18:21:34,478 | INFO | Doing Productive work at:2026-01-31 18:21:34.453328
2026-01-31 18:21:34,503 | INFO | Current State is True
2026-01-31 18:21:34,508 | INFO | Attentive Eyes at 2026-01-31 18:21:34.485918
2026-01-31 18:21:34,509 | INFO | Doing Productive work at:2026-01-31 18:21:34.485918
2026-01-31 18:21:34,534 | INFO | Current State is True
2026-01-31 18:21:34,538 | INFO | Attentive Eyes at 2026-01-31 18:21:34.517016
2026-01-31 18:21:34,538 | INFO | Doing Productive work at:2026-01-31 18:21:34.517016
2026-01-31 18:21:34,567 | INFO | Current State is True
2026-01-31 18:21:34,572 | INFO | Attentive Eyes at 2026-01-31 18:21:34.547972
2026-01-31 18:21:34,573 | INFO | Doing Productive work at:2026-01-31 18:21:34.547972
2026-01-31 18:21:34,597 | INFO | Current State is True
2026-01-31 18:21:34,603 | INFO | Attentive Eyes at 2026-01-31 18:21:34.581633
2026-01-31 18:21:34,603 | INFO | Doing Productive work at:2026-01-31 18:21:34.581633
2026-01-31 18:21:34,646 | INFO | Current State is True
2026-01-31 18:21:34,651 | INFO | Attentive Eyes at 2026-01-31 18:21:34.626848
2026-01-31 18:21:34,651 | INFO | Doing Productive work at:2026-01-31 18:21:34.626848
2026-01-31 18:21:34,676 | INFO | Current State is True
2026-01-31 18:21:34,681 | INFO | Attentive Eyes at 2026-01-31 18:21:34.659208
2026-01-31 18:21:34,682 | INFO | Doing Productive work at:2026-01-31 18:21:34.659208
2026-01-31 18:21:34,708 | INFO | Current State is True
2026-01-31 18:21:34,714 | INFO | Attentive Eyes at 2026-01-31 18:21:34.690380
2026-01-31 18:21:34,714 | INFO | Doing Productive work at:2026-01-31 18:21:34.690380
2026-01-31 18:21:34,740 | INFO | Current State is True
2026-01-31 18:21:34,746 | INFO | Attentive Eyes at 2026-01-31 18:21:34.722562
2026-01-31 18:21:34,747 | INFO | Doing Productive work at:2026-01-31 18:21:34.722562
2026-01-31 18:21:34,770 | INFO | Current State is True
2026-01-31 18:21:34,775 | INFO | Attentive Eyes at 2026-01-31 18:21:34.756295
2026-01-31 18:21:34,776 | INFO | Doing Productive work at:2026-01-31 18:21:34.756295
2026-01-31 18:21:34,800 | INFO | Current State is True
2026-01-31 18:21:34,806 | INFO | Attentive Eyes at 2026-01-31 18:21:34.784174
2026-01-31 18:21:34,806 | INFO | Doing Productive work at:2026-01-31 18:21:34.784174
2026-01-31 18:21:34,832 | INFO | Current State is True
2026-01-31 18:21:34,837 | INFO | Attentive Eyes at 2026-01-31 18:21:34.813019
2026-01-31 18:21:34,837 | INFO | Doing Productive work at:2026-01-31 18:21:34.813019
2026-01-31 18:21:34,861 | INFO | Current State is True
2026-01-31 18:21:34,866 | INFO | Attentive Eyes at 2026-01-31 18:21:34.844487
2026-01-31 18:21:34,867 | INFO | Doing Productive work at:2026-01-31 18:21:34.844487
2026-01-31 18:21:34,894 | INFO | Current State is True
2026-01-31 18:21:34,900 | INFO | Attentive Eyes at 2026-01-31 18:21:34.874980
2026-01-31 18:21:34,900 | INFO | Doing Productive work at:2026-01-31 18:21:34.874980
2026-01-31 18:21:34,925 | INFO | Current State is True
2026-01-31 18:21:34,930 | INFO | Attentive Eyes at 2026-01-31 18:21:34.907334
2026-01-31 18:21:34,930 | INFO | Doing Productive work at:2026-01-31 18:21:34.907334
2026-01-31 18:21:34,955 | INFO | Current State is True
2026-01-31 18:21:34,961 | INFO | Attentive Eyes at 2026-01-31 18:21:34.937332
2026-01-31 18:21:34,961 | INFO | Doing Productive work at:2026-01-31 18:21:34.937332
2026-01-31 18:21:34,986 | INFO | Current State is True
2026-01-31 18:21:34,991 | INFO | Attentive Eyes at 2026-01-31 18:21:34.968548
2026-01-31 18:21:34,991 | INFO | Doing Productive work at:2026-01-31 18:21:34.968548
2026-01-31 18:21:35,049 | INFO | Current State is True
2026-01-31 18:21:35,054 | INFO | Attentive Eyes at 2026-01-31 18:21:35.024534
2026-01-31 18:21:35,054 | INFO | Doing Productive work at:2026-01-31 18:21:35.024534
2026-01-31 18:21:35,081 | INFO | Current State is True
2026-01-31 18:21:35,086 | INFO | Attentive Eyes at 2026-01-31 18:21:35.062057
2026-01-31 18:21:35,086 | INFO | Doing Productive work at:2026-01-31 18:21:35.062057
2026-01-31 18:21:35,111 | INFO | Current State is True
2026-01-31 18:21:35,116 | INFO | Attentive Eyes at 2026-01-31 18:21:35.093074
2026-01-31 18:21:35,116 | INFO | Doing Productive work at:2026-01-31 18:21:35.093074
2026-01-31 18:21:35,142 | INFO | Current State is True
2026-01-31 18:21:35,148 | INFO | Attentive Eyes at 2026-01-31 18:21:35.124395
2026-01-31 18:21:35,148 | INFO | Doing Productive work at:2026-01-31 18:21:35.124395
2026-01-31 18:21:35,174 | INFO | Current State is True
2026-01-31 18:21:35,179 | INFO | Attentive Eyes at 2026-01-31 18:21:35.154501
2026-01-31 18:21:35,180 | INFO | Doing Productive work at:2026-01-31 18:21:35.154501
2026-01-31 18:21:35,206 | INFO | Current State is True
2026-01-31 18:21:35,211 | INFO | Attentive Eyes at 2026-01-31 18:21:35.188428
2026-01-31 18:21:35,211 | INFO | Doing Productive work at:2026-01-31 18:21:35.188428
2026-01-31 18:21:35,236 | INFO | Current State is True
2026-01-31 18:21:35,242 | INFO | Attentive Eyes at 2026-01-31 18:21:35.218284
2026-01-31 18:21:35,242 | INFO | Doing Productive work at:2026-01-31 18:21:35.218284
2026-01-31 18:21:35,268 | INFO | Current State is True
2026-01-31 18:21:35,273 | INFO | Attentive Eyes at 2026-01-31 18:21:35.250320
2026-01-31 18:21:35,273 | INFO | Doing Productive work at:2026-01-31 18:21:35.250320
2026-01-31 18:21:35,298 | INFO | Current State is True
2026-01-31 18:21:35,304 | INFO | Attentive Eyes at 2026-01-31 18:21:35.280237
2026-01-31 18:21:35,304 | INFO | Doing Productive work at:2026-01-31 18:21:35.280237
2026-01-31 18:21:35,330 | INFO | Current State is True
2026-01-31 18:21:35,335 | INFO | Attentive Eyes at 2026-01-31 18:21:35.312240
2026-01-31 18:21:35,335 | INFO | Doing Productive work at:2026-01-31 18:21:35.312240
2026-01-31 18:21:35,362 | INFO | Current State is True
2026-01-31 18:21:35,366 | INFO | Attentive Eyes at 2026-01-31 18:21:35.343535
2026-01-31 18:21:35,366 | INFO | Doing Productive work at:2026-01-31 18:21:35.343535
2026-01-31 18:21:35,393 | INFO | Current State is True
2026-01-31 18:21:35,398 | INFO | Attentive Eyes at 2026-01-31 18:21:35.373489
2026-01-31 18:21:35,398 | INFO | Doing Productive work at:2026-01-31 18:21:35.373489
2026-01-31 18:21:35,438 | INFO | Current State is True
2026-01-31 18:21:35,443 | INFO | Attentive Eyes at 2026-01-31 18:21:35.426022
2026-01-31 18:21:35,443 | INFO | Doing Productive work at:2026-01-31 18:21:35.426022
2026-01-31 18:21:35,469 | INFO | Current State is True
2026-01-31 18:21:35,474 | INFO | Attentive Eyes at 2026-01-31 18:21:35.459291
2026-01-31 18:21:35,474 | INFO | Doing Productive work at:2026-01-31 18:21:35.459291
2026-01-31 18:21:35,515 | INFO | Current State is True
2026-01-31 18:21:35,521 | INFO | Attentive Eyes at 2026-01-31 18:21:35.492074
2026-01-31 18:21:35,521 | INFO | Doing Productive work at:2026-01-31 18:21:35.492074
2026-01-31 18:21:35,548 | INFO | Current State is True
2026-01-31 18:21:35,554 | INFO | Attentive Eyes at 2026-01-31 18:21:35.528897
2026-01-31 18:21:35,554 | INFO | Doing Productive work at:2026-01-31 18:21:35.528897
2026-01-31 18:21:35,578 | INFO | Current State is True
2026-01-31 18:21:35,584 | INFO | Attentive Eyes at 2026-01-31 18:21:35.561487
2026-01-31 18:21:35,584 | INFO | Doing Productive work at:2026-01-31 18:21:35.561487
2026-01-31 18:21:35,625 | INFO | Current State is True
2026-01-31 18:21:35,631 | INFO | Attentive Eyes at 2026-01-31 18:21:35.601836
2026-01-31 18:21:35,631 | INFO | Doing Productive work at:2026-01-31 18:21:35.601836
2026-01-31 18:21:35,658 | INFO | Current State is True
2026-01-31 18:21:35,664 | INFO | Attentive Eyes at 2026-01-31 18:21:35.639290
2026-01-31 18:21:35,664 | INFO | Doing Productive work at:2026-01-31 18:21:35.639290
2026-01-31 18:21:35,687 | INFO | Current State is True
2026-01-31 18:21:35,693 | INFO | Attentive Eyes at 2026-01-31 18:21:35.670384
2026-01-31 18:21:35,693 | INFO | Doing Productive work at:2026-01-31 18:21:35.670384
2026-01-31 18:21:35,720 | INFO | Current State is True
2026-01-31 18:21:35,725 | INFO | Attentive Eyes at 2026-01-31 18:21:35.700739
2026-01-31 18:21:35,725 | INFO | Doing Productive work at:2026-01-31 18:21:35.700739
2026-01-31 18:21:35,752 | INFO | Current State is True
2026-01-31 18:21:35,757 | INFO | Attentive Eyes at 2026-01-31 18:21:35.731340
2026-01-31 18:21:35,757 | INFO | Doing Productive work at:2026-01-31 18:21:35.731340
2026-01-31 18:21:35,783 | INFO | Current State is True
2026-01-31 18:21:35,788 | INFO | Attentive Eyes at 2026-01-31 18:21:35.764803
2026-01-31 18:21:35,788 | INFO | Doing Productive work at:2026-01-31 18:21:35.764803
2026-01-31 18:21:35,814 | INFO | Current State is True
2026-01-31 18:21:35,818 | INFO | Attentive Eyes at 2026-01-31 18:21:35.796928
2026-01-31 18:21:35,818 | INFO | Doing Productive work at:2026-01-31 18:21:35.796928
2026-01-31 18:21:35,844 | INFO | Current State is True
2026-01-31 18:21:35,850 | INFO | Attentive Eyes at 2026-01-31 18:21:35.825215
2026-01-31 18:21:35,850 | INFO | Doing Productive work at:2026-01-31 18:21:35.825215
2026-01-31 18:21:35,877 | INFO | Current State is True
2026-01-31 18:21:35,882 | INFO | Attentive Eyes at 2026-01-31 18:21:35.857977
2026-01-31 18:21:35,882 | INFO | Doing Productive work at:2026-01-31 18:21:35.857977
2026-01-31 18:21:35,908 | INFO | Current State is True
2026-01-31 18:21:35,913 | INFO | Attentive Eyes at 2026-01-31 18:21:35.892150
2026-01-31 18:21:35,913 | INFO | Doing Productive work at:2026-01-31 18:21:35.892150
2026-01-31 18:21:35,938 | INFO | Current State is True
2026-01-31 18:21:35,945 | INFO | Attentive Eyes at 2026-01-31 18:21:35.921480
2026-01-31 18:21:35,945 | INFO | Doing Productive work at:2026-01-31 18:21:35.921480
2026-01-31 18:21:35,971 | INFO | Current State is True
2026-01-31 18:21:35,976 | INFO | Attentive Eyes at 2026-01-31 18:21:35.954086
2026-01-31 18:21:35,976 | INFO | Doing Productive work at:2026-01-31 18:21:35.954086
2026-01-31 18:21:36,003 | INFO | Current State is True
2026-01-31 18:21:36,008 | INFO | Attentive Eyes at 2026-01-31 18:21:35.985727
2026-01-31 18:21:36,008 | INFO | Doing Productive work at:2026-01-31 18:21:35.985727
2026-01-31 18:21:36,050 | INFO | Current State is True
2026-01-31 18:21:36,055 | INFO | Attentive Eyes at 2026-01-31 18:21:36.033933
2026-01-31 18:21:36,055 | INFO | Doing Productive work at:2026-01-31 18:21:36.033933
2026-01-31 18:21:36,082 | INFO | Current State is True
2026-01-31 18:21:36,086 | INFO | Attentive Eyes at 2026-01-31 18:21:36.062923
2026-01-31 18:21:36,086 | INFO | Doing Productive work at:2026-01-31 18:21:36.062923
2026-01-31 18:21:36,113 | INFO | Current State is True
2026-01-31 18:21:36,118 | INFO | Attentive Eyes at 2026-01-31 18:21:36.092975
2026-01-31 18:21:36,118 | INFO | Doing Productive work at:2026-01-31 18:21:36.092975
2026-01-31 18:21:36,144 | INFO | Current State is True
2026-01-31 18:21:36,150 | INFO | Attentive Eyes at 2026-01-31 18:21:36.125606
2026-01-31 18:21:36,150 | INFO | Doing Productive work at:2026-01-31 18:21:36.125606
2026-01-31 18:21:36,175 | INFO | Current State is True
2026-01-31 18:21:36,181 | INFO | Attentive Eyes at 2026-01-31 18:21:36.158167
2026-01-31 18:21:36,181 | INFO | Doing Productive work at:2026-01-31 18:21:36.158167
2026-01-31 18:21:36,205 | INFO | Current State is True
2026-01-31 18:21:36,210 | INFO | Attentive Eyes at 2026-01-31 18:21:36.188281
2026-01-31 18:21:36,210 | INFO | Doing Productive work at:2026-01-31 18:21:36.188281
2026-01-31 18:21:36,252 | INFO | Current State is True
2026-01-31 18:21:36,256 | INFO | Attentive Eyes at 2026-01-31 18:21:36.230497
2026-01-31 18:21:36,256 | INFO | Doing Productive work at:2026-01-31 18:21:36.230497
2026-01-31 18:21:36,283 | INFO | Current State is True
2026-01-31 18:21:36,288 | INFO | Attentive Eyes at 2026-01-31 18:21:36.263524
2026-01-31 18:21:36,288 | INFO | Doing Productive work at:2026-01-31 18:21:36.263524
2026-01-31 18:21:36,315 | INFO | Current State is True
2026-01-31 18:21:36,320 | INFO | Attentive Eyes at 2026-01-31 18:21:36.295629
2026-01-31 18:21:36,320 | INFO | Doing Productive work at:2026-01-31 18:21:36.295629
2026-01-31 18:21:36,345 | INFO | Current State is True
2026-01-31 18:21:36,351 | INFO | Attentive Eyes at 2026-01-31 18:21:36.326717
2026-01-31 18:21:36,351 | INFO | Doing Productive work at:2026-01-31 18:21:36.326717
2026-01-31 18:21:36,377 | INFO | Current State is True
2026-01-31 18:21:36,383 | INFO | Attentive Eyes at 2026-01-31 18:21:36.356798
2026-01-31 18:21:36,383 | INFO | Doing Productive work at:2026-01-31 18:21:36.356798
2026-01-31 18:21:36,410 | INFO | Current State is True
2026-01-31 18:21:36,415 | INFO | Attentive Eyes at 2026-01-31 18:21:36.391487
2026-01-31 18:21:36,415 | INFO | Doing Productive work at:2026-01-31 18:21:36.391487
2026-01-31 18:21:36,440 | INFO | Current State is True
2026-01-31 18:21:36,444 | INFO | Attentive Eyes at 2026-01-31 18:21:36.422160
2026-01-31 18:21:36,444 | INFO | Doing Productive work at:2026-01-31 18:21:36.422160
2026-01-31 18:21:36,486 | INFO | Current State is True
2026-01-31 18:21:36,493 | INFO | Attentive Eyes at 2026-01-31 18:21:36.466693
2026-01-31 18:21:36,493 | INFO | Doing Productive work at:2026-01-31 18:21:36.466693
2026-01-31 18:21:36,518 | INFO | Current State is True
2026-01-31 18:21:36,523 | INFO | Attentive Eyes at 2026-01-31 18:21:36.499104
2026-01-31 18:21:36,523 | INFO | Doing Productive work at:2026-01-31 18:21:36.499104
2026-01-31 18:21:36,548 | INFO | Current State is True
2026-01-31 18:21:36,553 | INFO | Attentive Eyes at 2026-01-31 18:21:36.529293
2026-01-31 18:21:36,553 | INFO | Doing Productive work at:2026-01-31 18:21:36.529293
2026-01-31 18:21:36,580 | INFO | Current State is True
2026-01-31 18:21:36,586 | INFO | Attentive Eyes at 2026-01-31 18:21:36.560396
2026-01-31 18:21:36,586 | INFO | Doing Productive work at:2026-01-31 18:21:36.560396
2026-01-31 18:21:36,611 | INFO | Current State is True
2026-01-31 18:21:36,616 | INFO | Attentive Eyes at 2026-01-31 18:21:36.590396
2026-01-31 18:21:36,616 | INFO | Doing Productive work at:2026-01-31 18:21:36.590396
2026-01-31 18:21:36,641 | INFO | Current State is True
2026-01-31 18:21:36,647 | INFO | Attentive Eyes at 2026-01-31 18:21:36.626624
2026-01-31 18:21:36,647 | INFO | Doing Productive work at:2026-01-31 18:21:36.626624
2026-01-31 18:21:36,672 | INFO | Current State is True
2026-01-31 18:21:36,678 | INFO | Attentive Eyes at 2026-01-31 18:21:36.656636
2026-01-31 18:21:36,678 | INFO | Doing Productive work at:2026-01-31 18:21:36.656636
2026-01-31 18:21:36,703 | INFO | Current State is True
2026-01-31 18:21:36,708 | INFO | Attentive Eyes at 2026-01-31 18:21:36.690364
2026-01-31 18:21:36,708 | INFO | Doing Productive work at:2026-01-31 18:21:36.690364
2026-01-31 18:21:36,734 | INFO | Current State is True
2026-01-31 18:21:36,739 | INFO | Attentive Eyes at 2026-01-31 18:21:36.724383
2026-01-31 18:21:36,739 | INFO | Doing Productive work at:2026-01-31 18:21:36.724383
2026-01-31 18:21:36,766 | INFO | Current State is True
2026-01-31 18:21:36,771 | INFO | Attentive Eyes at 2026-01-31 18:21:36.753368
2026-01-31 18:21:36,772 | INFO | Doing Productive work at:2026-01-31 18:21:36.753368
2026-01-31 18:21:36,796 | INFO | Current State is True
2026-01-31 18:21:36,800 | INFO | Attentive Eyes at 2026-01-31 18:21:36.786511
2026-01-31 18:21:36,800 | INFO | Doing Productive work at:2026-01-31 18:21:36.786511
2026-01-31 18:21:36,843 | INFO | Current State is True
2026-01-31 18:21:36,848 | INFO | Attentive Eyes at 2026-01-31 18:21:36.818741
2026-01-31 18:21:36,848 | INFO | Doing Productive work at:2026-01-31 18:21:36.818741
2026-01-31 18:21:36,872 | INFO | Current State is True
2026-01-31 18:21:36,878 | INFO | Attentive Eyes at 2026-01-31 18:21:36.855220
2026-01-31 18:21:36,879 | INFO | Doing Productive work at:2026-01-31 18:21:36.855220
2026-01-31 18:21:36,917 | INFO | Doing Productive work at:2026-01-31 18:21:36.900162
2026-01-31 18:21:36,952 | INFO | Current State is True
2026-01-31 18:21:36,956 | INFO | Attentive Eyes at 2026-01-31 18:21:36.925143
2026-01-31 18:21:36,957 | INFO | Doing Productive work at:2026-01-31 18:21:36.925143
2026-01-31 18:21:36,980 | INFO | Current State is True
2026-01-31 18:21:36,986 | INFO | Attentive Eyes at 2026-01-31 18:21:36.964897
2026-01-31 18:21:36,986 | INFO | Doing Productive work at:2026-01-31 18:21:36.964897
2026-01-31 18:21:37,012 | INFO | Doing Productive work at:2026-01-31 18:21:36.993345
2026-01-31 18:21:37,048 | INFO | Current State is True
2026-01-31 18:21:37,053 | INFO | Attentive Eyes at 2026-01-31 18:21:37.024954
2026-01-31 18:21:37,053 | INFO | Doing Productive work at:2026-01-31 18:21:37.024954
2026-01-31 18:21:37,076 | INFO | Doing Productive work at:2026-01-31 18:21:37.061715
2026-01-31 18:21:37,109 | INFO | Current State is True
2026-01-31 18:21:37,115 | INFO | Attentive Eyes at 2026-01-31 18:21:37.090328
2026-01-31 18:21:37,115 | INFO | Doing Productive work at:2026-01-31 18:21:37.090328
2026-01-31 18:21:37,138 | INFO | Doing Productive work at:2026-01-31 18:21:37.121211
2026-01-31 18:21:37,170 | INFO | Doing Productive work at:2026-01-31 18:21:37.152190
2026-01-31 18:21:37,202 | INFO | Doing Productive work at:2026-01-31 18:21:37.185170
2026-01-31 18:21:37,234 | INFO | Current State is True
2026-01-31 18:21:37,240 | INFO | Attentive Eyes at 2026-01-31 18:21:37.218623
2026-01-31 18:21:37,240 | INFO | Doing Productive work at:2026-01-31 18:21:37.218623
2026-01-31 18:21:37,263 | INFO | Doing Productive work at:2026-01-31 18:21:37.249308
2026-01-31 18:21:37,297 | INFO | Doing Productive work at:2026-01-31 18:21:37.281289
2026-01-31 18:21:37,343 | INFO | Doing Productive work at:2026-01-31 18:21:37.330019
2026-01-31 18:21:37,374 | INFO | Doing Productive work at:2026-01-31 18:21:37.351908
2026-01-31 18:21:37,405 | INFO | Doing Productive work at:2026-01-31 18:21:37.381856
2026-01-31 18:21:37,438 | INFO | Doing Productive work at:2026-01-31 18:21:37.426556
2026-01-31 18:21:37,486 | INFO | Current State is True
2026-01-31 18:21:37,492 | INFO | Attentive Eyes at 2026-01-31 18:21:37.460177
2026-01-31 18:21:37,492 | INFO | Doing Productive work at:2026-01-31 18:21:37.460177
2026-01-31 18:21:37,514 | INFO | Doing Productive work at:2026-01-31 18:21:37.500205
2026-01-31 18:21:37,547 | INFO | Current State is True
2026-01-31 18:21:37,553 | INFO | Attentive Eyes at 2026-01-31 18:21:37.520306
2026-01-31 18:21:37,554 | INFO | Doing Productive work at:2026-01-31 18:21:37.520306
2026-01-31 18:21:37,575 | INFO | Current State is True
2026-01-31 18:21:37,582 | INFO | Attentive Eyes at 2026-01-31 18:21:37.562134
2026-01-31 18:21:37,582 | INFO | Doing Productive work at:2026-01-31 18:21:37.562134
2026-01-31 18:21:37,607 | INFO | Current State is True
2026-01-31 18:21:37,612 | INFO | Attentive Eyes at 2026-01-31 18:21:37.590105
2026-01-31 18:21:37,612 | INFO | Doing Productive work at:2026-01-31 18:21:37.590105
2026-01-31 18:21:37,638 | INFO | Doing Productive work at:2026-01-31 18:21:37.620501
2026-01-31 18:21:37,672 | INFO | Current State is True
2026-01-31 18:21:37,679 | INFO | Attentive Eyes at 2026-01-31 18:21:37.650145
2026-01-31 18:21:37,679 | INFO | Doing Productive work at:2026-01-31 18:21:37.650145
2026-01-31 18:21:37,701 | INFO | Current State is True
2026-01-31 18:21:37,707 | INFO | Attentive Eyes at 2026-01-31 18:21:37.686300
2026-01-31 18:21:37,707 | INFO | Doing Productive work at:2026-01-31 18:21:37.686300
2026-01-31 18:21:37,733 | INFO | Current State is True
2026-01-31 18:21:37,738 | INFO | Attentive Eyes at 2026-01-31 18:21:37.717107
2026-01-31 18:21:37,738 | INFO | Doing Productive work at:2026-01-31 18:21:37.717107
2026-01-31 18:21:37,781 | INFO | Current State is True
2026-01-31 18:21:37,787 | INFO | Attentive Eyes at 2026-01-31 18:21:37.762123
2026-01-31 18:21:37,787 | INFO | Doing Productive work at:2026-01-31 18:21:37.762123
2026-01-31 18:21:37,813 | INFO | Current State is True
2026-01-31 18:21:37,818 | INFO | Attentive Eyes at 2026-01-31 18:21:37.795004
2026-01-31 18:21:37,818 | INFO | Doing Productive work at:2026-01-31 18:21:37.795004
2026-01-31 18:21:37,843 | INFO | Current State is True
2026-01-31 18:21:37,848 | INFO | Attentive Eyes at 2026-01-31 18:21:37.825091
2026-01-31 18:21:37,848 | INFO | Doing Productive work at:2026-01-31 18:21:37.825091
2026-01-31 18:21:37,875 | INFO | Current State is True
2026-01-31 18:21:37,880 | INFO | Attentive Eyes at 2026-01-31 18:21:37.859161
2026-01-31 18:21:37,881 | INFO | Doing Productive work at:2026-01-31 18:21:37.859161
2026-01-31 18:21:37,907 | INFO | Current State is True
2026-01-31 18:21:37,912 | INFO | Attentive Eyes at 2026-01-31 18:21:37.891861
2026-01-31 18:21:37,912 | INFO | Doing Productive work at:2026-01-31 18:21:37.891861
2026-01-31 18:21:37,937 | INFO | Current State is True
2026-01-31 18:21:37,942 | INFO | Attentive Eyes at 2026-01-31 18:21:37.924259
2026-01-31 18:21:37,942 | INFO | Doing Productive work at:2026-01-31 18:21:37.924259
2026-01-31 18:21:37,969 | INFO | Current State is True
2026-01-31 18:21:37,974 | INFO | Attentive Eyes at 2026-01-31 18:21:37.953385
2026-01-31 18:21:37,974 | INFO | Doing Productive work at:2026-01-31 18:21:37.953385
2026-01-31 18:21:38,001 | INFO | Current State is True
2026-01-31 18:21:38,006 | INFO | Attentive Eyes at 2026-01-31 18:21:37.986205
2026-01-31 18:21:38,006 | INFO | Doing Productive work at:2026-01-31 18:21:37.986205
2026-01-31 18:21:38,032 | INFO | Current State is True
2026-01-31 18:21:38,037 | INFO | Attentive Eyes at 2026-01-31 18:21:38.017665
2026-01-31 18:21:38,037 | INFO | Doing Productive work at:2026-01-31 18:21:38.017665
2026-01-31 18:21:38,061 | INFO | Doing Productive work at:2026-01-31 18:21:38.052003
2026-01-31 18:21:38,096 | INFO | Doing Productive work at:2026-01-31 18:21:38.082992
2026-01-31 18:21:38,128 | INFO | Current State is True
2026-01-31 18:21:38,135 | INFO | Attentive Eyes at 2026-01-31 18:21:38.113222
2026-01-31 18:21:38,135 | INFO | Doing Productive work at:2026-01-31 18:21:38.113222
2026-01-31 18:21:38,158 | INFO | Current State is True
2026-01-31 18:21:38,162 | INFO | Doing Productive work at:2026-01-31 18:21:38.144689
2026-01-31 18:21:38,204 | INFO | Doing Productive work at:2026-01-31 18:21:38.194321
2026-01-31 18:21:38,254 | INFO | Doing Productive work at:2026-01-31 18:21:38.230104
2026-01-31 18:21:38,285 | INFO | Doing Productive work at:2026-01-31 18:21:38.261077
2026-01-31 18:21:38,317 | INFO | Current State is True
2026-01-31 18:21:38,324 | INFO | Doing Productive work at:2026-01-31 18:21:38.291948
2026-01-31 18:21:38,344 | INFO | Doing Productive work at:2026-01-31 18:21:38.332160
2026-01-31 18:21:38,377 | INFO | Doing Productive work at:2026-01-31 18:21:38.353378
2026-01-31 18:21:38,408 | INFO | Doing Productive work at:2026-01-31 18:21:38.388588
2026-01-31 18:21:38,440 | INFO | Doing Productive work at:2026-01-31 18:21:38.416780
2026-01-31 18:21:38,472 | INFO | Doing Productive work at:2026-01-31 18:21:38.449027
2026-01-31 18:21:38,503 | INFO | Doing Productive work at:2026-01-31 18:21:38.481712
2026-01-31 18:21:38,533 | INFO | Doing Productive work at:2026-01-31 18:21:38.512993
2026-01-31 18:21:38,564 | INFO | Doing Productive work at:2026-01-31 18:21:38.549490
2026-01-31 18:21:38,595 | INFO | Doing Productive work at:2026-01-31 18:21:38.576756
2026-01-31 18:21:38,640 | INFO | Doing Productive work at:2026-01-31 18:21:38.625987
2026-01-31 18:21:38,672 | INFO | Doing Productive work at:2026-01-31 18:21:38.657063
2026-01-31 18:21:38,704 | INFO | Doing Productive work at:2026-01-31 18:21:38.690712
2026-01-31 18:21:38,736 | INFO | Doing Productive work at:2026-01-31 18:21:38.721223
2026-01-31 18:21:38,764 | INFO | Doing Productive work at:2026-01-31 18:21:38.752326
2026-01-31 18:21:38,799 | INFO | Doing Productive work at:2026-01-31 18:21:38.785217
2026-01-31 18:21:38,828 | INFO | Doing Productive work at:2026-01-31 18:21:38.818040
2026-01-31 18:21:38,863 | INFO | Doing Productive work at:2026-01-31 18:21:38.850471
2026-01-31 18:21:38,909 | INFO | Doing Productive work at:2026-01-31 18:21:38.884330
2026-01-31 18:21:38,940 | INFO | Doing Productive work at:2026-01-31 18:21:38.916552
2026-01-31 18:21:38,953 | INFO | Doing Productive work at:2026-01-31 18:21:38.946244
2026-01-31 18:21:38,988 | INFO | Doing Productive work at:2026-01-31 18:21:38.977850
2026-01-31 18:21:39,035 | INFO | Doing Productive work at:2026-01-31 18:21:39.010216
2026-01-31 18:21:39,082 | INFO | Doing Productive work at:2026-01-31 18:21:39.060455
2026-01-31 18:21:39,113 | INFO | Doing Productive work at:2026-01-31 18:21:39.090434
2026-01-31 18:21:39,146 | INFO | Doing Productive work at:2026-01-31 18:21:39.122294
2026-01-31 18:21:39,176 | INFO | Doing Productive work at:2026-01-31 18:21:39.153805
2026-01-31 18:21:39,209 | INFO | Doing Productive work at:2026-01-31 18:21:39.185748
2026-01-31 18:21:39,238 | INFO | Doing Productive work at:2026-01-31 18:21:39.220433
2026-01-31 18:21:39,271 | INFO | Doing Productive work at:2026-01-31 18:21:39.250500
2026-01-31 18:21:39,303 | INFO | Doing Productive work at:2026-01-31 18:21:39.282288
2026-01-31 18:21:39,334 | INFO | Doing Productive work at:2026-01-31 18:21:39.313617
2026-01-31 18:21:39,366 | INFO | Doing Productive work at:2026-01-31 18:21:39.345023
2026-01-31 18:21:39,397 | INFO | Doing Productive work at:2026-01-31 18:21:39.381908
2026-01-31 18:21:39,430 | INFO | Doing Productive work at:2026-01-31 18:21:39.410274
2026-01-31 18:21:39,457 | INFO | Doing Productive work at:2026-01-31 18:21:39.443212
2026-01-31 18:21:39,506 | INFO | Doing Productive work at:2026-01-31 18:21:39.487509
2026-01-31 18:21:39,538 | INFO | Doing Productive work at:2026-01-31 18:21:39.521771
2026-01-31 18:21:39,566 | INFO | Doing Productive work at:2026-01-31 18:21:39.556874
2026-01-31 18:21:39,597 | INFO | Doing Productive work at:2026-01-31 18:21:39.586279
2026-01-31 18:21:39,632 | INFO | Doing Productive work at:2026-01-31 18:21:39.620358
2026-01-31 18:21:39,660 | INFO | Doing Productive work at:2026-01-31 18:21:39.650528
2026-01-31 18:21:39,694 | INFO | Doing Productive work at:2026-01-31 18:21:39.682116
2026-01-31 18:21:39,741 | INFO | Doing Productive work at:2026-01-31 18:21:39.717380
2026-01-31 18:21:39,774 | INFO | Doing Productive work at:2026-01-31 18:21:39.750499
2026-01-31 18:21:39,806 | INFO | Doing Productive work at:2026-01-31 18:21:39.782301
2026-01-31 18:21:39,835 | INFO | Doing Productive work at:2026-01-31 18:21:39.814143
2026-01-31 18:21:39,867 | INFO | Doing Productive work at:2026-01-31 18:21:39.843903
2026-01-31 18:21:39,898 | INFO | Doing Productive work at:2026-01-31 18:21:39.875494
2026-01-31 18:21:39,931 | INFO | Doing Productive work at:2026-01-31 18:21:39.919222
2026-01-31 18:21:39,978 | INFO | Doing Productive work at:2026-01-31 18:21:39.953716
2026-01-31 18:21:40,011 | INFO | Doing Productive work at:2026-01-31 18:21:39.986779
2026-01-31 18:21:40,040 | INFO | Doing Productive work at:2026-01-31 18:21:40.020132
2026-01-31 18:21:40,073 | INFO | Current State is True
2026-01-31 18:21:40,081 | INFO | Attentive Eyes at 2026-01-31 18:21:40.051309
2026-01-31 18:21:40,081 | INFO | Doing Productive work at:2026-01-31 18:21:40.051309
2026-01-31 18:21:40,101 | INFO | Doing Productive work at:2026-01-31 18:21:40.089911
2026-01-31 18:21:40,135 | INFO | Doing Productive work at:2026-01-31 18:21:40.116063
2026-01-31 18:21:40,169 | INFO | Current State is True
2026-01-31 18:21:40,174 | INFO | Distracted eyes at 2026-01-31 18:21:40.145673
2026-01-31 18:21:40,174 | INFO | Doing Productive work at:2026-01-31 18:21:40.145673
2026-01-31 18:21:40,197 | INFO | Current State is True
2026-01-31 18:21:40,202 | INFO | Distracted eyes at 2026-01-31 18:21:40.182789
2026-01-31 18:21:40,203 | INFO | Doing Productive work at:2026-01-31 18:21:40.182789
2026-01-31 18:21:40,229 | INFO | Current State is True
2026-01-31 18:21:40,234 | INFO | Distracted eyes at 2026-01-31 18:21:40.211794
2026-01-31 18:21:40,234 | INFO | Doing Productive work at:2026-01-31 18:21:40.211794
2026-01-31 18:21:40,260 | INFO | Current State is True
2026-01-31 18:21:40,267 | INFO | Distracted eyes at 2026-01-31 18:21:40.243260
2026-01-31 18:21:40,267 | INFO | Doing Productive work at:2026-01-31 18:21:40.243260
2026-01-31 18:21:40,293 | INFO | Current State is True
2026-01-31 18:21:40,298 | INFO | Distracted eyes at 2026-01-31 18:21:40.275277
2026-01-31 18:21:40,298 | INFO | Doing Productive work at:2026-01-31 18:21:40.275277
2026-01-31 18:21:40,323 | INFO | Current State is True
2026-01-31 18:21:40,328 | INFO | Distracted eyes at 2026-01-31 18:21:40.306162
2026-01-31 18:21:40,328 | INFO | Doing Productive work at:2026-01-31 18:21:40.306162
2026-01-31 18:21:40,372 | INFO | Current State is True
2026-01-31 18:21:40,376 | INFO | Distracted eyes at 2026-01-31 18:21:40.355554
2026-01-31 18:21:40,376 | INFO | Doing Productive work at:2026-01-31 18:21:40.355554
2026-01-31 18:21:40,401 | INFO | Doing Productive work at:2026-01-31 18:21:40.387673
2026-01-31 18:21:40,436 | INFO | Doing Productive work at:2026-01-31 18:21:40.417292
2026-01-31 18:21:40,467 | INFO | Current State is True
2026-01-31 18:21:40,473 | INFO | Distracted eyes at 2026-01-31 18:21:40.450384
2026-01-31 18:21:40,473 | INFO | Doing Productive work at:2026-01-31 18:21:40.450384
2026-01-31 18:21:40,497 | INFO | Current State is True
2026-01-31 18:21:40,502 | INFO | Distracted eyes at 2026-01-31 18:21:40.481872
2026-01-31 18:21:40,502 | INFO | Doing Productive work at:2026-01-31 18:21:40.481872
2026-01-31 18:21:40,528 | INFO | Current State is True
2026-01-31 18:21:40,533 | INFO | Attentive Eyes at 2026-01-31 18:21:40.513048
2026-01-31 18:21:40,533 | INFO | Doing Productive work at:2026-01-31 18:21:40.513048
2026-01-31 18:21:40,560 | INFO | Current State is True
2026-01-31 18:21:40,564 | INFO | Attentive Eyes at 2026-01-31 18:21:40.549212
2026-01-31 18:21:40,564 | INFO | Doing Productive work at:2026-01-31 18:21:40.549212
2026-01-31 18:21:40,592 | INFO | Current State is True
2026-01-31 18:21:40,597 | INFO | Attentive Eyes at 2026-01-31 18:21:40.579180
2026-01-31 18:21:40,597 | INFO | Doing Productive work at:2026-01-31 18:21:40.579180
2026-01-31 18:21:40,623 | INFO | Current State is True
2026-01-31 18:21:40,628 | INFO | Attentive Eyes at 2026-01-31 18:21:40.609364
2026-01-31 18:21:40,628 | INFO | Doing Productive work at:2026-01-31 18:21:40.609364
2026-01-31 18:21:40,668 | INFO | Current State is True
2026-01-31 18:21:40,673 | INFO | Attentive Eyes at 2026-01-31 18:21:40.643220
2026-01-31 18:21:40,673 | INFO | Doing Productive work at:2026-01-31 18:21:40.643220
2026-01-31 18:21:40,698 | INFO | Current State is True
2026-01-31 18:21:40,704 | INFO | Attentive Eyes at 2026-01-31 18:21:40.678627
2026-01-31 18:21:40,704 | INFO | Doing Productive work at:2026-01-31 18:21:40.678627
2026-01-31 18:21:40,728 | INFO | Current State is True
2026-01-31 18:21:40,735 | INFO | Attentive Eyes at 2026-01-31 18:21:40.710338
2026-01-31 18:21:40,735 | INFO | Doing Productive work at:2026-01-31 18:21:40.710338
2026-01-31 18:21:40,761 | INFO | Current State is True
2026-01-31 18:21:40,767 | INFO | Attentive Eyes at 2026-01-31 18:21:40.743819
2026-01-31 18:21:40,767 | INFO | Doing Productive work at:2026-01-31 18:21:40.743819
2026-01-31 18:21:40,808 | INFO | Current State is True
2026-01-31 18:21:40,812 | INFO | Attentive Eyes at 2026-01-31 18:21:40.785008
2026-01-31 18:21:40,813 | INFO | Doing Productive work at:2026-01-31 18:21:40.785008
2026-01-31 18:21:40,838 | INFO | Current State is True
2026-01-31 18:21:40,843 | INFO | Attentive Eyes at 2026-01-31 18:21:40.821792
2026-01-31 18:21:40,843 | INFO | Doing Productive work at:2026-01-31 18:21:40.821792
2026-01-31 18:21:40,871 | INFO | Current State is True
2026-01-31 18:21:40,876 | INFO | Attentive Eyes at 2026-01-31 18:21:40.851939
2026-01-31 18:21:40,876 | INFO | Doing Productive work at:2026-01-31 18:21:40.851939
2026-01-31 18:21:40,902 | INFO | Current State is True
2026-01-31 18:21:40,907 | INFO | Attentive Eyes at 2026-01-31 18:21:40.884395
2026-01-31 18:21:40,907 | INFO | Doing Productive work at:2026-01-31 18:21:40.884395
2026-01-31 18:21:40,934 | INFO | Current State is True
2026-01-31 18:21:40,940 | INFO | Attentive Eyes at 2026-01-31 18:21:40.913116
2026-01-31 18:21:40,940 | INFO | Doing Productive work at:2026-01-31 18:21:40.913116
2026-01-31 18:21:40,964 | INFO | Current State is True
2026-01-31 18:21:40,970 | INFO | Attentive Eyes at 2026-01-31 18:21:40.948313
2026-01-31 18:21:40,970 | INFO | Doing Productive work at:2026-01-31 18:21:40.948313
2026-01-31 18:21:40,996 | INFO | Current State is True
2026-01-31 18:21:41,001 | INFO | Attentive Eyes at 2026-01-31 18:21:40.977936
2026-01-31 18:21:41,001 | INFO | Doing Productive work at:2026-01-31 18:21:40.977936
2026-01-31 18:21:41,027 | INFO | Current State is True
2026-01-31 18:21:41,032 | INFO | Attentive Eyes at 2026-01-31 18:21:41.010084
2026-01-31 18:21:41,033 | INFO | Doing Productive work at:2026-01-31 18:21:41.010084
2026-01-31 18:21:41,058 | INFO | Current State is True
2026-01-31 18:21:41,063 | INFO | Attentive Eyes at 2026-01-31 18:21:41.041707
2026-01-31 18:21:41,063 | INFO | Doing Productive work at:2026-01-31 18:21:41.041707
2026-01-31 18:21:41,088 | INFO | Current State is True
2026-01-31 18:21:41,094 | INFO | Attentive Eyes at 2026-01-31 18:21:41.073785
2026-01-31 18:21:41,094 | INFO | Doing Productive work at:2026-01-31 18:21:41.073785
2026-01-31 18:21:41,119 | INFO | Current State is True
2026-01-31 18:21:41,124 | INFO | Attentive Eyes at 2026-01-31 18:21:41.107058
2026-01-31 18:21:41,124 | INFO | Doing Productive work at:2026-01-31 18:21:41.107058
2026-01-31 18:21:41,151 | INFO | Current State is True
2026-01-31 18:21:41,156 | INFO | Attentive Eyes at 2026-01-31 18:21:41.137681
2026-01-31 18:21:41,156 | INFO | Doing Productive work at:2026-01-31 18:21:41.137681
2026-01-31 18:21:41,181 | INFO | Current State is True
2026-01-31 18:21:41,186 | INFO | Attentive Eyes at 2026-01-31 18:21:41.170945
2026-01-31 18:21:41,186 | INFO | Doing Productive work at:2026-01-31 18:21:41.170945
2026-01-31 18:21:41,244 | INFO | Current State is True
2026-01-31 18:21:41,250 | INFO | Attentive Eyes at 2026-01-31 18:21:41.220471
2026-01-31 18:21:41,250 | INFO | Doing Productive work at:2026-01-31 18:21:41.220471
2026-01-31 18:21:41,275 | INFO | Current State is True
2026-01-31 18:21:41,280 | INFO | Attentive Eyes at 2026-01-31 18:21:41.255777
2026-01-31 18:21:41,280 | INFO | Doing Productive work at:2026-01-31 18:21:41.255777
2026-01-31 18:21:41,306 | INFO | Current State is True
2026-01-31 18:21:41,311 | INFO | Attentive Eyes at 2026-01-31 18:21:41.287773
2026-01-31 18:21:41,311 | INFO | Doing Productive work at:2026-01-31 18:21:41.287773
2026-01-31 18:21:41,336 | INFO | Current State is True
2026-01-31 18:21:41,342 | INFO | Attentive Eyes at 2026-01-31 18:21:41.320295
2026-01-31 18:21:41,342 | INFO | Doing Productive work at:2026-01-31 18:21:41.320295
2026-01-31 18:21:41,367 | INFO | Current State is True
2026-01-31 18:21:41,374 | INFO | Attentive Eyes at 2026-01-31 18:21:41.348570
2026-01-31 18:21:41,374 | INFO | Doing Productive work at:2026-01-31 18:21:41.348570
2026-01-31 18:21:41,398 | INFO | Current State is True
2026-01-31 18:21:41,403 | INFO | Attentive Eyes at 2026-01-31 18:21:41.380408
2026-01-31 18:21:41,404 | INFO | Doing Productive work at:2026-01-31 18:21:41.380408
2026-01-31 18:21:41,428 | INFO | Current State is True
2026-01-31 18:21:41,434 | INFO | Attentive Eyes at 2026-01-31 18:21:41.412211
2026-01-31 18:21:41,435 | INFO | Doing Productive work at:2026-01-31 18:21:41.412211
2026-01-31 18:21:41,460 | INFO | Current State is True
2026-01-31 18:21:41,465 | INFO | Distracted eyes at 2026-01-31 18:21:41.442188
2026-01-31 18:21:41,465 | INFO | Doing Productive work at:2026-01-31 18:21:41.442188
2026-01-31 18:21:41,491 | INFO | Current State is True
2026-01-31 18:21:41,496 | INFO | Attentive Eyes at 2026-01-31 18:21:41.473032
2026-01-31 18:21:41,496 | INFO | Doing Productive work at:2026-01-31 18:21:41.473032
2026-01-31 18:21:41,523 | INFO | Current State is False
2026-01-31 18:21:41,523 | INFO | Doing Productive work at:2026-01-31 18:21:41.507367
2026-01-31 18:21:41,555 | INFO | Current State is False
2026-01-31 18:21:41,555 | INFO | Doing Productive work at:2026-01-31 18:21:41.540896
2026-01-31 18:21:41,586 | INFO | Current State is False
2026-01-31 18:21:41,586 | INFO | Doing Productive work at:2026-01-31 18:21:41.570094
2026-01-31 18:21:41,619 | INFO | Current State is False
2026-01-31 18:21:41,619 | INFO | Doing Productive work at:2026-01-31 18:21:41.603774
2026-01-31 18:21:41,665 | INFO | Current State is False
2026-01-31 18:21:41,665 | INFO | Doing Productive work at:2026-01-31 18:21:41.647129
2026-01-31 18:21:41,695 | INFO | Current State is False
2026-01-31 18:21:41,695 | INFO | Doing Productive work at:2026-01-31 18:21:41.683194
2026-01-31 18:21:41,742 | INFO | Current State is False
2026-01-31 18:21:41,742 | INFO | Doing Productive work at:2026-01-31 18:21:41.717824
2026-01-31 18:21:41,757 | INFO | Current State is False
2026-01-31 18:21:41,757 | INFO | Doing Productive work at:2026-01-31 18:21:41.747213
2026-01-31 18:21:41,787 | INFO | Current State is False
2026-01-31 18:21:41,787 | INFO | Doing Productive work at:2026-01-31 18:21:41.777237
2026-01-31 18:21:41,820 | INFO | Current State is False
2026-01-31 18:21:41,820 | INFO | Doing Productive work at:2026-01-31 18:21:41.808525
2026-01-31 18:21:41,850 | INFO | Current State is False
2026-01-31 18:21:41,850 | INFO | Doing Productive work at:2026-01-31 18:21:41.840783
2026-01-31 18:21:41,899 | INFO | Current State is False
2026-01-31 18:21:41,899 | INFO | Doing Productive work at:2026-01-31 18:21:41.876639
2026-01-31 18:21:41,915 | INFO | Current State is False
2026-01-31 18:21:41,915 | INFO | Doing Productive work at:2026-01-31 18:21:41.904870
2026-01-31 18:21:41,962 | INFO | Current State is False
2026-01-31 18:21:41,962 | INFO | Doing Productive work at:2026-01-31 18:21:41.937581
2026-01-31 18:21:41,994 | INFO | Current State is False
2026-01-31 18:21:41,994 | INFO | Doing Productive work at:2026-01-31 18:21:41.970494
2026-01-31 18:21:42,025 | INFO | Current State is False
2026-01-31 18:21:42,025 | INFO | Doing Productive work at:2026-01-31 18:21:42.002276
2026-01-31 18:21:42,056 | INFO | Current State is False
2026-01-31 18:21:42,056 | INFO | Doing Productive work at:2026-01-31 18:21:42.035249
2026-01-31 18:21:42,104 | INFO | Current State is False
2026-01-31 18:21:42,104 | INFO | Doing Productive work at:2026-01-31 18:21:42.081696
2026-01-31 18:21:42,135 | INFO | Current State is False
2026-01-31 18:21:42,135 | INFO | Doing Productive work at:2026-01-31 18:21:42.113225
2026-01-31 18:21:42,166 | INFO | Current State is False
2026-01-31 18:21:42,166 | INFO | Doing Productive work at:2026-01-31 18:21:42.146537
2026-01-31 18:21:42,198 | INFO | Current State is False
2026-01-31 18:21:42,198 | INFO | Doing Productive work at:2026-01-31 18:21:42.180110
2026-01-31 18:21:42,228 | INFO | Current State is False
2026-01-31 18:21:42,228 | INFO | Doing Productive work at:2026-01-31 18:21:42.210504
2026-01-31 18:21:42,261 | INFO | Current State is False
2026-01-31 18:21:42,261 | INFO | Doing Productive work at:2026-01-31 18:21:42.240528
2026-01-31 18:21:42,290 | INFO | Current State is False
2026-01-31 18:21:42,290 | INFO | Doing Productive work at:2026-01-31 18:21:42.273443
2026-01-31 18:21:42,323 | INFO | Current State is False
2026-01-31 18:21:42,323 | INFO | Doing Productive work at:2026-01-31 18:21:42.304850
2026-01-31 18:21:42,353 | INFO | Current State is False
2026-01-31 18:21:42,353 | INFO | Doing Productive work at:2026-01-31 18:21:42.338835
2026-01-31 18:21:42,382 | INFO | Current State is False
2026-01-31 18:21:42,382 | INFO | Doing Productive work at:2026-01-31 18:21:42.372413
2026-01-31 18:21:42,414 | INFO | Current State is False
2026-01-31 18:21:42,414 | INFO | Doing Productive work at:2026-01-31 18:21:42.401335
2026-01-31 18:21:42,445 | INFO | Current State is False
2026-01-31 18:21:42,445 | INFO | Doing Productive work at:2026-01-31 18:21:42.435620
2026-01-31 18:21:42,477 | INFO | Current State is False
2026-01-31 18:21:42,477 | INFO | Doing Productive work at:2026-01-31 18:21:42.467565
2026-01-31 18:21:42,525 | INFO | Current State is False
2026-01-31 18:21:42,525 | INFO | Doing Productive work at:2026-01-31 18:21:42.513682
2026-01-31 18:21:42,570 | INFO | Current State is False
2026-01-31 18:21:42,570 | INFO | Doing Productive work at:2026-01-31 18:21:42.550347
2026-01-31 18:21:42,601 | INFO | Current State is False
2026-01-31 18:21:42,601 | INFO | Doing Productive work at:2026-01-31 18:21:42.579431
2026-01-31 18:21:42,633 | INFO | Current State is False
2026-01-31 18:21:42,633 | INFO | Doing Productive work at:2026-01-31 18:21:42.608989
2026-01-31 18:21:42,661 | INFO | Current State is False
2026-01-31 18:21:42,661 | INFO | Doing Productive work at:2026-01-31 18:21:42.641310
2026-01-31 18:21:42,694 | INFO | Current State is False
2026-01-31 18:21:42,694 | INFO | Doing Productive work at:2026-01-31 18:21:42.673542
2026-01-31 18:21:42,724 | INFO | Current State is False
2026-01-31 18:21:42,724 | INFO | Doing Productive work at:2026-01-31 18:21:42.710211
2026-01-31 18:21:42,755 | INFO | Current State is False
2026-01-31 18:21:42,755 | INFO | Doing Productive work at:2026-01-31 18:21:42.739035
2026-01-31 18:21:42,785 | INFO | Current State is False
2026-01-31 18:21:42,786 | INFO | Doing Productive work at:2026-01-31 18:21:42.770113
2026-01-31 18:21:42,817 | INFO | Current State is False
2026-01-31 18:21:42,817 | INFO | Doing Productive work at:2026-01-31 18:21:42.802164
2026-01-31 18:21:42,848 | INFO | Current State is False
2026-01-31 18:21:42,848 | INFO | Doing Productive work at:2026-01-31 18:21:42.835502
2026-01-31 18:21:42,880 | INFO | Current State is False
2026-01-31 18:21:42,880 | INFO | Doing Productive work at:2026-01-31 18:21:42.870371
2026-01-31 18:21:42,912 | INFO | Current State is False
2026-01-31 18:21:42,912 | INFO | Doing Productive work at:2026-01-31 18:21:42.900526
2026-01-31 18:21:42,958 | INFO | Current State is False
2026-01-31 18:21:42,958 | INFO | Doing Productive work at:2026-01-31 18:21:42.946103
2026-01-31 18:21:42,988 | INFO | Current State is False
2026-01-31 18:21:42,988 | INFO | Doing Productive work at:2026-01-31 18:21:42.978581
2026-01-31 18:21:43,036 | INFO | Current State is False
2026-01-31 18:21:43,036 | INFO | Doing Productive work at:2026-01-31 18:21:43.010330
2026-01-31 18:21:43,066 | INFO | Current State is False
2026-01-31 18:21:43,066 | INFO | Doing Productive work at:2026-01-31 18:21:43.044079
2026-01-31 18:21:43,097 | INFO | Current State is False
2026-01-31 18:21:43,097 | INFO | Doing Productive work at:2026-01-31 18:21:43.072935
2026-01-31 18:21:43,128 | INFO | Current State is False
2026-01-31 18:21:43,128 | INFO | Doing Productive work at:2026-01-31 18:21:43.106235
2026-01-31 18:21:43,160 | INFO | Current State is False
2026-01-31 18:21:43,160 | INFO | Doing Productive work at:2026-01-31 18:21:43.137028
2026-01-31 18:21:43,191 | INFO | Current State is False
2026-01-31 18:21:43,191 | INFO | Doing Productive work at:2026-01-31 18:21:43.170325
2026-01-31 18:21:43,223 | INFO | Current State is False
2026-01-31 18:21:43,223 | INFO | Doing Productive work at:2026-01-31 18:21:43.204066
2026-01-31 18:21:43,255 | INFO | Current State is False
2026-01-31 18:21:43,255 | INFO | Doing Productive work at:2026-01-31 18:21:43.237111
2026-01-31 18:21:43,285 | INFO | Current State is False
2026-01-31 18:21:43,285 | INFO | Doing Productive work at:2026-01-31 18:21:43.266656
2026-01-31 18:21:43,315 | INFO | Current State is False
2026-01-31 18:21:43,315 | INFO | Doing Productive work at:2026-01-31 18:21:43.298217
2026-01-31 18:21:43,346 | INFO | Current State is False
2026-01-31 18:21:43,346 | INFO | Doing Productive work at:2026-01-31 18:21:43.331004
2026-01-31 18:21:43,394 | INFO | Current State is False
2026-01-31 18:21:43,394 | INFO | Doing Productive work at:2026-01-31 18:21:43.382047
2026-01-31 18:21:43,424 | INFO | Current State is False
2026-01-31 18:21:43,424 | INFO | Doing Productive work at:2026-01-31 18:21:43.410705
2026-01-31 18:21:43,457 | INFO | Current State is False
2026-01-31 18:21:43,457 | INFO | Doing Productive work at:2026-01-31 18:21:43.443875
2026-01-31 18:21:43,490 | INFO | Current State is False
2026-01-31 18:21:43,490 | INFO | Doing Productive work at:2026-01-31 18:21:43.474634
2026-01-31 18:21:43,521 | INFO | Current State is False
2026-01-31 18:21:43,521 | INFO | Doing Productive work at:2026-01-31 18:21:43.505322
2026-01-31 18:21:43,551 | INFO | Current State is False
2026-01-31 18:21:43,551 | INFO | Doing Productive work at:2026-01-31 18:21:43.540605
2026-01-31 18:21:43,582 | INFO | Current State is False
2026-01-31 18:21:43,582 | INFO | Doing Productive work at:2026-01-31 18:21:43.570346
2026-01-31 18:21:43,613 | INFO | Current State is False
2026-01-31 18:21:43,614 | INFO | Doing Productive work at:2026-01-31 18:21:43.603678
2026-01-31 18:21:43,644 | INFO | Current State is False
2026-01-31 18:21:43,644 | INFO | Doing Productive work at:2026-01-31 18:21:43.633284
2026-01-31 18:21:43,676 | INFO | Current State is False
2026-01-31 18:21:43,676 | INFO | Doing Productive work at:2026-01-31 18:21:43.666736
2026-01-31 18:21:43,723 | INFO | Current State is False
2026-01-31 18:21:43,723 | INFO | Doing Productive work at:2026-01-31 18:21:43.699575
2026-01-31 18:21:43,753 | INFO | Current State is False
2026-01-31 18:21:43,753 | INFO | Doing Productive work at:2026-01-31 18:21:43.730508
2026-01-31 18:21:43,784 | INFO | Current State is False
2026-01-31 18:21:43,784 | INFO | Doing Productive work at:2026-01-31 18:21:43.761862
2026-01-31 18:21:43,832 | INFO | Current State is False
2026-01-31 18:21:43,832 | INFO | Doing Productive work at:2026-01-31 18:21:43.810903
2026-01-31 18:21:43,863 | INFO | Current State is False
2026-01-31 18:21:43,863 | INFO | Doing Productive work at:2026-01-31 18:21:43.842771
2026-01-31 18:21:43,895 | INFO | Current State is False
2026-01-31 18:21:43,895 | INFO | Doing Productive work at:2026-01-31 18:21:43.876877
2026-01-31 18:21:43,926 | INFO | Current State is False
2026-01-31 18:21:43,926 | INFO | Doing Productive work at:2026-01-31 18:21:43.905247
2026-01-31 18:21:43,958 | INFO | Current State is False
2026-01-31 18:21:43,958 | INFO | Doing Productive work at:2026-01-31 18:21:43.938671
2026-01-31 18:21:43,987 | INFO | Current State is False
2026-01-31 18:21:43,987 | INFO | Doing Productive work at:2026-01-31 18:21:43.970050
2026-01-31 18:21:44,019 | INFO | Current State is False
2026-01-31 18:21:44,019 | INFO | Doing Productive work at:2026-01-31 18:21:44.000490
2026-01-31 18:21:44,050 | INFO | Current State is False
2026-01-31 18:21:44,050 | INFO | Doing Productive work at:2026-01-31 18:21:44.035257
2026-01-31 18:21:44,080 | INFO | Current State is False
2026-01-31 18:21:44,080 | INFO | Doing Productive work at:2026-01-31 18:21:44.068465
2026-01-31 18:21:44,112 | INFO | Current State is False
2026-01-31 18:21:44,112 | INFO | Doing Productive work at:2026-01-31 18:21:44.099113
2026-01-31 18:21:44,142 | INFO | Current State is False
2026-01-31 18:21:44,142 | INFO | Doing Productive work at:2026-01-31 18:21:44.131811
2026-01-31 18:21:44,174 | INFO | Current State is False
2026-01-31 18:21:44,174 | INFO | Doing Productive work at:2026-01-31 18:21:44.162832
2026-01-31 18:21:44,208 | INFO | Current State is False
2026-01-31 18:21:44,208 | INFO | Doing Productive work at:2026-01-31 18:21:44.195519
2026-01-31 18:21:44,254 | INFO | Current State is False
2026-01-31 18:21:44,254 | INFO | Doing Productive work at:2026-01-31 18:21:44.242159
2026-01-31 18:21:44,284 | INFO | Current State is False
2026-01-31 18:21:44,284 | INFO | Doing Productive work at:2026-01-31 18:21:44.273248
2026-01-31 18:21:44,316 | INFO | Current State is False
2026-01-31 18:21:44,316 | INFO | Doing Productive work at:2026-01-31 18:21:44.305208
2026-01-31 18:21:44,361 | INFO | Current State is False
2026-01-31 18:21:44,361 | INFO | Doing Productive work at:2026-01-31 18:21:44.340355
2026-01-31 18:21:44,395 | INFO | Current State is False
2026-01-31 18:21:44,395 | INFO | Doing Productive work at:2026-01-31 18:21:44.371879
2026-01-31 18:21:44,423 | INFO | Current State is False
2026-01-31 18:21:44,423 | INFO | Doing Productive work at:2026-01-31 18:21:44.401194
2026-01-31 18:21:44,455 | INFO | Current State is False
2026-01-31 18:21:44,455 | INFO | Doing Productive work at:2026-01-31 18:21:44.433840
2026-01-31 18:21:44,487 | INFO | Current State is False
2026-01-31 18:21:44,487 | INFO | Doing Productive work at:2026-01-31 18:21:44.468020
2026-01-31 18:21:44,518 | INFO | Current State is False
2026-01-31 18:21:44,518 | INFO | Doing Productive work at:2026-01-31 18:21:44.497210
2026-01-31 18:21:44,549 | INFO | Current State is False
2026-01-31 18:21:44,549 | INFO | Doing Productive work at:2026-01-31 18:21:44.532322
2026-01-31 18:21:44,580 | INFO | Current State is False
2026-01-31 18:21:44,580 | INFO | Doing Productive work at:2026-01-31 18:21:44.561783
2026-01-31 18:21:44,643 | INFO | Current State is False
2026-01-31 18:21:44,643 | INFO | Doing Productive work at:2026-01-31 18:21:44.623050
2026-01-31 18:21:44,672 | INFO | Current State is False
2026-01-31 18:21:44,672 | INFO | Doing Productive work at:2026-01-31 18:21:44.651369
2026-01-31 18:21:44,688 | INFO | Current State is False
2026-01-31 18:21:44,688 | INFO | Doing Productive work at:2026-01-31 18:21:44.678334
2026-01-31 18:21:44,718 | INFO | Current State is False
2026-01-31 18:21:44,718 | INFO | Doing Productive work at:2026-01-31 18:21:44.708467
2026-01-31 18:21:44,750 | INFO | Current State is False
2026-01-31 18:21:44,750 | INFO | Doing Productive work at:2026-01-31 18:21:44.737629
2026-01-31 18:21:44,781 | INFO | Current State is False
2026-01-31 18:21:44,781 | INFO | Doing Productive work at:2026-01-31 18:21:44.770632
2026-01-31 18:21:44,812 | INFO | Current State is False
2026-01-31 18:21:44,812 | INFO | Doing Productive work at:2026-01-31 18:21:44.801733
2026-01-31 18:21:44,845 | INFO | Current State is False
2026-01-31 18:21:44,845 | INFO | Doing Productive work at:2026-01-31 18:21:44.833874
2026-01-31 18:21:44,890 | INFO | Current State is False
2026-01-31 18:21:44,890 | INFO | Doing Productive work at:2026-01-31 18:21:44.867804
2026-01-31 18:21:44,922 | INFO | Current State is False
2026-01-31 18:21:44,922 | INFO | Doing Productive work at:2026-01-31 18:21:44.900099
2026-01-31 18:21:44,954 | INFO | Current State is False
2026-01-31 18:21:44,954 | INFO | Doing Productive work at:2026-01-31 18:21:44.930270
2026-01-31 18:21:44,984 | INFO | Current State is False
2026-01-31 18:21:44,984 | INFO | Doing Productive work at:2026-01-31 18:21:44.960147
2026-01-31 18:21:45,046 | INFO | Current State is False
2026-01-31 18:21:45,046 | INFO | Doing Productive work at:2026-01-31 18:21:45.030302
2026-01-31 18:21:45,077 | INFO | Current State is False
2026-01-31 18:21:45,077 | INFO | Doing Productive work at:2026-01-31 18:21:45.060143
2026-01-31 18:21:45,110 | INFO | Current State is False
2026-01-31 18:21:45,110 | INFO | Doing Productive work at:2026-01-31 18:21:45.086128
2026-01-31 18:21:45,140 | INFO | Current State is False
2026-01-31 18:21:45,140 | INFO | Doing Productive work at:2026-01-31 18:21:45.118357
2026-01-31 18:21:45,171 | INFO | Current State is False
2026-01-31 18:21:45,171 | INFO | Doing Productive work at:2026-01-31 18:21:45.147146
2026-01-31 18:21:45,202 | INFO | Current State is False
2026-01-31 18:21:45,202 | INFO | Doing Productive work at:2026-01-31 18:21:45.180365
2026-01-31 18:21:45,233 | INFO | Current State is False
2026-01-31 18:21:45,233 | INFO | Doing Productive work at:2026-01-31 18:21:45.210165
2026-01-31 18:21:45,264 | INFO | Current State is False
2026-01-31 18:21:45,264 | INFO | Doing Productive work at:2026-01-31 18:21:45.242229
2026-01-31 18:21:45,294 | INFO | Current State is False
2026-01-31 18:21:45,295 | INFO | Doing Productive work at:2026-01-31 18:21:45.272247
2026-01-31 18:21:45,325 | INFO | Current State is False
2026-01-31 18:21:45,325 | INFO | Doing Productive work at:2026-01-31 18:21:45.302074
2026-01-31 18:21:45,355 | INFO | Current State is False
2026-01-31 18:21:45,356 | INFO | Doing Productive work at:2026-01-31 18:21:45.331958
2026-01-31 18:21:45,387 | INFO | Current State is False
2026-01-31 18:21:45,387 | INFO | Doing Productive work at:2026-01-31 18:21:45.364321
2026-01-31 18:21:45,449 | INFO | Current State is False
2026-01-31 18:21:45,449 | INFO | Doing Productive work at:2026-01-31 18:21:45.428618
2026-01-31 18:21:45,481 | INFO | Current State is False
2026-01-31 18:21:45,481 | INFO | Doing Productive work at:2026-01-31 18:21:45.456533
2026-01-31 18:21:45,512 | INFO | Current State is False
2026-01-31 18:21:45,512 | INFO | Doing Productive work at:2026-01-31 18:21:45.488062
2026-01-31 18:21:45,542 | INFO | Current State is False
2026-01-31 18:21:45,542 | INFO | Doing Productive work at:2026-01-31 18:21:45.518225
2026-01-31 18:21:45,573 | INFO | Current State is False
2026-01-31 18:21:45,573 | INFO | Doing Productive work at:2026-01-31 18:21:45.549428
2026-01-31 18:21:45,603 | INFO | Current State is False
2026-01-31 18:21:45,603 | INFO | Doing Productive work at:2026-01-31 18:21:45.579050
2026-01-31 18:21:45,635 | INFO | Current State is False
2026-01-31 18:21:45,635 | INFO | Doing Productive work at:2026-01-31 18:21:45.611807
2026-01-31 18:21:45,665 | INFO | Current State is False
2026-01-31 18:21:45,666 | INFO | Doing Productive work at:2026-01-31 18:21:45.643491
2026-01-31 18:21:45,698 | INFO | Current State is False
2026-01-31 18:21:45,699 | INFO | Doing Productive work at:2026-01-31 18:21:45.675029
2026-01-31 18:21:45,729 | INFO | Current State is False
2026-01-31 18:21:45,729 | INFO | Doing Productive work at:2026-01-31 18:21:45.706380
2026-01-31 18:21:45,744 | INFO | Current State is False
2026-01-31 18:21:45,744 | INFO | Doing Productive work at:2026-01-31 18:21:45.734842
2026-01-31 18:21:45,776 | INFO | Current State is False
2026-01-31 18:21:45,776 | INFO | Doing Productive work at:2026-01-31 18:21:45.761853
2026-01-31 18:21:45,838 | INFO | Current State is False
2026-01-31 18:21:45,838 | INFO | Doing Productive work at:2026-01-31 18:21:45.826225
2026-01-31 18:21:45,884 | INFO | Current State is False
2026-01-31 18:21:45,885 | INFO | Doing Productive work at:2026-01-31 18:21:45.861656
2026-01-31 18:21:45,917 | INFO | Current State is False
2026-01-31 18:21:45,917 | INFO | Doing Productive work at:2026-01-31 18:21:45.893798
2026-01-31 18:21:45,949 | INFO | Current State is False
2026-01-31 18:21:45,949 | INFO | Doing Productive work at:2026-01-31 18:21:45.925354
2026-01-31 18:21:45,982 | INFO | Current State is False
2026-01-31 18:21:45,982 | INFO | Doing Productive work at:2026-01-31 18:21:45.956121
2026-01-31 18:21:46,013 | INFO | Current State is False
2026-01-31 18:21:46,013 | INFO | Doing Productive work at:2026-01-31 18:21:45.990367
2026-01-31 18:21:46,044 | INFO | Current State is False
2026-01-31 18:21:46,045 | INFO | Doing Productive work at:2026-01-31 18:21:46.020095
2026-01-31 18:21:46,076 | INFO | Current State is False
2026-01-31 18:21:46,076 | INFO | Doing Productive work at:2026-01-31 18:21:46.052932
2026-01-31 18:21:46,107 | INFO | Current State is False
2026-01-31 18:21:46,107 | INFO | Doing Productive work at:2026-01-31 18:21:46.083048
2026-01-31 18:21:46,139 | INFO | Current State is False
2026-01-31 18:21:46,139 | INFO | Doing Productive work at:2026-01-31 18:21:46.114325
2026-01-31 18:21:46,170 | INFO | Current State is False
2026-01-31 18:21:46,170 | INFO | Doing Productive work at:2026-01-31 18:21:46.147684
2026-01-31 18:21:46,202 | INFO | Current State is False
2026-01-31 18:21:46,202 | INFO | Doing Productive work at:2026-01-31 18:21:46.178828
2026-01-31 18:21:46,248 | INFO | Current State is False
2026-01-31 18:21:46,248 | INFO | Doing Productive work at:2026-01-31 18:21:46.226093
2026-01-31 18:21:46,279 | INFO | Current State is False
2026-01-31 18:21:46,279 | INFO | Doing Productive work at:2026-01-31 18:21:46.258230
2026-01-31 18:21:46,311 | INFO | Current State is False
2026-01-31 18:21:46,311 | INFO | Doing Productive work at:2026-01-31 18:21:46.288413
2026-01-31 18:21:46,342 | INFO | Current State is False
2026-01-31 18:21:46,342 | INFO | Doing Productive work at:2026-01-31 18:21:46.320388
2026-01-31 18:21:46,372 | INFO | Current State is False
2026-01-31 18:21:46,372 | INFO | Doing Productive work at:2026-01-31 18:21:46.351288
2026-01-31 18:21:46,402 | INFO | Current State is False
2026-01-31 18:21:46,403 | INFO | Doing Productive work at:2026-01-31 18:21:46.380637
2026-01-31 18:21:46,433 | INFO | Current State is False
2026-01-31 18:21:46,433 | INFO | Doing Productive work at:2026-01-31 18:21:46.410881
2026-01-31 18:21:46,464 | INFO | Current State is False
2026-01-31 18:21:46,464 | INFO | Doing Productive work at:2026-01-31 18:21:46.441830
2026-01-31 18:21:46,496 | INFO | Current State is False
2026-01-31 18:21:46,496 | INFO | Doing Productive work at:2026-01-31 18:21:46.472216
2026-01-31 18:21:46,527 | INFO | Current State is False
2026-01-31 18:21:46,527 | INFO | Doing Productive work at:2026-01-31 18:21:46.503590
2026-01-31 18:21:46,557 | INFO | Current State is False
2026-01-31 18:21:46,557 | INFO | Doing Productive work at:2026-01-31 18:21:46.534036
2026-01-31 18:21:46,588 | INFO | Current State is False
2026-01-31 18:21:46,588 | INFO | Doing Productive work at:2026-01-31 18:21:46.563460
2026-01-31 18:21:46,636 | INFO | Current State is False
2026-01-31 18:21:46,636 | INFO | Doing Productive work at:2026-01-31 18:21:46.624744
2026-01-31 18:21:46,681 | INFO | Current State is False
2026-01-31 18:21:46,681 | INFO | Doing Productive work at:2026-01-31 18:21:46.658800
2026-01-31 18:21:46,713 | INFO | Current State is False
2026-01-31 18:21:46,713 | INFO | Doing Productive work at:2026-01-31 18:21:46.692390
2026-01-31 18:21:46,744 | INFO | Current State is False
2026-01-31 18:21:46,744 | INFO | Doing Productive work at:2026-01-31 18:21:46.721951
2026-01-31 18:21:46,775 | INFO | Current State is False
2026-01-31 18:21:46,775 | INFO | Doing Productive work at:2026-01-31 18:21:46.755073
2026-01-31 18:21:46,806 | INFO | Current State is False
2026-01-31 18:21:46,806 | INFO | Doing Productive work at:2026-01-31 18:21:46.784447
2026-01-31 18:21:46,838 | INFO | Current State is False
2026-01-31 18:21:46,838 | INFO | Doing Productive work at:2026-01-31 18:21:46.814185
2026-01-31 18:21:46,870 | INFO | Current State is False
2026-01-31 18:21:46,870 | INFO | Doing Productive work at:2026-01-31 18:21:46.846346
2026-01-31 18:21:46,901 | INFO | Current State is True
2026-01-31 18:21:46,907 | INFO | Attentive Eyes at 2026-01-31 18:21:46.878812
2026-01-31 18:21:46,907 | INFO | Doing Productive work at:2026-01-31 18:21:46.878812
2026-01-31 18:21:46,933 | INFO | Current State is True
2026-01-31 18:21:46,939 | INFO | Attentive Eyes at 2026-01-31 18:21:46.914634
2026-01-31 18:21:46,939 | INFO | Doing Productive work at:2026-01-31 18:21:46.914634
2026-01-31 18:21:46,964 | INFO | Current State is True
2026-01-31 18:21:46,968 | INFO | Attentive Eyes at 2026-01-31 18:21:46.944953
2026-01-31 18:21:46,970 | INFO | Doing Productive work at:2026-01-31 18:21:46.944953
2026-01-31 18:21:46,994 | INFO | Current State is True
2026-01-31 18:21:46,998 | INFO | Attentive Eyes at 2026-01-31 18:21:46.977224
2026-01-31 18:21:46,998 | INFO | Doing Productive work at:2026-01-31 18:21:46.977224
2026-01-31 18:21:47,041 | INFO | Current State is True
2026-01-31 18:21:47,046 | INFO | Attentive Eyes at 2026-01-31 18:21:47.027126
2026-01-31 18:21:47,046 | INFO | Doing Productive work at:2026-01-31 18:21:47.027126
2026-01-31 18:21:47,072 | INFO | Current State is True
2026-01-31 18:21:47,076 | INFO | Attentive Eyes at 2026-01-31 18:21:47.058180
2026-01-31 18:21:47,078 | INFO | Doing Productive work at:2026-01-31 18:21:47.058180
2026-01-31 18:21:47,103 | INFO | Current State is True
2026-01-31 18:21:47,108 | INFO | Attentive Eyes at 2026-01-31 18:21:47.088249
2026-01-31 18:21:47,108 | INFO | Doing Productive work at:2026-01-31 18:21:47.088249
2026-01-31 18:21:47,134 | INFO | Current State is True
2026-01-31 18:21:47,139 | INFO | Attentive Eyes at 2026-01-31 18:21:47.120941
2026-01-31 18:21:47,139 | INFO | Doing Productive work at:2026-01-31 18:21:47.120941
2026-01-31 18:21:47,180 | INFO | Current State is True
2026-01-31 18:21:47,185 | INFO | Attentive Eyes at 2026-01-31 18:21:47.155898
2026-01-31 18:21:47,185 | INFO | Doing Productive work at:2026-01-31 18:21:47.155898
2026-01-31 18:21:47,210 | INFO | Current State is True
2026-01-31 18:21:47,215 | INFO | Attentive Eyes at 2026-01-31 18:21:47.191964
2026-01-31 18:21:47,216 | INFO | Doing Productive work at:2026-01-31 18:21:47.191964
2026-01-31 18:21:47,241 | INFO | Current State is True
2026-01-31 18:21:47,247 | INFO | Attentive Eyes at 2026-01-31 18:21:47.222127
2026-01-31 18:21:47,247 | INFO | Doing Productive work at:2026-01-31 18:21:47.222127
2026-01-31 18:21:47,274 | INFO | Current State is True
2026-01-31 18:21:47,278 | INFO | Attentive Eyes at 2026-01-31 18:21:47.253135
2026-01-31 18:21:47,279 | INFO | Doing Productive work at:2026-01-31 18:21:47.253135
2026-01-31 18:21:47,303 | INFO | Current State is True
2026-01-31 18:21:47,308 | INFO | Attentive Eyes at 2026-01-31 18:21:47.286748
2026-01-31 18:21:47,308 | INFO | Doing Productive work at:2026-01-31 18:21:47.286748
2026-01-31 18:21:47,335 | INFO | Current State is True
2026-01-31 18:21:47,341 | INFO | Attentive Eyes at 2026-01-31 18:21:47.315639
2026-01-31 18:21:47,342 | INFO | Doing Productive work at:2026-01-31 18:21:47.315639
2026-01-31 18:21:47,366 | INFO | Current State is True
2026-01-31 18:21:47,372 | INFO | Attentive Eyes at 2026-01-31 18:21:47.348334
2026-01-31 18:21:47,372 | INFO | Doing Productive work at:2026-01-31 18:21:47.348334
2026-01-31 18:21:47,396 | INFO | Current State is True
2026-01-31 18:21:47,402 | INFO | Attentive Eyes at 2026-01-31 18:21:47.378949
2026-01-31 18:21:47,402 | INFO | Doing Productive work at:2026-01-31 18:21:47.378949
2026-01-31 18:21:47,443 | INFO | Current State is True
2026-01-31 18:21:47,448 | INFO | Attentive Eyes at 2026-01-31 18:21:47.427997
2026-01-31 18:21:47,449 | INFO | Doing Productive work at:2026-01-31 18:21:47.427997
2026-01-31 18:21:47,474 | INFO | Current State is True
2026-01-31 18:21:47,481 | INFO | Attentive Eyes at 2026-01-31 18:21:47.459345
2026-01-31 18:21:47,481 | INFO | Doing Productive work at:2026-01-31 18:21:47.459345
2026-01-31 18:21:47,504 | INFO | Current State is True
2026-01-31 18:21:47,510 | INFO | Attentive Eyes at 2026-01-31 18:21:47.489375
2026-01-31 18:21:47,510 | INFO | Doing Productive work at:2026-01-31 18:21:47.489375
2026-01-31 18:21:47,536 | INFO | Current State is True
2026-01-31 18:21:47,541 | INFO | Attentive Eyes at 2026-01-31 18:21:47.522733
2026-01-31 18:21:47,541 | INFO | Doing Productive work at:2026-01-31 18:21:47.522733
2026-01-31 18:21:47,566 | INFO | Current State is True
2026-01-31 18:21:47,571 | INFO | Attentive Eyes at 2026-01-31 18:21:47.553459
2026-01-31 18:21:47,571 | INFO | Doing Productive work at:2026-01-31 18:21:47.553459
2026-01-31 18:21:47,597 | INFO | Current State is True
2026-01-31 18:21:47,603 | INFO | Attentive Eyes at 2026-01-31 18:21:47.585998
2026-01-31 18:21:47,603 | INFO | Doing Productive work at:2026-01-31 18:21:47.585998
2026-01-31 18:21:47,628 | INFO | Current State is True
2026-01-31 18:21:47,633 | INFO | Attentive Eyes at 2026-01-31 18:21:47.618666
2026-01-31 18:21:47,633 | INFO | Doing Productive work at:2026-01-31 18:21:47.618666
2026-01-31 18:21:47,673 | INFO | Current State is True
2026-01-31 18:21:47,678 | INFO | Attentive Eyes at 2026-01-31 18:21:47.650936
2026-01-31 18:21:47,680 | INFO | Doing Productive work at:2026-01-31 18:21:47.650936
2026-01-31 18:21:47,706 | INFO | Current State is True
2026-01-31 18:21:47,712 | INFO | Attentive Eyes at 2026-01-31 18:21:47.686937
2026-01-31 18:21:47,712 | INFO | Doing Productive work at:2026-01-31 18:21:47.686937
2026-01-31 18:21:47,736 | INFO | Current State is True
2026-01-31 18:21:47,741 | INFO | Attentive Eyes at 2026-01-31 18:21:47.720460
2026-01-31 18:21:47,742 | INFO | Doing Productive work at:2026-01-31 18:21:47.720460
2026-01-31 18:21:47,769 | INFO | Current State is True
2026-01-31 18:21:47,773 | INFO | Attentive Eyes at 2026-01-31 18:21:47.749268
2026-01-31 18:21:47,773 | INFO | Doing Productive work at:2026-01-31 18:21:47.749268
2026-01-31 18:21:47,800 | INFO | Current State is True
2026-01-31 18:21:47,805 | INFO | Attentive Eyes at 2026-01-31 18:21:47.781781
2026-01-31 18:21:47,805 | INFO | Doing Productive work at:2026-01-31 18:21:47.781781
2026-01-31 18:21:47,847 | INFO | Current State is True
2026-01-31 18:21:47,853 | INFO | Attentive Eyes at 2026-01-31 18:21:47.826714
2026-01-31 18:21:47,853 | INFO | Doing Productive work at:2026-01-31 18:21:47.826714
2026-01-31 18:21:47,877 | INFO | Current State is True
2026-01-31 18:21:47,882 | INFO | Attentive Eyes at 2026-01-31 18:21:47.861618
2026-01-31 18:21:47,883 | INFO | Doing Productive work at:2026-01-31 18:21:47.861618
2026-01-31 18:21:47,908 | INFO | Current State is True
2026-01-31 18:21:47,913 | INFO | Attentive Eyes at 2026-01-31 18:21:47.890969
2026-01-31 18:21:47,913 | INFO | Doing Productive work at:2026-01-31 18:21:47.890969
2026-01-31 18:21:47,938 | INFO | Current State is True
2026-01-31 18:21:47,943 | INFO | Attentive Eyes at 2026-01-31 18:21:47.922731
2026-01-31 18:21:47,943 | INFO | Doing Productive work at:2026-01-31 18:21:47.922731
2026-01-31 18:21:47,970 | INFO | Current State is True
2026-01-31 18:21:47,975 | INFO | Attentive Eyes at 2026-01-31 18:21:47.954363
2026-01-31 18:21:47,975 | INFO | Doing Productive work at:2026-01-31 18:21:47.954363
2026-01-31 18:21:48,001 | INFO | Current State is True
2026-01-31 18:21:48,007 | INFO | Attentive Eyes at 2026-01-31 18:21:47.985971
2026-01-31 18:21:48,007 | INFO | Doing Productive work at:2026-01-31 18:21:47.985971
2026-01-31 18:21:48,032 | INFO | Current State is True
2026-01-31 18:21:48,037 | INFO | Attentive Eyes at 2026-01-31 18:21:48.021108
2026-01-31 18:21:48,037 | INFO | Doing Productive work at:2026-01-31 18:21:48.021108
2026-01-31 18:21:48,064 | INFO | Current State is True
2026-01-31 18:21:48,068 | INFO | Attentive Eyes at 2026-01-31 18:21:48.050486
2026-01-31 18:21:48,068 | INFO | Doing Productive work at:2026-01-31 18:21:48.050486
2026-01-31 18:21:48,094 | INFO | Current State is True
2026-01-31 18:21:48,100 | INFO | Attentive Eyes at 2026-01-31 18:21:48.081809
2026-01-31 18:21:48,100 | INFO | Doing Productive work at:2026-01-31 18:21:48.081809
2026-01-31 18:21:48,126 | INFO | Current State is True
2026-01-31 18:21:48,132 | INFO | Attentive Eyes at 2026-01-31 18:21:48.109176
2026-01-31 18:21:48,132 | INFO | Doing Productive work at:2026-01-31 18:21:48.109176
2026-01-31 18:21:48,157 | INFO | Current State is True
2026-01-31 18:21:48,164 | INFO | Attentive Eyes at 2026-01-31 18:21:48.140223
2026-01-31 18:21:48,164 | INFO | Doing Productive work at:2026-01-31 18:21:48.140223
2026-01-31 18:21:48,190 | INFO | Current State is True
2026-01-31 18:21:48,195 | INFO | Distracted eyes at 2026-01-31 18:21:48.170374
2026-01-31 18:21:48,195 | INFO | Doing Productive work at:2026-01-31 18:21:48.170374
2026-01-31 18:21:48,237 | INFO | Current State is True
2026-01-31 18:21:48,242 | INFO | Distracted eyes at 2026-01-31 18:21:48.225524
2026-01-31 18:21:48,242 | INFO | Doing Productive work at:2026-01-31 18:21:48.225524
2026-01-31 18:21:48,266 | INFO | Current State is True
2026-01-31 18:21:48,271 | INFO | Distracted eyes at 2026-01-31 18:21:48.257222
2026-01-31 18:21:48,271 | INFO | Doing Productive work at:2026-01-31 18:21:48.257222
2026-01-31 18:21:48,297 | INFO | Current State is True
2026-01-31 18:21:48,304 | INFO | Distracted eyes at 2026-01-31 18:21:48.288608
2026-01-31 18:21:48,304 | INFO | Doing Productive work at:2026-01-31 18:21:48.288608
2026-01-31 18:21:48,330 | INFO | Current State is True
2026-01-31 18:21:48,335 | INFO | Attentive Eyes at 2026-01-31 18:21:48.320503
2026-01-31 18:21:48,335 | INFO | Doing Productive work at:2026-01-31 18:21:48.320503
2026-01-31 18:21:48,375 | INFO | Current State is True
2026-01-31 18:21:48,380 | INFO | Attentive Eyes at 2026-01-31 18:21:48.357310
2026-01-31 18:21:48,380 | INFO | Doing Productive work at:2026-01-31 18:21:48.357310
2026-01-31 18:21:48,407 | INFO | Current State is True
2026-01-31 18:21:48,412 | INFO | Attentive Eyes at 2026-01-31 18:21:48.389196
2026-01-31 18:21:48,413 | INFO | Doing Productive work at:2026-01-31 18:21:48.389196
2026-01-31 18:21:48,438 | INFO | Current State is True
2026-01-31 18:21:48,443 | INFO | Attentive Eyes at 2026-01-31 18:21:48.420099
2026-01-31 18:21:48,443 | INFO | Doing Productive work at:2026-01-31 18:21:48.420099
2026-01-31 18:21:48,467 | INFO | Current State is True
2026-01-31 18:21:48,473 | INFO | Attentive Eyes at 2026-01-31 18:21:48.451969
2026-01-31 18:21:48,473 | INFO | Doing Productive work at:2026-01-31 18:21:48.451969
2026-01-31 18:21:48,501 | INFO | Current State is True
2026-01-31 18:21:48,506 | INFO | Attentive Eyes at 2026-01-31 18:21:48.478891
2026-01-31 18:21:48,506 | INFO | Doing Productive work at:2026-01-31 18:21:48.478891
2026-01-31 18:21:48,531 | INFO | Current State is True
2026-01-31 18:21:48,536 | INFO | Attentive Eyes at 2026-01-31 18:21:48.516934
2026-01-31 18:21:48,536 | INFO | Doing Productive work at:2026-01-31 18:21:48.516934
2026-01-31 18:21:48,560 | INFO | Current State is True
2026-01-31 18:21:48,566 | INFO | Attentive Eyes at 2026-01-31 18:21:48.543916
2026-01-31 18:21:48,566 | INFO | Doing Productive work at:2026-01-31 18:21:48.543916
2026-01-31 18:21:48,592 | INFO | Current State is True
2026-01-31 18:21:48,597 | INFO | Attentive Eyes at 2026-01-31 18:21:48.573270
2026-01-31 18:21:48,598 | INFO | Doing Productive work at:2026-01-31 18:21:48.573270
2026-01-31 18:21:48,638 | INFO | Current State is True
2026-01-31 18:21:48,645 | INFO | Attentive Eyes at 2026-01-31 18:21:48.622259
2026-01-31 18:21:48,645 | INFO | Doing Productive work at:2026-01-31 18:21:48.622259
2026-01-31 18:21:48,670 | INFO | Current State is True
2026-01-31 18:21:48,675 | INFO | Attentive Eyes at 2026-01-31 18:21:48.658875
2026-01-31 18:21:48,675 | INFO | Doing Productive work at:2026-01-31 18:21:48.658875
2026-01-31 18:21:48,716 | INFO | Current State is True
2026-01-31 18:21:48,722 | INFO | Attentive Eyes at 2026-01-31 18:21:48.692273
2026-01-31 18:21:48,722 | INFO | Doing Productive work at:2026-01-31 18:21:48.692273
2026-01-31 18:21:48,747 | INFO | Current State is True
2026-01-31 18:21:48,752 | INFO | Attentive Eyes at 2026-01-31 18:21:48.730205
2026-01-31 18:21:48,753 | INFO | Doing Productive work at:2026-01-31 18:21:48.730205
2026-01-31 18:21:48,779 | INFO | Current State is True
2026-01-31 18:21:48,784 | INFO | Attentive Eyes at 2026-01-31 18:21:48.760689
2026-01-31 18:21:48,785 | INFO | Doing Productive work at:2026-01-31 18:21:48.760689
2026-01-31 18:21:48,810 | INFO | Current State is True
2026-01-31 18:21:48,815 | INFO | Attentive Eyes at 2026-01-31 18:21:48.791291
2026-01-31 18:21:48,815 | INFO | Doing Productive work at:2026-01-31 18:21:48.791291
2026-01-31 18:21:48,843 | INFO | Current State is True
2026-01-31 18:21:48,848 | INFO | Attentive Eyes at 2026-01-31 18:21:48.823454
2026-01-31 18:21:48,848 | INFO | Doing Productive work at:2026-01-31 18:21:48.823454
2026-01-31 18:21:48,872 | INFO | Current State is True
2026-01-31 18:21:48,876 | INFO | Attentive Eyes at 2026-01-31 18:21:48.854580
2026-01-31 18:21:48,877 | INFO | Doing Productive work at:2026-01-31 18:21:48.854580
2026-01-31 18:21:48,901 | INFO | Current State is True
2026-01-31 18:21:48,907 | INFO | Attentive Eyes at 2026-01-31 18:21:48.886397
2026-01-31 18:21:48,907 | INFO | Doing Productive work at:2026-01-31 18:21:48.886397
2026-01-31 18:21:48,934 | INFO | Current State is True
2026-01-31 18:21:48,939 | INFO | Attentive Eyes at 2026-01-31 18:21:48.915139
2026-01-31 18:21:48,939 | INFO | Doing Productive work at:2026-01-31 18:21:48.915139
2026-01-31 18:21:48,965 | INFO | Current State is True
2026-01-31 18:21:48,971 | INFO | Attentive Eyes at 2026-01-31 18:21:48.946939
2026-01-31 18:21:48,971 | INFO | Doing Productive work at:2026-01-31 18:21:48.946939
2026-01-31 18:21:48,996 | INFO | Current State is True
2026-01-31 18:21:49,002 | INFO | Attentive Eyes at 2026-01-31 18:21:48.980012
2026-01-31 18:21:49,003 | INFO | Doing Productive work at:2026-01-31 18:21:48.980012
2026-01-31 18:21:49,044 | INFO | Current State is True
2026-01-31 18:21:49,049 | INFO | Attentive Eyes at 2026-01-31 18:21:49.030246
2026-01-31 18:21:49,049 | INFO | Doing Productive work at:2026-01-31 18:21:49.030246
2026-01-31 18:21:49,076 | INFO | Current State is True
2026-01-31 18:21:49,081 | INFO | Attentive Eyes at 2026-01-31 18:21:49.058349
2026-01-31 18:21:49,081 | INFO | Doing Productive work at:2026-01-31 18:21:49.058349
2026-01-31 18:21:49,106 | INFO | Current State is True
2026-01-31 18:21:49,111 | INFO | Attentive Eyes at 2026-01-31 18:21:49.090134
2026-01-31 18:21:49,111 | INFO | Doing Productive work at:2026-01-31 18:21:49.090134
2026-01-31 18:21:49,138 | INFO | Current State is True
2026-01-31 18:21:49,143 | INFO | Attentive Eyes at 2026-01-31 18:21:49.122194
2026-01-31 18:21:49,143 | INFO | Doing Productive work at:2026-01-31 18:21:49.122194
2026-01-31 18:21:49,170 | INFO | Current State is True
2026-01-31 18:21:49,175 | INFO | Attentive Eyes at 2026-01-31 18:21:49.155321
2026-01-31 18:21:49,175 | INFO | Doing Productive work at:2026-01-31 18:21:49.155321
2026-01-31 18:21:49,201 | INFO | Current State is True
2026-01-31 18:21:49,206 | INFO | Attentive Eyes at 2026-01-31 18:21:49.189270
2026-01-31 18:21:49,206 | INFO | Doing Productive work at:2026-01-31 18:21:49.189270
2026-01-31 18:21:49,232 | INFO | Current State is True
2026-01-31 18:21:49,237 | INFO | Attentive Eyes at 2026-01-31 18:21:49.219351
2026-01-31 18:21:49,238 | INFO | Doing Productive work at:2026-01-31 18:21:49.219351
2026-01-31 18:21:49,265 | INFO | Current State is True
2026-01-31 18:21:49,270 | INFO | Attentive Eyes at 2026-01-31 18:21:49.250235
2026-01-31 18:21:49,270 | INFO | Doing Productive work at:2026-01-31 18:21:49.250235
2026-01-31 18:21:49,296 | INFO | Current State is True
2026-01-31 18:21:49,301 | INFO | Attentive Eyes at 2026-01-31 18:21:49.281663
2026-01-31 18:21:49,302 | INFO | Doing Productive work at:2026-01-31 18:21:49.281663
2026-01-31 18:21:49,327 | INFO | Current State is True
2026-01-31 18:21:49,332 | INFO | Attentive Eyes at 2026-01-31 18:21:49.316810
2026-01-31 18:21:49,332 | INFO | Doing Productive work at:2026-01-31 18:21:49.316810
2026-01-31 18:21:49,373 | INFO | Current State is True
2026-01-31 18:21:49,378 | INFO | Attentive Eyes at 2026-01-31 18:21:49.350210
2026-01-31 18:21:49,378 | INFO | Doing Productive work at:2026-01-31 18:21:49.350210
2026-01-31 18:21:49,407 | INFO | Current State is True
2026-01-31 18:21:49,413 | INFO | Attentive Eyes at 2026-01-31 18:21:49.386951
2026-01-31 18:21:49,413 | INFO | Doing Productive work at:2026-01-31 18:21:49.386951
2026-01-31 18:21:49,439 | INFO | Current State is True
2026-01-31 18:21:49,444 | INFO | Attentive Eyes at 2026-01-31 18:21:49.424970
2026-01-31 18:21:49,444 | INFO | Doing Productive work at:2026-01-31 18:21:49.424970
2026-01-31 18:21:49,469 | INFO | Current State is True
2026-01-31 18:21:49,474 | INFO | Attentive Eyes at 2026-01-31 18:21:49.459260
2026-01-31 18:21:49,474 | INFO | Doing Productive work at:2026-01-31 18:21:49.459260
2026-01-31 18:21:49,500 | INFO | Current State is True
2026-01-31 18:21:49,505 | INFO | Attentive Eyes at 2026-01-31 18:21:49.490447
2026-01-31 18:21:49,505 | INFO | Doing Productive work at:2026-01-31 18:21:49.490447
2026-01-31 18:21:49,532 | INFO | Current State is True
2026-01-31 18:21:49,536 | INFO | Attentive Eyes at 2026-01-31 18:21:49.522720
2026-01-31 18:21:49,537 | INFO | Doing Productive work at:2026-01-31 18:21:49.522720
2026-01-31 18:21:49,563 | INFO | Current State is True
2026-01-31 18:21:49,567 | INFO | Attentive Eyes at 2026-01-31 18:21:49.553578
2026-01-31 18:21:49,567 | INFO | Doing Productive work at:2026-01-31 18:21:49.553578
2026-01-31 18:21:49,610 | INFO | Current State is True
2026-01-31 18:21:49,616 | INFO | Attentive Eyes at 2026-01-31 18:21:49.588710
2026-01-31 18:21:49,616 | INFO | Doing Productive work at:2026-01-31 18:21:49.588710
2026-01-31 18:21:49,641 | INFO | Current State is True
2026-01-31 18:21:49,646 | INFO | Attentive Eyes at 2026-01-31 18:21:49.623346
2026-01-31 18:21:49,646 | INFO | Doing Productive work at:2026-01-31 18:21:49.623346
2026-01-31 18:21:49,672 | INFO | Current State is True
2026-01-31 18:21:49,678 | INFO | Attentive Eyes at 2026-01-31 18:21:49.653220
2026-01-31 18:21:49,678 | INFO | Doing Productive work at:2026-01-31 18:21:49.653220
2026-01-31 18:21:49,703 | INFO | Current State is True
2026-01-31 18:21:49,708 | INFO | Attentive Eyes at 2026-01-31 18:21:49.685156
2026-01-31 18:21:49,708 | INFO | Doing Productive work at:2026-01-31 18:21:49.685156
2026-01-31 18:21:49,733 | INFO | Current State is True
2026-01-31 18:21:49,739 | INFO | Attentive Eyes at 2026-01-31 18:21:49.715689
2026-01-31 18:21:49,740 | INFO | Doing Productive work at:2026-01-31 18:21:49.715689
2026-01-31 18:21:49,764 | INFO | Current State is True
2026-01-31 18:21:49,770 | INFO | Attentive Eyes at 2026-01-31 18:21:49.747536
2026-01-31 18:21:49,770 | INFO | Doing Productive work at:2026-01-31 18:21:49.747536
2026-01-31 18:21:49,795 | INFO | Current State is True
2026-01-31 18:21:49,800 | INFO | Attentive Eyes at 2026-01-31 18:21:49.778349
2026-01-31 18:21:49,800 | INFO | Doing Productive work at:2026-01-31 18:21:49.778349
2026-01-31 18:21:49,825 | INFO | Current State is True
2026-01-31 18:21:49,831 | INFO | Attentive Eyes at 2026-01-31 18:21:49.810173
2026-01-31 18:21:49,831 | INFO | Doing Productive work at:2026-01-31 18:21:49.810173
2026-01-31 18:21:49,872 | INFO | Current State is True
2026-01-31 18:21:49,877 | INFO | Attentive Eyes at 2026-01-31 18:21:49.861344
2026-01-31 18:21:49,877 | INFO | Doing Productive work at:2026-01-31 18:21:49.861344
2026-01-31 18:21:49,903 | INFO | Current State is True
2026-01-31 18:21:49,908 | INFO | Attentive Eyes at 2026-01-31 18:21:49.890296
2026-01-31 18:21:49,908 | INFO | Doing Productive work at:2026-01-31 18:21:49.890296
2026-01-31 18:21:49,933 | INFO | Current State is True
2026-01-31 18:21:49,938 | INFO | Attentive Eyes at 2026-01-31 18:21:49.921939
2026-01-31 18:21:49,938 | INFO | Doing Productive work at:2026-01-31 18:21:49.921939
2026-01-31 18:21:49,979 | INFO | Current State is True
2026-01-31 18:21:49,984 | INFO | Attentive Eyes at 2026-01-31 18:21:49.954157
2026-01-31 18:21:49,984 | INFO | Doing Productive work at:2026-01-31 18:21:49.954157
2026-01-31 18:21:50,009 | INFO | Current State is True
2026-01-31 18:21:50,015 | INFO | Attentive Eyes at 2026-01-31 18:21:49.992441
2026-01-31 18:21:50,015 | INFO | Doing Productive work at:2026-01-31 18:21:49.992441
2026-01-31 18:21:50,041 | INFO | Current State is True
2026-01-31 18:21:50,046 | INFO | Attentive Eyes at 2026-01-31 18:21:50.021356
2026-01-31 18:21:50,046 | INFO | Doing Productive work at:2026-01-31 18:21:50.021356
2026-01-31 18:21:50,072 | INFO | Current State is True
2026-01-31 18:21:50,078 | INFO | Attentive Eyes at 2026-01-31 18:21:50.054106
2026-01-31 18:21:50,078 | INFO | Doing Productive work at:2026-01-31 18:21:50.054106
2026-01-31 18:21:50,103 | INFO | Current State is True
2026-01-31 18:21:50,108 | INFO | Attentive Eyes at 2026-01-31 18:21:50.084814
2026-01-31 18:21:50,108 | INFO | Doing Productive work at:2026-01-31 18:21:50.084814
2026-01-31 18:21:50,134 | INFO | Current State is True
2026-01-31 18:21:50,140 | INFO | Attentive Eyes at 2026-01-31 18:21:50.115751
2026-01-31 18:21:50,140 | INFO | Doing Productive work at:2026-01-31 18:21:50.115751
2026-01-31 18:21:50,166 | INFO | Current State is True
2026-01-31 18:21:50,170 | INFO | Attentive Eyes at 2026-01-31 18:21:50.148916
2026-01-31 18:21:50,171 | INFO | Doing Productive work at:2026-01-31 18:21:50.148916
2026-01-31 18:21:50,198 | INFO | Current State is True
2026-01-31 18:21:50,203 | INFO | Attentive Eyes at 2026-01-31 18:21:50.181586
2026-01-31 18:21:50,203 | INFO | Doing Productive work at:2026-01-31 18:21:50.181586
2026-01-31 18:21:50,229 | INFO | Current State is True
2026-01-31 18:21:50,235 | INFO | Attentive Eyes at 2026-01-31 18:21:50.210203
2026-01-31 18:21:50,235 | INFO | Doing Productive work at:2026-01-31 18:21:50.210203
2026-01-31 18:21:50,275 | INFO | Current State is True
2026-01-31 18:21:50,281 | INFO | Attentive Eyes at 2026-01-31 18:21:50.259513
2026-01-31 18:21:50,281 | INFO | Doing Productive work at:2026-01-31 18:21:50.259513
2026-01-31 18:21:50,306 | INFO | Current State is True
2026-01-31 18:21:50,311 | INFO | Attentive Eyes at 2026-01-31 18:21:50.289516
2026-01-31 18:21:50,312 | INFO | Doing Productive work at:2026-01-31 18:21:50.289516
2026-01-31 18:21:50,338 | INFO | Current State is True
2026-01-31 18:21:50,342 | INFO | Attentive Eyes at 2026-01-31 18:21:50.320458
2026-01-31 18:21:50,342 | INFO | Doing Productive work at:2026-01-31 18:21:50.320458
2026-01-31 18:21:50,368 | INFO | Current State is True
2026-01-31 18:21:50,373 | INFO | Attentive Eyes at 2026-01-31 18:21:50.355965
2026-01-31 18:21:50,373 | INFO | Doing Productive work at:2026-01-31 18:21:50.355965
2026-01-31 18:21:50,398 | INFO | Current State is True
2026-01-31 18:21:50,404 | INFO | Attentive Eyes at 2026-01-31 18:21:50.385476
2026-01-31 18:21:50,404 | INFO | Doing Productive work at:2026-01-31 18:21:50.385476
2026-01-31 18:21:50,431 | INFO | Current State is True
2026-01-31 18:21:50,436 | INFO | Attentive Eyes at 2026-01-31 18:21:50.418784
2026-01-31 18:21:50,436 | INFO | Doing Productive work at:2026-01-31 18:21:50.418784
2026-01-31 18:21:50,462 | INFO | Current State is True
2026-01-31 18:21:50,466 | INFO | Attentive Eyes at 2026-01-31 18:21:50.450535
2026-01-31 18:21:50,467 | INFO | Doing Productive work at:2026-01-31 18:21:50.450535
2026-01-31 18:21:50,492 | INFO | Current State is True
2026-01-31 18:21:50,498 | INFO | Attentive Eyes at 2026-01-31 18:21:50.481189
2026-01-31 18:21:50,498 | INFO | Doing Productive work at:2026-01-31 18:21:50.481189
2026-01-31 18:21:50,539 | INFO | Current State is False
2026-01-31 18:21:50,539 | INFO | Doing Productive work at:2026-01-31 18:21:50.514894
2026-01-31 18:21:50,570 | INFO | Current State is False
2026-01-31 18:21:50,570 | INFO | Doing Productive work at:2026-01-31 18:21:50.547286
2026-01-31 18:21:50,602 | INFO | Current State is False
2026-01-31 18:21:50,602 | INFO | Doing Productive work at:2026-01-31 18:21:50.579084
2026-01-31 18:21:50,632 | INFO | Current State is False
2026-01-31 18:21:50,633 | INFO | Doing Productive work at:2026-01-31 18:21:50.610418
2026-01-31 18:21:50,666 | INFO | Current State is False
2026-01-31 18:21:50,666 | INFO | Doing Productive work at:2026-01-31 18:21:50.641827
2026-01-31 18:21:50,712 | INFO | Current State is False
2026-01-31 18:21:50,712 | INFO | Doing Productive work at:2026-01-31 18:21:50.692182
2026-01-31 18:21:50,744 | INFO | Current State is False
2026-01-31 18:21:50,744 | INFO | Doing Productive work at:2026-01-31 18:21:50.721960
2026-01-31 18:21:50,774 | INFO | Current State is False
2026-01-31 18:21:50,774 | INFO | Doing Productive work at:2026-01-31 18:21:50.753409
2026-01-31 18:21:50,805 | INFO | Current State is False
2026-01-31 18:21:50,805 | INFO | Doing Productive work at:2026-01-31 18:21:50.786203
2026-01-31 18:21:50,836 | INFO | Current State is False
2026-01-31 18:21:50,836 | INFO | Doing Productive work at:2026-01-31 18:21:50.817168
2026-01-31 18:21:50,868 | INFO | Current State is False
2026-01-31 18:21:50,868 | INFO | Doing Productive work at:2026-01-31 18:21:50.852337
2026-01-31 18:21:50,898 | INFO | Current State is False
2026-01-31 18:21:50,898 | INFO | Doing Productive work at:2026-01-31 18:21:50.883560
2026-01-31 18:21:50,930 | INFO | Current State is False
2026-01-31 18:21:50,930 | INFO | Doing Productive work at:2026-01-31 18:21:50.914933
2026-01-31 18:21:50,961 | INFO | Current State is False
2026-01-31 18:21:50,961 | INFO | Doing Productive work at:2026-01-31 18:21:50.946689
2026-01-31 18:21:50,992 | INFO | Current State is False
2026-01-31 18:21:50,992 | INFO | Doing Productive work at:2026-01-31 18:21:50.980163
2026-01-31 18:21:51,038 | INFO | Current State is False
2026-01-31 18:21:51,038 | INFO | Doing Productive work at:2026-01-31 18:21:51.013888
2026-01-31 18:21:51,069 | INFO | Current State is False
2026-01-31 18:21:51,069 | INFO | Doing Productive work at:2026-01-31 18:21:51.046226
2026-01-31 18:21:51,101 | INFO | Current State is False
2026-01-31 18:21:51,101 | INFO | Doing Productive work at:2026-01-31 18:21:51.076979
2026-01-31 18:21:51,133 | INFO | Current State is False
2026-01-31 18:21:51,133 | INFO | Doing Productive work at:2026-01-31 18:21:51.121032
2026-01-31 18:21:51,165 | INFO | Current State is False
2026-01-31 18:21:51,165 | INFO | Doing Productive work at:2026-01-31 18:21:51.154727
2026-01-31 18:21:51,210 | INFO | Current State is False
2026-01-31 18:21:51,210 | INFO | Doing Productive work at:2026-01-31 18:21:51.188752
2026-01-31 18:21:51,241 | INFO | Current State is False
2026-01-31 18:21:51,241 | INFO | Doing Productive work at:2026-01-31 18:21:51.219493
2026-01-31 18:21:51,274 | INFO | Current State is False
2026-01-31 18:21:51,274 | INFO | Doing Productive work at:2026-01-31 18:21:51.250330
2026-01-31 18:21:51,304 | INFO | Current State is False
2026-01-31 18:21:51,306 | INFO | Doing Productive work at:2026-01-31 18:21:51.281790
2026-01-31 18:21:51,336 | INFO | Current State is False
2026-01-31 18:21:51,337 | INFO | Doing Productive work at:2026-01-31 18:21:51.314230
2026-01-31 18:21:51,368 | INFO | Current State is False
2026-01-31 18:21:51,368 | INFO | Doing Productive work at:2026-01-31 18:21:51.350175
2026-01-31 18:21:51,400 | INFO | Current State is False
2026-01-31 18:21:51,400 | INFO | Doing Productive work at:2026-01-31 18:21:51.379275
2026-01-31 18:21:51,429 | INFO | Current State is False
2026-01-31 18:21:51,429 | INFO | Doing Productive work at:2026-01-31 18:21:51.410388
2026-01-31 18:21:51,461 | INFO | Current State is False
2026-01-31 18:21:51,461 | INFO | Doing Productive work at:2026-01-31 18:21:51.441305
2026-01-31 18:21:51,491 | INFO | Current State is False
2026-01-31 18:21:51,493 | INFO | Doing Productive work at:2026-01-31 18:21:51.474983
2026-01-31 18:21:51,522 | INFO | Current State is False
2026-01-31 18:21:51,522 | INFO | Doing Productive work at:2026-01-31 18:21:51.509245
2026-01-31 18:21:51,553 | INFO | Current State is False
2026-01-31 18:21:51,553 | INFO | Doing Productive work at:2026-01-31 18:21:51.540436
2026-01-31 18:21:51,599 | INFO | Current State is False
2026-01-31 18:21:51,599 | INFO | Doing Productive work at:2026-01-31 18:21:51.587335
2026-01-31 18:21:51,632 | INFO | Current State is False
2026-01-31 18:21:51,632 | INFO | Doing Productive work at:2026-01-31 18:21:51.617954
2026-01-31 18:21:51,662 | INFO | Current State is False
2026-01-31 18:21:51,662 | INFO | Doing Productive work at:2026-01-31 18:21:51.650632
2026-01-31 18:21:51,693 | INFO | Current State is False
2026-01-31 18:21:51,693 | INFO | Doing Productive work at:2026-01-31 18:21:51.683216
2026-01-31 18:21:51,723 | INFO | Current State is False
2026-01-31 18:21:51,723 | INFO | Doing Productive work at:2026-01-31 18:21:51.713794
2026-01-31 18:21:51,755 | INFO | Current State is False
2026-01-31 18:21:51,755 | INFO | Doing Productive work at:2026-01-31 18:21:51.745315
2026-01-31 18:21:51,803 | INFO | Current State is False
2026-01-31 18:21:51,804 | INFO | Doing Productive work at:2026-01-31 18:21:51.780097
2026-01-31 18:21:51,834 | INFO | Current State is False
2026-01-31 18:21:51,834 | INFO | Doing Productive work at:2026-01-31 18:21:51.810057
2026-01-31 18:21:51,866 | INFO | Current State is False
2026-01-31 18:21:51,866 | INFO | Doing Productive work at:2026-01-31 18:21:51.844869
2026-01-31 18:21:51,898 | INFO | Current State is False
2026-01-31 18:21:51,898 | INFO | Doing Productive work at:2026-01-31 18:21:51.873513
2026-01-31 18:21:51,930 | INFO | Current State is False
2026-01-31 18:21:51,930 | INFO | Doing Productive work at:2026-01-31 18:21:51.905254
2026-01-31 18:21:51,961 | INFO | Current State is False
2026-01-31 18:21:51,961 | INFO | Doing Productive work at:2026-01-31 18:21:51.936546
2026-01-31 18:21:51,992 | INFO | Current State is False
2026-01-31 18:21:51,992 | INFO | Doing Productive work at:2026-01-31 18:21:51.968089
2026-01-31 18:21:52,037 | INFO | Current State is False
2026-01-31 18:21:52,037 | INFO | Doing Productive work at:2026-01-31 18:21:52.022322
2026-01-31 18:21:52,068 | INFO | Current State is False
2026-01-31 18:21:52,068 | INFO | Doing Productive work at:2026-01-31 18:21:52.050410
2026-01-31 18:21:52,100 | INFO | Current State is False
2026-01-31 18:21:52,100 | INFO | Doing Productive work at:2026-01-31 18:21:52.081372
2026-01-31 18:21:52,131 | INFO | Current State is False
2026-01-31 18:21:52,132 | INFO | Doing Productive work at:2026-01-31 18:21:52.114250
2026-01-31 18:21:52,162 | INFO | Current State is False
2026-01-31 18:21:52,162 | INFO | Doing Productive work at:2026-01-31 18:21:52.146257
2026-01-31 18:21:52,194 | INFO | Current State is False
2026-01-31 18:21:52,194 | INFO | Doing Productive work at:2026-01-31 18:21:52.182299
2026-01-31 18:21:52,225 | INFO | Current State is False
2026-01-31 18:21:52,226 | INFO | Doing Productive work at:2026-01-31 18:21:52.210467
2026-01-31 18:21:52,256 | INFO | Current State is False
2026-01-31 18:21:52,257 | INFO | Doing Productive work at:2026-01-31 18:21:52.243039
2026-01-31 18:21:52,286 | INFO | Current State is False
2026-01-31 18:21:52,287 | INFO | Doing Productive work at:2026-01-31 18:21:52.274467
2026-01-31 18:21:52,317 | INFO | Current State is False
2026-01-31 18:21:52,317 | INFO | Doing Productive work at:2026-01-31 18:21:52.305392
2026-01-31 18:21:52,365 | INFO | Current State is False
2026-01-31 18:21:52,365 | INFO | Doing Productive work at:2026-01-31 18:21:52.341353
2026-01-31 18:21:52,395 | INFO | Current State is False
2026-01-31 18:21:52,395 | INFO | Doing Productive work at:2026-01-31 18:21:52.372283
2026-01-31 18:21:52,429 | INFO | Current State is False
2026-01-31 18:21:52,429 | INFO | Doing Productive work at:2026-01-31 18:21:52.404364
2026-01-31 18:21:52,473 | INFO | Current State is False
2026-01-31 18:21:52,473 | INFO | Doing Productive work at:2026-01-31 18:21:52.450609
2026-01-31 18:21:52,506 | INFO | Current State is False
2026-01-31 18:21:52,506 | INFO | Doing Productive work at:2026-01-31 18:21:52.481914
2026-01-31 18:21:52,536 | INFO | Current State is False
2026-01-31 18:21:52,536 | INFO | Doing Productive work at:2026-01-31 18:21:52.516088
2026-01-31 18:21:52,568 | INFO | Current State is False
2026-01-31 18:21:52,568 | INFO | Doing Productive work at:2026-01-31 18:21:52.547882
2026-01-31 18:21:52,598 | INFO | Current State is False
2026-01-31 18:21:52,598 | INFO | Doing Productive work at:2026-01-31 18:21:52.578723
2026-01-31 18:21:52,628 | INFO | Current State is False
2026-01-31 18:21:52,628 | INFO | Doing Productive work at:2026-01-31 18:21:52.610889
2026-01-31 18:21:52,660 | INFO | Current State is False
2026-01-31 18:21:52,660 | INFO | Doing Productive work at:2026-01-31 18:21:52.643010
2026-01-31 18:21:52,691 | INFO | Current State is False
2026-01-31 18:21:52,692 | INFO | Doing Productive work at:2026-01-31 18:21:52.677265
2026-01-31 18:21:52,723 | INFO | Current State is False
2026-01-31 18:21:52,723 | INFO | Doing Productive work at:2026-01-31 18:21:52.706935
2026-01-31 18:21:52,754 | INFO | Current State is False
2026-01-31 18:21:52,755 | INFO | Doing Productive work at:2026-01-31 18:21:52.740422
2026-01-31 18:21:52,785 | INFO | Current State is False
2026-01-31 18:21:52,785 | INFO | Doing Productive work at:2026-01-31 18:21:52.771980
2026-01-31 18:21:52,816 | INFO | Current State is False
2026-01-31 18:21:52,816 | INFO | Doing Productive work at:2026-01-31 18:21:52.803307
2026-01-31 18:21:52,862 | INFO | Current State is False
2026-01-31 18:21:52,862 | INFO | Doing Productive work at:2026-01-31 18:21:52.838382
2026-01-31 18:21:52,893 | INFO | Current State is False
2026-01-31 18:21:52,893 | INFO | Doing Productive work at:2026-01-31 18:21:52.883130
2026-01-31 18:21:52,938 | INFO | Current State is False
2026-01-31 18:21:52,938 | INFO | Doing Productive work at:2026-01-31 18:21:52.914432
2026-01-31 18:21:52,970 | INFO | Current State is False
2026-01-31 18:21:52,970 | INFO | Doing Productive work at:2026-01-31 18:21:52.946460
2026-01-31 18:21:53,000 | INFO | Current State is False
2026-01-31 18:21:53,000 | INFO | Doing Productive work at:2026-01-31 18:21:52.979450
2026-01-31 18:21:53,032 | INFO | Current State is False
2026-01-31 18:21:53,032 | INFO | Doing Productive work at:2026-01-31 18:21:53.011951
2026-01-31 18:21:53,063 | INFO | Current State is False
2026-01-31 18:21:53,063 | INFO | Doing Productive work at:2026-01-31 18:21:53.043758
2026-01-31 18:21:53,095 | INFO | Current State is False
2026-01-31 18:21:53,095 | INFO | Doing Productive work at:2026-01-31 18:21:53.075117
2026-01-31 18:21:53,124 | INFO | Current State is False
2026-01-31 18:21:53,124 | INFO | Doing Productive work at:2026-01-31 18:21:53.105281
2026-01-31 18:21:53,155 | INFO | Current State is False
2026-01-31 18:21:53,156 | INFO | Doing Productive work at:2026-01-31 18:21:53.139210
2026-01-31 18:21:53,188 | INFO | Current State is False
2026-01-31 18:21:53,188 | INFO | Doing Productive work at:2026-01-31 18:21:53.172319
2026-01-31 18:21:53,220 | INFO | Current State is False
2026-01-31 18:21:53,220 | INFO | Doing Productive work at:2026-01-31 18:21:53.203003
2026-01-31 18:21:53,250 | INFO | Current State is False
2026-01-31 18:21:53,250 | INFO | Doing Productive work at:2026-01-31 18:21:53.235935
2026-01-31 18:21:53,281 | INFO | Current State is False
2026-01-31 18:21:53,281 | INFO | Doing Productive work at:2026-01-31 18:21:53.267053
2026-01-31 18:21:53,328 | INFO | Current State is False
2026-01-31 18:21:53,328 | INFO | Doing Productive work at:2026-01-31 18:21:53.313405
2026-01-31 18:21:53,358 | INFO | Current State is False
2026-01-31 18:21:53,358 | INFO | Doing Productive work at:2026-01-31 18:21:53.347455
2026-01-31 18:21:53,391 | INFO | Current State is False
2026-01-31 18:21:53,392 | INFO | Doing Productive work at:2026-01-31 18:21:53.375542
2026-01-31 18:21:53,421 | INFO | Current State is False
2026-01-31 18:21:53,421 | INFO | Doing Productive work at:2026-01-31 18:21:53.411143
2026-01-31 18:21:53,467 | INFO | Current State is False
2026-01-31 18:21:53,467 | INFO | Doing Productive work at:2026-01-31 18:21:53.443155
2026-01-31 18:21:53,483 | INFO | Current State is False
2026-01-31 18:21:53,483 | INFO | Doing Productive work at:2026-01-31 18:21:53.474299
2026-01-31 18:21:53,531 | INFO | Current State is False
2026-01-31 18:21:53,531 | INFO | Doing Productive work at:2026-01-31 18:21:53.510299
2026-01-31 18:21:53,563 | INFO | Current State is False
2026-01-31 18:21:53,563 | INFO | Doing Productive work at:2026-01-31 18:21:53.540068
2026-01-31 18:21:53,594 | INFO | Current State is False
2026-01-31 18:21:53,594 | INFO | Doing Productive work at:2026-01-31 18:21:53.569128
2026-01-31 18:21:53,625 | INFO | Current State is False
2026-01-31 18:21:53,625 | INFO | Doing Productive work at:2026-01-31 18:21:53.603011
2026-01-31 18:21:53,657 | INFO | Current State is False
2026-01-31 18:21:53,658 | INFO | Doing Productive work at:2026-01-31 18:21:53.634685
2026-01-31 18:21:53,688 | INFO | Current State is False
2026-01-31 18:21:53,688 | INFO | Doing Productive work at:2026-01-31 18:21:53.668422
2026-01-31 18:21:53,720 | INFO | Current State is False
2026-01-31 18:21:53,720 | INFO | Doing Productive work at:2026-01-31 18:21:53.700346
2026-01-31 18:21:53,766 | INFO | Current State is False
2026-01-31 18:21:53,766 | INFO | Doing Productive work at:2026-01-31 18:21:53.746581
2026-01-31 18:21:53,797 | INFO | Current State is False
2026-01-31 18:21:53,798 | INFO | Doing Productive work at:2026-01-31 18:21:53.780268
2026-01-31 18:21:53,828 | INFO | Current State is False
2026-01-31 18:21:53,829 | INFO | Doing Productive work at:2026-01-31 18:21:53.810380
2026-01-31 18:21:53,860 | INFO | Current State is False
2026-01-31 18:21:53,860 | INFO | Doing Productive work at:2026-01-31 18:21:53.842850
2026-01-31 18:21:53,890 | INFO | Current State is False
2026-01-31 18:21:53,890 | INFO | Doing Productive work at:2026-01-31 18:21:53.874232
2026-01-31 18:21:53,922 | INFO | Current State is False
2026-01-31 18:21:53,922 | INFO | Doing Productive work at:2026-01-31 18:21:53.907737
2026-01-31 18:21:53,954 | INFO | Current State is False
2026-01-31 18:21:53,955 | INFO | Doing Productive work at:2026-01-31 18:21:53.939018
2026-01-31 18:21:53,985 | INFO | Current State is False
2026-01-31 18:21:53,985 | INFO | Doing Productive work at:2026-01-31 18:21:53.971505
2026-01-31 18:21:54,018 | INFO | Current State is False
2026-01-31 18:21:54,019 | INFO | Doing Productive work at:2026-01-31 18:21:54.006142
2026-01-31 18:21:54,048 | INFO | Current State is False
2026-01-31 18:21:54,048 | INFO | Doing Productive work at:2026-01-31 18:21:54.033778
2026-01-31 18:21:54,078 | INFO | Current State is False
2026-01-31 18:21:54,079 | INFO | Doing Productive work at:2026-01-31 18:21:54.067464
2026-01-31 18:21:54,110 | INFO | Current State is False
2026-01-31 18:21:54,110 | INFO | Doing Productive work at:2026-01-31 18:21:54.100397
2026-01-31 18:21:54,141 | INFO | Current State is False
2026-01-31 18:21:54,141 | INFO | Doing Productive work at:2026-01-31 18:21:54.130050
2026-01-31 18:21:54,205 | INFO | Current State is False
2026-01-31 18:21:54,205 | INFO | Doing Productive work at:2026-01-31 18:21:54.181552
2026-01-31 18:21:54,235 | INFO | Current State is False
2026-01-31 18:21:54,235 | INFO | Doing Productive work at:2026-01-31 18:21:54.214006
2026-01-31 18:21:54,251 | INFO | Current State is False
2026-01-31 18:21:54,251 | INFO | Doing Productive work at:2026-01-31 18:21:54.241038
2026-01-31 18:21:54,298 | INFO | Current State is False
2026-01-31 18:21:54,298 | INFO | Doing Productive work at:2026-01-31 18:21:54.274165
2026-01-31 18:21:54,331 | INFO | Current State is False
2026-01-31 18:21:54,331 | INFO | Doing Productive work at:2026-01-31 18:21:54.304727
2026-01-31 18:21:54,360 | INFO | Current State is False
2026-01-31 18:21:54,360 | INFO | Doing Productive work at:2026-01-31 18:21:54.340346
2026-01-31 18:21:54,393 | INFO | Current State is False
2026-01-31 18:21:54,393 | INFO | Doing Productive work at:2026-01-31 18:21:54.370356
2026-01-31 18:21:54,424 | INFO | Current State is False
2026-01-31 18:21:54,425 | INFO | Doing Productive work at:2026-01-31 18:21:54.401145
2026-01-31 18:21:54,455 | INFO | Current State is False
2026-01-31 18:21:54,455 | INFO | Doing Productive work at:2026-01-31 18:21:54.436702
2026-01-31 18:21:54,487 | INFO | Current State is False
2026-01-31 18:21:54,487 | INFO | Doing Productive work at:2026-01-31 18:21:54.466447
2026-01-31 18:21:54,518 | INFO | Current State is False
2026-01-31 18:21:54,518 | INFO | Doing Productive work at:2026-01-31 18:21:54.500158
2026-01-31 18:21:54,547 | INFO | Current State is False
2026-01-31 18:21:54,547 | INFO | Doing Productive work at:2026-01-31 18:21:54.528992
2026-01-31 18:21:54,580 | INFO | Current State is False
2026-01-31 18:21:54,580 | INFO | Doing Productive work at:2026-01-31 18:21:54.563958
2026-01-31 18:21:54,625 | INFO | Current State is False
2026-01-31 18:21:54,625 | INFO | Doing Productive work at:2026-01-31 18:21:54.610046
2026-01-31 18:21:54,656 | INFO | Current State is False
2026-01-31 18:21:54,656 | INFO | Doing Productive work at:2026-01-31 18:21:54.642361
2026-01-31 18:21:54,689 | INFO | Current State is False
2026-01-31 18:21:54,689 | INFO | Doing Productive work at:2026-01-31 18:21:54.676545
2026-01-31 18:21:54,718 | INFO | Current State is False
2026-01-31 18:21:54,718 | INFO | Doing Productive work at:2026-01-31 18:21:54.706219
2026-01-31 18:21:54,752 | INFO | Current State is False
2026-01-31 18:21:54,752 | INFO | Doing Productive work at:2026-01-31 18:21:54.738290
2026-01-31 18:21:54,781 | INFO | Current State is False
2026-01-31 18:21:54,781 | INFO | Doing Productive work at:2026-01-31 18:21:54.771510
2026-01-31 18:21:54,813 | INFO | Current State is False
2026-01-31 18:21:54,813 | INFO | Doing Productive work at:2026-01-31 18:21:54.802095
2026-01-31 18:21:54,845 | INFO | Current State is False
2026-01-31 18:21:54,845 | INFO | Doing Productive work at:2026-01-31 18:21:54.832293
2026-01-31 18:21:54,891 | INFO | Current State is False
2026-01-31 18:21:54,891 | INFO | Doing Productive work at:2026-01-31 18:21:54.867229
2026-01-31 18:21:54,922 | INFO | Current State is False
2026-01-31 18:21:54,922 | INFO | Doing Productive work at:2026-01-31 18:21:54.899293
2026-01-31 18:21:54,954 | INFO | Current State is False
2026-01-31 18:21:54,954 | INFO | Doing Productive work at:2026-01-31 18:21:54.931004
2026-01-31 18:21:54,984 | INFO | Current State is False
2026-01-31 18:21:54,984 | INFO | Doing Productive work at:2026-01-31 18:21:54.963448
2026-01-31 18:21:55,016 | INFO | Current State is False
2026-01-31 18:21:55,016 | INFO | Doing Productive work at:2026-01-31 18:21:54.997198
2026-01-31 18:21:55,063 | INFO | Current State is False
2026-01-31 18:21:55,063 | INFO | Doing Productive work at:2026-01-31 18:21:55.043027
2026-01-31 18:21:55,097 | INFO | Current State is False
2026-01-31 18:21:55,097 | INFO | Doing Productive work at:2026-01-31 18:21:55.073307
2026-01-31 18:21:55,125 | INFO | Current State is False
2026-01-31 18:21:55,125 | INFO | Doing Productive work at:2026-01-31 18:21:55.104271
2026-01-31 18:21:55,158 | INFO | Current State is False
2026-01-31 18:21:55,158 | INFO | Doing Productive work at:2026-01-31 18:21:55.137107
2026-01-31 18:21:55,188 | INFO | Current State is False
2026-01-31 18:21:55,188 | INFO | Doing Productive work at:2026-01-31 18:21:55.171324
2026-01-31 18:21:55,221 | INFO | Current State is False
2026-01-31 18:21:55,221 | INFO | Doing Productive work at:2026-01-31 18:21:55.201995
2026-01-31 18:21:55,252 | INFO | Current State is False
2026-01-31 18:21:55,252 | INFO | Doing Productive work at:2026-01-31 18:21:55.233517
2026-01-31 18:21:55,284 | INFO | Current State is False
2026-01-31 18:21:55,284 | INFO | Doing Productive work at:2026-01-31 18:21:55.267115
2026-01-31 18:21:55,314 | INFO | Current State is False
2026-01-31 18:21:55,314 | INFO | Doing Productive work at:2026-01-31 18:21:55.297821
2026-01-31 18:21:55,346 | INFO | Current State is False
2026-01-31 18:21:55,346 | INFO | Doing Productive work at:2026-01-31 18:21:55.333884
2026-01-31 18:21:55,377 | INFO | Current State is False
2026-01-31 18:21:55,377 | INFO | Doing Productive work at:2026-01-31 18:21:55.362973
2026-01-31 18:21:55,439 | INFO | Current State is False
2026-01-31 18:21:55,439 | INFO | Doing Productive work at:2026-01-31 18:21:55.424289
2026-01-31 18:21:55,471 | INFO | Current State is False
2026-01-31 18:21:55,471 | INFO | Doing Productive work at:2026-01-31 18:21:55.445550
2026-01-31 18:21:55,501 | INFO | Current State is False
2026-01-31 18:21:55,502 | INFO | Doing Productive work at:2026-01-31 18:21:55.478630
2026-01-31 18:21:55,532 | INFO | Current State is False
2026-01-31 18:21:55,532 | INFO | Doing Productive work at:2026-01-31 18:21:55.508002
2026-01-31 18:21:55,564 | INFO | Current State is False
2026-01-31 18:21:55,564 | INFO | Doing Productive work at:2026-01-31 18:21:55.540214
2026-01-31 18:21:55,579 | INFO | Current State is False
2026-01-31 18:21:55,579 | INFO | Doing Productive work at:2026-01-31 18:21:55.569150
2026-01-31 18:21:55,625 | INFO | Current State is False
2026-01-31 18:21:55,625 | INFO | Doing Productive work at:2026-01-31 18:21:55.602223
2026-01-31 18:21:55,656 | INFO | Current State is False
2026-01-31 18:21:55,656 | INFO | Doing Productive work at:2026-01-31 18:21:55.633450
2026-01-31 18:21:55,685 | INFO | Current State is False
2026-01-31 18:21:55,686 | INFO | Doing Productive work at:2026-01-31 18:21:55.670046
2026-01-31 18:21:55,718 | INFO | Current State is False
2026-01-31 18:21:55,718 | INFO | Doing Productive work at:2026-01-31 18:21:55.698516
2026-01-31 18:21:55,751 | INFO | Current State is False
2026-01-31 18:21:55,751 | INFO | Doing Productive work at:2026-01-31 18:21:55.730140
2026-01-31 18:21:55,781 | INFO | Current State is False
2026-01-31 18:21:55,781 | INFO | Doing Productive work at:2026-01-31 18:21:55.762059
2026-01-31 18:21:55,845 | INFO | Current State is False
2026-01-31 18:21:55,846 | INFO | Doing Productive work at:2026-01-31 18:21:55.827229
2026-01-31 18:21:55,876 | INFO | Current State is False
2026-01-31 18:21:55,876 | INFO | Doing Productive work at:2026-01-31 18:21:55.857822
2026-01-31 18:21:55,905 | INFO | Current State is False
2026-01-31 18:21:55,905 | INFO | Doing Productive work at:2026-01-31 18:21:55.884173
2026-01-31 18:21:55,937 | INFO | Current State is False
2026-01-31 18:21:55,937 | INFO | Doing Productive work at:2026-01-31 18:21:55.912534
2026-01-31 18:21:55,968 | INFO | Current State is False
2026-01-31 18:21:55,968 | INFO | Doing Productive work at:2026-01-31 18:21:55.945363
2026-01-31 18:21:55,984 | INFO | Current State is False
2026-01-31 18:21:55,985 | INFO | Doing Productive work at:2026-01-31 18:21:55.975567
2026-01-31 18:21:56,016 | INFO | Current State is False
2026-01-31 18:21:56,016 | INFO | Doing Productive work at:2026-01-31 18:21:56.005188
2026-01-31 18:21:56,046 | INFO | Current State is False
2026-01-31 18:21:56,047 | INFO | Doing Productive work at:2026-01-31 18:21:56.032744
2026-01-31 18:21:56,078 | INFO | Current State is False
2026-01-31 18:21:56,078 | INFO | Doing Productive work at:2026-01-31 18:21:56.065994
2026-01-31 18:21:56,124 | INFO | Current State is False
2026-01-31 18:21:56,125 | INFO | Doing Productive work at:2026-01-31 18:21:56.100521
2026-01-31 18:21:56,157 | INFO | Current State is False
2026-01-31 18:21:56,157 | INFO | Doing Productive work at:2026-01-31 18:21:56.134096
2026-01-31 18:21:56,188 | INFO | Current State is False
2026-01-31 18:21:56,188 | INFO | Doing Productive work at:2026-01-31 18:21:56.167157
2026-01-31 18:21:56,250 | INFO | Current State is False
2026-01-31 18:21:56,250 | INFO | Doing Productive work at:2026-01-31 18:21:56.228589
2026-01-31 18:21:56,282 | INFO | Current State is False
2026-01-31 18:21:56,282 | INFO | Doing Productive work at:2026-01-31 18:21:56.258756
2026-01-31 18:21:56,314 | INFO | Current State is False
2026-01-31 18:21:56,314 | INFO | Doing Productive work at:2026-01-31 18:21:56.291327
2026-01-31 18:21:56,345 | INFO | Current State is False
2026-01-31 18:21:56,345 | INFO | Doing Productive work at:2026-01-31 18:21:56.321197
2026-01-31 18:21:56,375 | INFO | Current State is False
2026-01-31 18:21:56,375 | INFO | Doing Productive work at:2026-01-31 18:21:56.352857
2026-01-31 18:21:56,407 | INFO | Current State is False
2026-01-31 18:21:56,407 | INFO | Doing Productive work at:2026-01-31 18:21:56.382916
2026-01-31 18:21:56,438 | INFO | Current State is False
2026-01-31 18:21:56,438 | INFO | Doing Productive work at:2026-01-31 18:21:56.414277
2026-01-31 18:21:56,468 | INFO | Current State is False
2026-01-31 18:21:56,468 | INFO | Doing Productive work at:2026-01-31 18:21:56.445733
2026-01-31 18:21:56,500 | INFO | Current State is False
2026-01-31 18:21:56,500 | INFO | Doing Productive work at:2026-01-31 18:21:56.476418
2026-01-31 18:21:56,531 | INFO | Current State is False
2026-01-31 18:21:56,531 | INFO | Doing Productive work at:2026-01-31 18:21:56.508365
2026-01-31 18:21:56,562 | INFO | Current State is False
2026-01-31 18:21:56,562 | INFO | Doing Productive work at:2026-01-31 18:21:56.540139
2026-01-31 18:21:56,594 | INFO | Current State is False
2026-01-31 18:21:56,594 | INFO | Doing Productive work at:2026-01-31 18:21:56.570374
2026-01-31 18:21:56,640 | INFO | Current State is False
2026-01-31 18:21:56,640 | INFO | Doing Productive work at:2026-01-31 18:21:56.626782
2026-01-31 18:21:56,688 | INFO | Current State is False
2026-01-31 18:21:56,688 | INFO | Doing Productive work at:2026-01-31 18:21:56.661840
2026-01-31 18:21:56,718 | INFO | Current State is False
2026-01-31 18:21:56,718 | INFO | Doing Productive work at:2026-01-31 18:21:56.696285
2026-01-31 18:21:56,750 | INFO | Current State is False
2026-01-31 18:21:56,750 | INFO | Doing Productive work at:2026-01-31 18:21:56.725679
2026-01-31 18:21:56,781 | INFO | Current State is False
2026-01-31 18:21:56,781 | INFO | Doing Productive work at:2026-01-31 18:21:56.758191
2026-01-31 18:21:56,810 | INFO | Current State is False
2026-01-31 18:21:56,810 | INFO | Doing Productive work at:2026-01-31 18:21:56.789334
2026-01-31 18:21:56,844 | INFO | Current State is False
2026-01-31 18:21:56,844 | INFO | Doing Productive work at:2026-01-31 18:21:56.818897
2026-01-31 18:21:56,874 | INFO | Current State is False
2026-01-31 18:21:56,874 | INFO | Doing Productive work at:2026-01-31 18:21:56.852048
2026-01-31 18:21:56,904 | INFO | Current State is False
2026-01-31 18:21:56,904 | INFO | Doing Productive work at:2026-01-31 18:21:56.882968
2026-01-31 18:21:56,936 | INFO | Current State is False
2026-01-31 18:21:56,936 | INFO | Doing Productive work at:2026-01-31 18:21:56.911756
2026-01-31 18:21:56,967 | INFO | Current State is False
2026-01-31 18:21:56,967 | INFO | Doing Productive work at:2026-01-31 18:21:56.943570
2026-01-31 18:21:57,000 | INFO | Current State is False
2026-01-31 18:21:57,000 | INFO | Doing Productive work at:2026-01-31 18:21:56.980139
2026-01-31 18:21:57,032 | INFO | Current State is False
2026-01-31 18:21:57,032 | INFO | Doing Productive work at:2026-01-31 18:21:57.010079
2026-01-31 18:21:57,062 | INFO | Current State is False
2026-01-31 18:21:57,063 | INFO | Doing Productive work at:2026-01-31 18:21:57.043579
2026-01-31 18:21:57,084 | INFO | Current State is False
2026-01-31 18:21:57,084 | INFO | Doing Productive work at:2026-01-31 18:21:57.075753
2026-01-31 18:21:57,141 | INFO | Current State is False
2026-01-31 18:21:57,141 | INFO | Doing Productive work at:2026-01-31 18:21:57.124299
2026-01-31 18:21:57,170 | INFO | Current State is False
2026-01-31 18:21:57,170 | INFO | Doing Productive work at:2026-01-31 18:21:57.151759
2026-01-31 18:21:57,202 | INFO | Current State is False
2026-01-31 18:21:57,202 | INFO | Doing Productive work at:2026-01-31 18:21:57.188911
2026-01-31 18:21:57,233 | INFO | Current State is False
2026-01-31 18:21:57,234 | INFO | Doing Productive work at:2026-01-31 18:21:57.220037
2026-01-31 18:21:57,280 | INFO | Current State is False
2026-01-31 18:21:57,280 | INFO | Doing Productive work at:2026-01-31 18:21:57.266900
2026-01-31 18:21:57,311 | INFO | Current State is False
2026-01-31 18:21:57,311 | INFO | Doing Productive work at:2026-01-31 18:21:57.289149
2026-01-31 18:21:57,342 | INFO | Current State is False
2026-01-31 18:21:57,342 | INFO | Doing Productive work at:2026-01-31 18:21:57.320473
2026-01-31 18:21:57,374 | INFO | Current State is False
2026-01-31 18:21:57,374 | INFO | Doing Productive work at:2026-01-31 18:21:57.351374
2026-01-31 18:21:57,404 | INFO | Current State is False
2026-01-31 18:21:57,404 | INFO | Doing Productive work at:2026-01-31 18:21:57.382011
2026-01-31 18:21:57,451 | INFO | Current State is False
2026-01-31 18:21:57,451 | INFO | Doing Productive work at:2026-01-31 18:21:57.425954
2026-01-31 18:21:57,482 | INFO | Current State is False
2026-01-31 18:21:57,482 | INFO | Doing Productive work at:2026-01-31 18:21:57.459142
2026-01-31 18:21:57,514 | INFO | Current State is False
2026-01-31 18:21:57,514 | INFO | Doing Productive work at:2026-01-31 18:21:57.491005
2026-01-31 18:21:57,544 | INFO | Current State is False
2026-01-31 18:21:57,544 | INFO | Doing Productive work at:2026-01-31 18:21:57.524912
2026-01-31 18:21:57,576 | INFO | Current State is False
2026-01-31 18:21:57,576 | INFO | Doing Productive work at:2026-01-31 18:21:57.553036
2026-01-31 18:21:57,608 | INFO | Current State is False
2026-01-31 18:21:57,608 | INFO | Doing Productive work at:2026-01-31 18:21:57.586331
2026-01-31 18:21:57,640 | INFO | Current State is False
2026-01-31 18:21:57,640 | INFO | Doing Productive work at:2026-01-31 18:21:57.619276
2026-01-31 18:21:57,668 | INFO | Current State is False
2026-01-31 18:21:57,668 | INFO | Doing Productive work at:2026-01-31 18:21:57.650819
2026-01-31 18:21:57,719 | INFO | Current State is False
2026-01-31 18:21:57,719 | INFO | Doing Productive work at:2026-01-31 18:21:57.701057
2026-01-31 18:21:57,748 | INFO | Current State is False
2026-01-31 18:21:57,748 | INFO | Doing Productive work at:2026-01-31 18:21:57.725751
2026-01-31 18:21:57,778 | INFO | Current State is False
2026-01-31 18:21:57,778 | INFO | Doing Productive work at:2026-01-31 18:21:57.755264
2026-01-31 18:21:57,813 | INFO | Current State is False
2026-01-31 18:21:57,813 | INFO | Doing Productive work at:2026-01-31 18:21:57.786905
2026-01-31 18:21:57,843 | INFO | Current State is False
2026-01-31 18:21:57,843 | INFO | Doing Productive work at:2026-01-31 18:21:57.826593
2026-01-31 18:21:57,874 | INFO | Current State is False
2026-01-31 18:21:57,874 | INFO | Doing Productive work at:2026-01-31 18:21:57.860922
2026-01-31 18:21:57,904 | INFO | Current State is False
2026-01-31 18:21:57,904 | INFO | Doing Productive work at:2026-01-31 18:21:57.891018
2026-01-31 18:21:57,936 | INFO | Current State is False
2026-01-31 18:21:57,936 | INFO | Doing Productive work at:2026-01-31 18:21:57.922410
2026-01-31 18:21:57,967 | INFO | Current State is False
2026-01-31 18:21:57,967 | INFO | Doing Productive work at:2026-01-31 18:21:57.953928
2026-01-31 18:21:58,000 | INFO | Current State is False
2026-01-31 18:21:58,001 | INFO | Doing Productive work at:2026-01-31 18:21:57.986383
2026-01-31 18:21:58,045 | INFO | Current State is False
2026-01-31 18:21:58,045 | INFO | Doing Productive work at:2026-01-31 18:21:58.022410
2026-01-31 18:21:58,076 | INFO | Current State is False
2026-01-31 18:21:58,076 | INFO | Doing Productive work at:2026-01-31 18:21:58.054125
2026-01-31 18:21:58,108 | INFO | Current State is False
2026-01-31 18:21:58,109 | INFO | Doing Productive work at:2026-01-31 18:21:58.083689
2026-01-31 18:21:58,153 | INFO | Current State is False
2026-01-31 18:21:58,153 | INFO | Doing Productive work at:2026-01-31 18:21:58.131896
2026-01-31 18:21:58,168 | INFO | Current State is True
2026-01-31 18:21:58,172 | INFO | Doing Productive work at:2026-01-31 18:21:58.159154
2026-01-31 18:21:58,200 | INFO | Current State is True
2026-01-31 18:21:58,208 | INFO | Attentive Eyes at 2026-01-31 18:21:58.180342
2026-01-31 18:21:58,208 | INFO | Doing Productive work at:2026-01-31 18:21:58.180342
2026-01-31 18:21:58,246 | INFO | Current State is True
2026-01-31 18:21:58,251 | INFO | Attentive Eyes at 2026-01-31 18:21:58.227583
2026-01-31 18:21:58,251 | INFO | Doing Productive work at:2026-01-31 18:21:58.227583
2026-01-31 18:21:58,278 | INFO | Current State is True
2026-01-31 18:21:58,283 | INFO | Attentive Eyes at 2026-01-31 18:21:58.259213
2026-01-31 18:21:58,283 | INFO | Doing Productive work at:2026-01-31 18:21:58.259213
2026-01-31 18:21:58,310 | INFO | Current State is True
2026-01-31 18:21:58,315 | INFO | Attentive Eyes at 2026-01-31 18:21:58.290581
2026-01-31 18:21:58,315 | INFO | Doing Productive work at:2026-01-31 18:21:58.290581
2026-01-31 18:21:58,341 | INFO | Current State is True
2026-01-31 18:21:58,347 | INFO | Attentive Eyes at 2026-01-31 18:21:58.323514
2026-01-31 18:21:58,347 | INFO | Doing Productive work at:2026-01-31 18:21:58.323514
2026-01-31 18:21:58,373 | INFO | Current State is True
2026-01-31 18:21:58,378 | INFO | Attentive Eyes at 2026-01-31 18:21:58.358051
2026-01-31 18:21:58,378 | INFO | Doing Productive work at:2026-01-31 18:21:58.358051
2026-01-31 18:21:58,403 | INFO | Current State is True
2026-01-31 18:21:58,408 | INFO | Attentive Eyes at 2026-01-31 18:21:58.385217
2026-01-31 18:21:58,408 | INFO | Doing Productive work at:2026-01-31 18:21:58.385217
2026-01-31 18:21:58,434 | INFO | Current State is True
2026-01-31 18:21:58,439 | INFO | Attentive Eyes at 2026-01-31 18:21:58.420501
2026-01-31 18:21:58,440 | INFO | Doing Productive work at:2026-01-31 18:21:58.420501
2026-01-31 18:21:58,465 | INFO | Current State is True
2026-01-31 18:21:58,471 | INFO | Attentive Eyes at 2026-01-31 18:21:58.450552
2026-01-31 18:21:58,471 | INFO | Doing Productive work at:2026-01-31 18:21:58.450552
2026-01-31 18:21:58,497 | INFO | Current State is True
2026-01-31 18:21:58,501 | INFO | Attentive Eyes at 2026-01-31 18:21:58.484323
2026-01-31 18:21:58,502 | INFO | Doing Productive work at:2026-01-31 18:21:58.484323
2026-01-31 18:21:58,529 | INFO | Current State is True
2026-01-31 18:21:58,533 | INFO | Attentive Eyes at 2026-01-31 18:21:58.516007
2026-01-31 18:21:58,533 | INFO | Doing Productive work at:2026-01-31 18:21:58.516007
2026-01-31 18:21:58,574 | INFO | Current State is True
2026-01-31 18:21:58,580 | INFO | Attentive Eyes at 2026-01-31 18:21:58.563840
2026-01-31 18:21:58,580 | INFO | Doing Productive work at:2026-01-31 18:21:58.563840
2026-01-31 18:21:58,607 | INFO | Current State is True
2026-01-31 18:21:58,612 | INFO | Attentive Eyes at 2026-01-31 18:21:58.588927
2026-01-31 18:21:58,612 | INFO | Doing Productive work at:2026-01-31 18:21:58.588927
2026-01-31 18:21:58,637 | INFO | Current State is True
2026-01-31 18:21:58,642 | INFO | Attentive Eyes at 2026-01-31 18:21:58.626250
2026-01-31 18:21:58,643 | INFO | Doing Productive work at:2026-01-31 18:21:58.626250
2026-01-31 18:21:58,683 | INFO | Current State is True
2026-01-31 18:21:58,689 | INFO | Attentive Eyes at 2026-01-31 18:21:58.660142
2026-01-31 18:21:58,689 | INFO | Doing Productive work at:2026-01-31 18:21:58.660142
2026-01-31 18:21:58,713 | INFO | Current State is True
2026-01-31 18:21:58,719 | INFO | Attentive Eyes at 2026-01-31 18:21:58.697873
2026-01-31 18:21:58,719 | INFO | Doing Productive work at:2026-01-31 18:21:58.697873
2026-01-31 18:21:58,745 | INFO | Current State is True
2026-01-31 18:21:58,750 | INFO | Attentive Eyes at 2026-01-31 18:21:58.727995
2026-01-31 18:21:58,750 | INFO | Doing Productive work at:2026-01-31 18:21:58.727995
2026-01-31 18:21:58,778 | INFO | Current State is True
2026-01-31 18:21:58,784 | INFO | Attentive Eyes at 2026-01-31 18:21:58.758989
2026-01-31 18:21:58,784 | INFO | Doing Productive work at:2026-01-31 18:21:58.758989
2026-01-31 18:21:58,809 | INFO | Current State is True
2026-01-31 18:21:58,814 | INFO | Attentive Eyes at 2026-01-31 18:21:58.791281
2026-01-31 18:21:58,814 | INFO | Doing Productive work at:2026-01-31 18:21:58.791281
2026-01-31 18:21:58,841 | INFO | Current State is True
2026-01-31 18:21:58,846 | INFO | Attentive Eyes at 2026-01-31 18:21:58.822129
2026-01-31 18:21:58,846 | INFO | Doing Productive work at:2026-01-31 18:21:58.822129
2026-01-31 18:21:58,871 | INFO | Current State is True
2026-01-31 18:21:58,877 | INFO | Attentive Eyes at 2026-01-31 18:21:58.852980
2026-01-31 18:21:58,877 | INFO | Doing Productive work at:2026-01-31 18:21:58.852980
2026-01-31 18:21:58,903 | INFO | Current State is True
2026-01-31 18:21:58,908 | INFO | Attentive Eyes at 2026-01-31 18:21:58.883303
2026-01-31 18:21:58,908 | INFO | Doing Productive work at:2026-01-31 18:21:58.883303
2026-01-31 18:21:58,935 | INFO | Current State is True
2026-01-31 18:21:58,940 | INFO | Attentive Eyes at 2026-01-31 18:21:58.915938
2026-01-31 18:21:58,940 | INFO | Doing Productive work at:2026-01-31 18:21:58.915938
2026-01-31 18:21:58,965 | INFO | Current State is True
2026-01-31 18:21:58,971 | INFO | Attentive Eyes at 2026-01-31 18:21:58.948493
2026-01-31 18:21:58,971 | INFO | Doing Productive work at:2026-01-31 18:21:58.948493
2026-01-31 18:21:59,012 | INFO | Current State is True
2026-01-31 18:21:59,018 | INFO | Attentive Eyes at 2026-01-31 18:21:58.994261
2026-01-31 18:21:59,018 | INFO | Doing Productive work at:2026-01-31 18:21:58.994261
2026-01-31 18:21:59,036 | INFO | Current State is True
2026-01-31 18:21:59,042 | INFO | Attentive Eyes at 2026-01-31 18:21:59.028199
2026-01-31 18:21:59,042 | INFO | Doing Productive work at:2026-01-31 18:21:59.028199
2026-01-31 20:15:10,636 | INFO | Doing UNProductive work at:2026-01-31 20:15:10.603595
2026-01-31 20:15:10,680 | INFO | Doing UNProductive work at:2026-01-31 20:15:10.661898
2026-01-31 20:15:10,743 | INFO | Doing UNProductive work at:2026-01-31 20:15:10.723695
2026-01-31 20:15:10,806 | INFO | Doing UNProductive work at:2026-01-31 20:15:10.785604
2026-01-31 20:15:10,882 | INFO | Doing UNProductive work at:2026-01-31 20:15:10.862472
2026-01-31 20:15:10,931 | INFO | Doing UNProductive work at:2026-01-31 20:15:10.924420
2026-01-31 20:15:11,007 | INFO | Doing UNProductive work at:2026-01-31 20:15:10.987652
2026-01-31 20:15:11,070 | INFO | Doing UNProductive work at:2026-01-31 20:15:11.049766
2026-01-31 20:15:11,132 | INFO | Doing UNProductive work at:2026-01-31 20:15:11.111581
2026-01-31 20:15:11,210 | INFO | Doing UNProductive work at:2026-01-31 20:15:11.190686
2026-01-31 20:15:11,259 | INFO | Doing UNProductive work at:2026-01-31 20:15:11.253278
2026-01-31 20:15:11,320 | INFO | Doing UNProductive work at:2026-01-31 20:15:11.300867
2026-01-31 20:15:11,419 | INFO | Doing UNProductive work at:2026-01-31 20:15:11.380330
2026-01-31 20:15:11,489 | INFO | Doing UNProductive work at:2026-01-31 20:15:11.459562
2026-01-31 20:15:11,550 | INFO | Doing UNProductive work at:2026-01-31 20:15:11.521075
2026-01-31 20:15:11,628 | INFO | Doing UNProductive work at:2026-01-31 20:15:11.598060
2026-01-31 20:15:11,690 | INFO | Doing UNProductive work at:2026-01-31 20:15:11.660387
2026-01-31 20:15:11,751 | INFO | Doing UNProductive work at:2026-01-31 20:15:11.722970
2026-01-31 20:15:11,813 | INFO | Doing UNProductive work at:2026-01-31 20:15:11.784139
2026-01-31 20:15:11,875 | INFO | Doing UNProductive work at:2026-01-31 20:15:11.847145
2026-01-31 20:15:11,954 | INFO | Doing UNProductive work at:2026-01-31 20:15:11.908770
2026-01-31 20:15:12,057 | INFO | Doing UNProductive work at:2026-01-31 20:15:12.017555
2026-01-31 20:15:12,133 | INFO | Doing UNProductive work at:2026-01-31 20:15:12.096122
2026-01-31 20:15:12,226 | INFO | Doing UNProductive work at:2026-01-31 20:15:12.188467
2026-01-31 20:15:12,321 | INFO | Doing UNProductive work at:2026-01-31 20:15:12.283186
2026-01-31 20:15:12,382 | INFO | Doing UNProductive work at:2026-01-31 20:15:12.345592
2026-01-31 20:15:12,445 | INFO | Doing UNProductive work at:2026-01-31 20:15:12.406644
2026-01-31 20:15:12,521 | INFO | Doing UNProductive work at:2026-01-31 20:15:12.485820
2026-01-31 20:15:12,586 | INFO | Doing UNProductive work at:2026-01-31 20:15:12.548911
2026-01-31 20:15:12,665 | INFO | Doing UNProductive work at:2026-01-31 20:15:12.627521
2026-01-31 20:15:12,760 | INFO | Doing UNProductive work at:2026-01-31 20:15:12.720450
2026-01-31 20:15:12,850 | INFO | Doing UNProductive work at:2026-01-31 20:15:12.813881
2026-01-31 20:15:12,928 | INFO | Doing UNProductive work at:2026-01-31 20:15:12.891924
2026-01-31 20:15:12,990 | INFO | Doing UNProductive work at:2026-01-31 20:15:12.953566
2026-01-31 20:15:13,053 | INFO | Doing UNProductive work at:2026-01-31 20:15:13.016851
2026-01-31 20:15:13,117 | INFO | Doing UNProductive work at:2026-01-31 20:15:13.079625
2026-01-31 20:15:13,179 | INFO | Doing UNProductive work at:2026-01-31 20:15:13.141287
2026-01-31 20:15:13,241 | INFO | Doing UNProductive work at:2026-01-31 20:15:13.203909
2026-01-31 20:15:13,319 | INFO | Doing UNProductive work at:2026-01-31 20:15:13.282635
2026-01-31 20:15:13,399 | INFO | Doing UNProductive work at:2026-01-31 20:15:13.360797
2026-01-31 20:15:13,491 | INFO | Doing UNProductive work at:2026-01-31 20:15:13.453686
2026-01-31 20:15:13,585 | INFO | Doing UNProductive work at:2026-01-31 20:15:13.548082
2026-01-31 20:15:13,648 | INFO | Doing UNProductive work at:2026-01-31 20:15:13.610923
2026-01-31 20:15:13,711 | INFO | Doing UNProductive work at:2026-01-31 20:15:13.672134
2026-01-31 20:15:13,787 | INFO | Doing UNProductive work at:2026-01-31 20:15:13.750778
2026-01-31 20:15:13,848 | INFO | Doing UNProductive work at:2026-01-31 20:15:13.813369
2026-01-31 20:15:13,911 | INFO | Doing UNProductive work at:2026-01-31 20:15:13.874983
2026-01-31 20:15:13,989 | INFO | Doing UNProductive work at:2026-01-31 20:15:13.953062
2026-01-31 20:15:14,081 | INFO | Doing UNProductive work at:2026-01-31 20:15:14.045516
2026-01-31 20:15:14,145 | INFO | Doing UNProductive work at:2026-01-31 20:15:14.108428
2026-01-31 20:15:14,222 | INFO | Doing UNProductive work at:2026-01-31 20:15:14.187254
2026-01-31 20:15:14,289 | INFO | Doing UNProductive work at:2026-01-31 20:15:14.250797
2026-01-31 20:15:14,351 | INFO | Doing UNProductive work at:2026-01-31 20:15:14.314181
2026-01-31 20:15:14,413 | INFO | Doing UNProductive work at:2026-01-31 20:15:14.376281
2026-01-31 20:15:14,474 | INFO | Doing UNProductive work at:2026-01-31 20:15:14.438148
2026-01-31 20:15:14,535 | INFO | Doing UNProductive work at:2026-01-31 20:15:14.499822
2026-01-31 20:15:14,601 | INFO | Doing UNProductive work at:2026-01-31 20:15:14.562646
2026-01-31 20:15:14,694 | INFO | Doing UNProductive work at:2026-01-31 20:15:14.656011
2026-01-31 20:15:14,787 | INFO | Doing UNProductive work at:2026-01-31 20:15:14.749944
2026-01-31 20:15:14,881 | INFO | Doing UNProductive work at:2026-01-31 20:15:14.843627
2026-01-31 20:15:14,946 | INFO | Doing UNProductive work at:2026-01-31 20:15:14.906337
2026-01-31 20:15:15,037 | INFO | Doing UNProductive work at:2026-01-31 20:15:15.000939
2026-01-31 20:15:15,117 | INFO | Doing UNProductive work at:2026-01-31 20:15:15.079808
2026-01-31 20:15:15,176 | INFO | Doing UNProductive work at:2026-01-31 20:15:15.142249
2026-01-31 20:15:15,241 | INFO | Doing UNProductive work at:2026-01-31 20:15:15.204192
2026-01-31 20:15:15,319 | INFO | Doing UNProductive work at:2026-01-31 20:15:15.282490
2026-01-31 20:15:15,414 | INFO | Doing UNProductive work at:2026-01-31 20:15:15.376918
2026-01-31 20:15:15,506 | INFO | Doing UNProductive work at:2026-01-31 20:15:15.470579
2026-01-31 20:15:15,585 | INFO | Doing UNProductive work at:2026-01-31 20:15:15.549616
2026-01-31 20:15:15,649 | INFO | Doing UNProductive work at:2026-01-31 20:15:15.612693
2026-01-31 20:15:15,709 | INFO | Doing UNProductive work at:2026-01-31 20:15:15.675328
2026-01-31 20:15:15,760 | INFO | Doing UNProductive work at:2026-01-31 20:15:15.737834
2026-01-31 20:15:15,838 | INFO | Doing UNProductive work at:2026-01-31 20:15:15.800882
2026-01-31 20:15:15,899 | INFO | Doing UNProductive work at:2026-01-31 20:15:15.863635
2026-01-31 20:15:15,977 | INFO | Doing UNProductive work at:2026-01-31 20:15:15.941211
2026-01-31 20:15:16,039 | INFO | Doing UNProductive work at:2026-01-31 20:15:16.004489
2026-01-31 20:15:16,103 | INFO | Doing UNProductive work at:2026-01-31 20:15:16.066667
2026-01-31 20:15:16,180 | INFO | Doing UNProductive work at:2026-01-31 20:15:16.145173
2026-01-31 20:15:16,278 | INFO | Doing UNProductive work at:2026-01-31 20:15:16.239802
2026-01-31 20:15:16,372 | INFO | Doing UNProductive work at:2026-01-31 20:15:16.334416
2026-01-31 20:15:16,449 | INFO | Doing UNProductive work at:2026-01-31 20:15:16.413977
2026-01-31 20:15:16,544 | INFO | Doing UNProductive work at:2026-01-31 20:15:16.507809
2026-01-31 20:15:16,608 | INFO | Doing UNProductive work at:2026-01-31 20:15:16.570869
2026-01-31 20:15:16,670 | INFO | Doing UNProductive work at:2026-01-31 20:15:16.632680
2026-01-31 20:15:16,724 | INFO | Doing UNProductive work at:2026-01-31 20:15:16.696377
2026-01-31 20:15:16,749 | INFO | Doing UNProductive work at:2026-01-31 20:15:16.730897
2026-01-31 20:15:16,779 | INFO | Doing UNProductive work at:2026-01-31 20:15:16.763079
2026-01-31 20:15:16,818 | INFO | Doing UNProductive work at:2026-01-31 20:15:16.793535
2026-01-31 20:15:16,880 | INFO | Doing UNProductive work at:2026-01-31 20:15:16.858837
2026-01-31 20:15:16,912 | INFO | Doing UNProductive work at:2026-01-31 20:15:16.888871
2026-01-31 20:15:16,942 | INFO | Doing UNProductive work at:2026-01-31 20:15:16.923397
2026-01-31 20:15:16,976 | INFO | Doing UNProductive work at:2026-01-31 20:15:16.952009
2026-01-31 20:15:17,006 | INFO | Doing UNProductive work at:2026-01-31 20:15:16.985026
2026-01-31 20:15:17,036 | INFO | Doing UNProductive work at:2026-01-31 20:15:17.016541
2026-01-31 20:15:17,070 | INFO | Doing UNProductive work at:2026-01-31 20:15:17.049915
2026-01-31 20:15:17,114 | INFO | Doing UNProductive work at:2026-01-31 20:15:17.083275
2026-01-31 20:15:17,144 | INFO | Doing UNProductive work at:2026-01-31 20:15:17.122300
2026-01-31 20:15:17,177 | INFO | Doing UNProductive work at:2026-01-31 20:15:17.152965
2026-01-31 20:15:17,208 | INFO | Doing UNProductive work at:2026-01-31 20:15:17.186331
2026-01-31 20:15:17,241 | INFO | Doing UNProductive work at:2026-01-31 20:15:17.216848
2026-01-31 20:15:17,285 | INFO | Doing UNProductive work at:2026-01-31 20:15:17.258903
2026-01-31 20:15:17,316 | INFO | Doing UNProductive work at:2026-01-31 20:15:17.292958
2026-01-31 20:15:17,348 | INFO | Doing UNProductive work at:2026-01-31 20:15:17.324363
2026-01-31 20:15:17,380 | INFO | Doing UNProductive work at:2026-01-31 20:15:17.356416
2026-01-31 20:15:17,411 | INFO | Doing UNProductive work at:2026-01-31 20:15:17.388465
2026-01-31 20:15:17,442 | INFO | Doing UNProductive work at:2026-01-31 20:15:17.419990
2026-01-31 20:15:17,472 | INFO | Doing UNProductive work at:2026-01-31 20:15:17.451027
2026-01-31 20:15:17,505 | INFO | Doing UNProductive work at:2026-01-31 20:15:17.481993
2026-01-31 20:15:17,537 | INFO | Doing UNProductive work at:2026-01-31 20:15:17.513523
2026-01-31 20:15:17,565 | INFO | Doing UNProductive work at:2026-01-31 20:15:17.545047
2026-01-31 20:15:17,597 | INFO | Doing UNProductive work at:2026-01-31 20:15:17.580799
2026-01-31 20:15:17,628 | INFO | Doing UNProductive work at:2026-01-31 20:15:17.605305
2026-01-31 20:15:17,671 | INFO | Doing UNProductive work at:2026-01-31 20:15:17.656853
2026-01-31 20:15:17,709 | INFO | Doing UNProductive work at:2026-01-31 20:15:17.689903
2026-01-31 20:15:17,740 | INFO | Doing UNProductive work at:2026-01-31 20:15:17.720933
2026-01-31 20:15:17,770 | INFO | Doing UNProductive work at:2026-01-31 20:15:17.754463
2026-01-31 20:15:17,802 | INFO | Doing UNProductive work at:2026-01-31 20:15:17.785499
2026-01-31 20:15:17,832 | INFO | Doing UNProductive work at:2026-01-31 20:15:17.817543
2026-01-31 20:15:17,880 | INFO | Doing UNProductive work at:2026-01-31 20:15:17.851058
2026-01-31 20:15:17,913 | INFO | Doing UNProductive work at:2026-01-31 20:15:17.888636
2026-01-31 20:15:17,943 | INFO | Doing UNProductive work at:2026-01-31 20:15:17.921030
2026-01-31 20:15:18,385 | INFO | Doing UNProductive work at:2026-01-31 20:15:17.950000
2026-01-31 20:15:18,415 | INFO | Doing UNProductive work at:2026-01-31 20:15:18.393208
2026-01-31 20:15:18,444 | INFO | Doing UNProductive work at:2026-01-31 20:15:18.422523
2026-01-31 20:15:18,476 | INFO | Doing UNProductive work at:2026-01-31 20:15:18.451184
2026-01-31 20:15:18,506 | INFO | Doing UNProductive work at:2026-01-31 20:15:18.489590
2026-01-31 20:15:18,538 | INFO | Doing UNProductive work at:2026-01-31 20:15:18.519911
2026-01-31 20:15:18,567 | INFO | Doing UNProductive work at:2026-01-31 20:15:18.550978
2026-01-31 20:15:18,615 | INFO | Doing UNProductive work at:2026-01-31 20:15:18.588794
2026-01-31 20:15:18,647 | INFO | Doing UNProductive work at:2026-01-31 20:15:18.623763
2026-01-31 20:15:18,678 | INFO | Doing UNProductive work at:2026-01-31 20:15:18.655299
2026-01-31 20:15:18,711 | INFO | Doing UNProductive work at:2026-01-31 20:15:18.686338
2026-01-31 20:15:18,741 | INFO | Doing UNProductive work at:2026-01-31 20:15:18.716877
2026-01-31 20:15:18,772 | INFO | Doing UNProductive work at:2026-01-31 20:15:18.749094
2026-01-31 20:15:18,802 | INFO | Doing UNProductive work at:2026-01-31 20:15:18.778328
2026-01-31 20:15:18,834 | INFO | Doing UNProductive work at:2026-01-31 20:15:18.809264
2026-01-31 20:15:18,866 | INFO | Doing UNProductive work at:2026-01-31 20:15:18.839363
2026-01-31 20:15:18,897 | INFO | Doing UNProductive work at:2026-01-31 20:15:18.874119
2026-01-31 20:15:18,945 | INFO | Doing UNProductive work at:2026-01-31 20:15:18.924605
2026-01-31 20:15:18,976 | INFO | Doing UNProductive work at:2026-01-31 20:15:18.952649
2026-01-31 20:15:19,006 | INFO | Doing UNProductive work at:2026-01-31 20:15:18.985472
2026-01-31 20:15:19,037 | INFO | Doing UNProductive work at:2026-01-31 20:15:19.015932
2026-01-31 20:15:19,068 | INFO | Doing UNProductive work at:2026-01-31 20:15:19.049601
2026-01-31 20:15:19,107 | INFO | Doing UNProductive work at:2026-01-31 20:15:19.081823
2026-01-31 20:15:19,204 | INFO | Doing UNProductive work at:2026-01-31 20:15:19.165243
2026-01-31 20:15:19,294 | INFO | Doing UNProductive work at:2026-01-31 20:15:19.258964
2026-01-31 20:15:19,361 | INFO | Doing UNProductive work at:2026-01-31 20:15:19.320913
2026-01-31 20:15:19,435 | INFO | Doing UNProductive work at:2026-01-31 20:15:19.399185
2026-01-31 20:15:19,498 | INFO | Doing UNProductive work at:2026-01-31 20:15:19.461484
2026-01-31 20:15:19,560 | INFO | Doing UNProductive work at:2026-01-31 20:15:19.523204
2026-01-31 20:15:19,624 | INFO | Doing UNProductive work at:2026-01-31 20:15:19.600755
2026-01-31 20:15:19,688 | INFO | Doing UNProductive work at:2026-01-31 20:15:19.663844
2026-01-31 20:15:19,765 | INFO | Doing UNProductive work at:2026-01-31 20:15:19.726464
2026-01-31 20:15:19,845 | INFO | Doing UNProductive work at:2026-01-31 20:15:19.806129
2026-01-31 20:15:19,936 | INFO | Doing UNProductive work at:2026-01-31 20:15:19.900712
2026-01-31 20:15:20,030 | INFO | Doing UNProductive work at:2026-01-31 20:15:19.994463
2026-01-31 20:15:20,092 | INFO | Doing UNProductive work at:2026-01-31 20:15:20.056471
2026-01-31 20:15:20,158 | INFO | Doing UNProductive work at:2026-01-31 20:15:20.119426
2026-01-31 20:15:20,221 | INFO | Doing UNProductive work at:2026-01-31 20:15:20.182726
2026-01-31 20:15:20,284 | INFO | Doing UNProductive work at:2026-01-31 20:15:20.261250
2026-01-31 20:15:20,359 | INFO | Doing UNProductive work at:2026-01-31 20:15:20.322617
2026-01-31 20:15:20,435 | INFO | Doing UNProductive work at:2026-01-31 20:15:20.398646
2026-01-31 20:15:20,531 | INFO | Doing UNProductive work at:2026-01-31 20:15:20.492604
2026-01-31 20:15:20,622 | INFO | Doing UNProductive work at:2026-01-31 20:15:20.585616
2026-01-31 20:15:20,703 | INFO | Doing UNProductive work at:2026-01-31 20:15:20.663745
2026-01-31 20:15:20,764 | INFO | Doing UNProductive work at:2026-01-31 20:15:20.726833
2026-01-31 20:15:20,824 | INFO | Doing UNProductive work at:2026-01-31 20:15:20.788961
2026-01-31 20:15:20,886 | INFO | Doing UNProductive work at:2026-01-31 20:15:20.850693
2026-01-31 20:15:20,966 | INFO | Doing UNProductive work at:2026-01-31 20:15:20.930063
2026-01-31 20:15:21,059 | INFO | Doing UNProductive work at:2026-01-31 20:15:21.023486
2026-01-31 20:15:21,139 | INFO | Doing UNProductive work at:2026-01-31 20:15:21.102212
2026-01-31 20:15:21,219 | INFO | Doing UNProductive work at:2026-01-31 20:15:21.196663
2026-01-31 20:15:21,298 | INFO | Doing UNProductive work at:2026-01-31 20:15:21.259301
2026-01-31 20:15:21,391 | INFO | Doing UNProductive work at:2026-01-31 20:15:21.353668
2026-01-31 20:15:21,439 | INFO | Doing UNProductive work at:2026-01-31 20:15:21.415962
2026-01-31 20:15:21,516 | INFO | Doing UNProductive work at:2026-01-31 20:15:21.479101
2026-01-31 20:15:21,595 | INFO | Doing UNProductive work at:2026-01-31 20:15:21.557604
2026-01-31 20:15:21,657 | INFO | Doing UNProductive work at:2026-01-31 20:15:21.619998
2026-01-31 20:15:21,719 | INFO | Doing UNProductive work at:2026-01-31 20:15:21.682138
2026-01-31 20:15:21,796 | INFO | Doing UNProductive work at:2026-01-31 20:15:21.759367
2026-01-31 20:15:21,890 | INFO | Doing UNProductive work at:2026-01-31 20:15:21.854123
2026-01-31 20:15:21,940 | INFO | Doing UNProductive work at:2026-01-31 20:15:21.915697
2026-01-31 20:15:22,032 | INFO | Doing UNProductive work at:2026-01-31 20:15:21.993480
2026-01-31 20:15:22,094 | INFO | Doing UNProductive work at:2026-01-31 20:15:22.056526
2026-01-31 20:15:22,154 | INFO | Doing UNProductive work at:2026-01-31 20:15:22.118311
2026-01-31 20:15:22,217 | INFO | Doing UNProductive work at:2026-01-31 20:15:22.180741
2026-01-31 20:15:22,299 | INFO | Doing UNProductive work at:2026-01-31 20:15:22.259440
2026-01-31 20:15:22,392 | INFO | Doing UNProductive work at:2026-01-31 20:15:22.354062
2026-01-31 20:15:22,469 | INFO | Doing UNProductive work at:2026-01-31 20:15:22.432127
2026-01-31 20:15:22,562 | INFO | Doing UNProductive work at:2026-01-31 20:15:22.525202
2026-01-31 20:15:22,658 | INFO | Doing UNProductive work at:2026-01-31 20:15:22.618776
2026-01-31 20:15:22,750 | INFO | Doing UNProductive work at:2026-01-31 20:15:22.712515
2026-01-31 20:15:22,811 | INFO | Doing UNProductive work at:2026-01-31 20:15:22.774609
2026-01-31 20:15:22,890 | INFO | Doing UNProductive work at:2026-01-31 20:15:22.854005
2026-01-31 20:15:22,955 | INFO | Doing UNProductive work at:2026-01-31 20:15:22.917143
2026-01-31 20:15:23,016 | INFO | Doing UNProductive work at:2026-01-31 20:15:22.979540
2026-01-31 20:15:23,094 | INFO | Doing UNProductive work at:2026-01-31 20:15:23.056172
2026-01-31 20:15:23,186 | INFO | Doing UNProductive work at:2026-01-31 20:15:23.149277
2026-01-31 20:15:23,280 | INFO | Doing UNProductive work at:2026-01-31 20:15:23.242379
2026-01-31 20:15:23,359 | INFO | Doing UNProductive work at:2026-01-31 20:15:23.321544
2026-01-31 20:15:23,422 | INFO | Doing UNProductive work at:2026-01-31 20:15:23.384330
2026-01-31 20:15:23,485 | INFO | Doing UNProductive work at:2026-01-31 20:15:23.447976
2026-01-31 20:15:23,548 | INFO | Doing UNProductive work at:2026-01-31 20:15:23.511682
2026-01-31 20:15:23,612 | INFO | Doing UNProductive work at:2026-01-31 20:15:23.574438
2026-01-31 20:15:23,674 | INFO | Doing UNProductive work at:2026-01-31 20:15:23.637437
2026-01-31 20:15:23,755 | INFO | Doing UNProductive work at:2026-01-31 20:15:23.716367
2026-01-31 20:15:23,819 | INFO | Doing UNProductive work at:2026-01-31 20:15:23.780003
2026-01-31 20:15:23,894 | INFO | Doing UNProductive work at:2026-01-31 20:15:23.856967
2026-01-31 20:15:23,986 | INFO | Doing UNProductive work at:2026-01-31 20:15:23.951654
2026-01-31 20:15:24,082 | INFO | Doing UNProductive work at:2026-01-31 20:15:24.045179
2026-01-31 20:15:24,161 | INFO | Doing UNProductive work at:2026-01-31 20:15:24.123400
2026-01-31 20:15:24,208 | INFO | Doing UNProductive work at:2026-01-31 20:15:24.185718
2026-01-31 20:15:24,283 | INFO | Doing UNProductive work at:2026-01-31 20:15:24.246346
2026-01-31 20:15:24,346 | INFO | Doing UNProductive work at:2026-01-31 20:15:24.307665
2026-01-31 20:15:24,410 | INFO | Doing UNProductive work at:2026-01-31 20:15:24.370806
2026-01-31 20:15:24,487 | INFO | Doing UNProductive work at:2026-01-31 20:15:24.449421
2026-01-31 20:15:24,582 | INFO | Doing UNProductive work at:2026-01-31 20:15:24.543730
2026-01-31 20:15:24,660 | INFO | Doing UNProductive work at:2026-01-31 20:15:24.621651
2026-01-31 20:15:24,741 | INFO | Doing UNProductive work at:2026-01-31 20:15:24.716305
2026-01-31 20:15:24,814 | INFO | Doing UNProductive work at:2026-01-31 20:15:24.779289
2026-01-31 20:15:24,878 | INFO | Doing UNProductive work at:2026-01-31 20:15:24.841508
2026-01-31 20:15:24,942 | INFO | Doing UNProductive work at:2026-01-31 20:15:24.904862
2026-01-31 20:15:25,020 | INFO | Doing UNProductive work at:2026-01-31 20:15:24.983132
2026-01-31 20:15:25,068 | INFO | Doing UNProductive work at:2026-01-31 20:15:25.046227
2026-01-31 20:15:25,146 | INFO | Doing UNProductive work at:2026-01-31 20:15:25.108342
2026-01-31 20:15:25,205 | INFO | Doing UNProductive work at:2026-01-31 20:15:25.169249
2026-01-31 20:15:25,286 | INFO | Doing UNProductive work at:2026-01-31 20:15:25.248185
2026-01-31 20:15:25,379 | INFO | Doing UNProductive work at:2026-01-31 20:15:25.340496
2026-01-31 20:15:25,457 | INFO | Doing UNProductive work at:2026-01-31 20:15:25.419429
2026-01-31 20:15:25,518 | INFO | Doing UNProductive work at:2026-01-31 20:15:25.482092
2026-01-31 20:15:25,581 | INFO | Doing UNProductive work at:2026-01-31 20:15:25.544408
2026-01-31 20:15:25,644 | INFO | Doing UNProductive work at:2026-01-31 20:15:25.606736
2026-01-31 20:15:25,704 | INFO | Doing UNProductive work at:2026-01-31 20:15:25.668304
2026-01-31 20:15:25,768 | INFO | Doing UNProductive work at:2026-01-31 20:15:25.745969
2026-01-31 20:15:25,845 | INFO | Doing UNProductive work at:2026-01-31 20:15:25.809022
2026-01-31 20:15:25,924 | INFO | Doing UNProductive work at:2026-01-31 20:15:25.886896
2026-01-31 20:15:26,020 | INFO | Doing UNProductive work at:2026-01-31 20:15:25.981581
2026-01-31 20:15:26,113 | INFO | Doing UNProductive work at:2026-01-31 20:15:26.076672
2026-01-31 20:15:26,207 | INFO | Doing UNProductive work at:2026-01-31 20:15:26.170002
2026-01-31 20:15:26,271 | INFO | Doing UNProductive work at:2026-01-31 20:15:26.232700
2026-01-31 20:15:26,347 | INFO | Doing UNProductive work at:2026-01-31 20:15:26.311078
2026-01-31 20:15:26,410 | INFO | Doing UNProductive work at:2026-01-31 20:15:26.374933
2026-01-31 20:15:26,475 | INFO | Doing UNProductive work at:2026-01-31 20:15:26.436039
2026-01-31 20:15:26,521 | INFO | Doing UNProductive work at:2026-01-31 20:15:26.499158
2026-01-31 20:15:26,615 | INFO | Doing UNProductive work at:2026-01-31 20:15:26.576192
2026-01-31 20:15:26,689 | INFO | Doing UNProductive work at:2026-01-31 20:15:26.669378
2026-01-31 20:15:26,752 | INFO | Doing UNProductive work at:2026-01-31 20:15:26.716568
2026-01-31 20:15:26,817 | INFO | Doing UNProductive work at:2026-01-31 20:15:26.778822
2026-01-31 20:15:26,910 | INFO | Doing UNProductive work at:2026-01-31 20:15:26.873815
2026-01-31 20:15:26,972 | INFO | Doing UNProductive work at:2026-01-31 20:15:26.936050
2026-01-31 20:15:27,016 | INFO | Doing UNProductive work at:2026-01-31 20:15:26.998834
2026-01-31 20:15:27,039 | INFO | Doing UNProductive work at:2026-01-31 20:15:27.024514
2026-01-31 20:15:27,073 | INFO | Doing UNProductive work at:2026-01-31 20:15:27.047535
2026-01-31 20:15:27,106 | INFO | Doing UNProductive work at:2026-01-31 20:15:27.081577
2026-01-31 20:15:27,136 | INFO | Doing UNProductive work at:2026-01-31 20:15:27.115250
2026-01-31 20:15:27,168 | INFO | Doing UNProductive work at:2026-01-31 20:15:27.144591
2026-01-31 20:15:27,199 | INFO | Doing UNProductive work at:2026-01-31 20:15:27.177752
2026-01-31 20:15:27,232 | INFO | Doing UNProductive work at:2026-01-31 20:15:27.205722
2026-01-31 20:15:27,261 | INFO | Doing UNProductive work at:2026-01-31 20:15:27.240024
2026-01-31 20:15:27,292 | INFO | Doing UNProductive work at:2026-01-31 20:15:27.269637
2026-01-31 20:15:27,325 | INFO | Doing UNProductive work at:2026-01-31 20:15:27.300774
2026-01-31 20:15:27,355 | INFO | Doing UNProductive work at:2026-01-31 20:15:27.333028
2026-01-31 20:15:27,386 | INFO | Doing UNProductive work at:2026-01-31 20:15:27.363338
2026-01-31 20:15:27,418 | INFO | Doing UNProductive work at:2026-01-31 20:15:27.393078
2026-01-31 20:15:27,447 | INFO | Doing UNProductive work at:2026-01-31 20:15:27.424573
2026-01-31 20:15:27,479 | INFO | Doing UNProductive work at:2026-01-31 20:15:27.453629
2026-01-31 20:15:27,509 | INFO | Doing UNProductive work at:2026-01-31 20:15:27.487031
2026-01-31 20:15:27,540 | INFO | Doing UNProductive work at:2026-01-31 20:15:27.515607
2026-01-31 20:15:27,587 | INFO | Doing UNProductive work at:2026-01-31 20:15:27.563081
2026-01-31 20:15:27,620 | INFO | Doing UNProductive work at:2026-01-31 20:15:27.595183
2026-01-31 20:15:27,650 | INFO | Doing UNProductive work at:2026-01-31 20:15:27.628563
2026-01-31 20:15:27,682 | INFO | Doing UNProductive work at:2026-01-31 20:15:27.659141
2026-01-31 20:15:27,717 | INFO | Doing UNProductive work at:2026-01-31 20:15:27.690798
2026-01-31 20:15:27,790 | INFO | Doing UNProductive work at:2026-01-31 20:15:27.762791
2026-01-31 20:15:27,880 | INFO | Doing UNProductive work at:2026-01-31 20:15:27.841439
2026-01-31 20:15:27,973 | INFO | Doing UNProductive work at:2026-01-31 20:15:27.934528
2026-01-31 20:15:28,045 | INFO | Doing UNProductive work at:2026-01-31 20:15:28.010170
2026-01-31 20:15:28,110 | INFO | Doing UNProductive work at:2026-01-31 20:15:28.073222
2026-01-31 20:15:28,174 | INFO | Doing UNProductive work at:2026-01-31 20:15:28.136137
2026-01-31 20:15:28,235 | INFO | Doing UNProductive work at:2026-01-31 20:15:28.197529
2026-01-31 20:15:28,280 | INFO | Doing UNProductive work at:2026-01-31 20:15:28.258436
2026-01-31 20:15:28,375 | INFO | Doing UNProductive work at:2026-01-31 20:15:28.336216
2026-01-31 20:15:28,466 | INFO | Doing UNProductive work at:2026-01-31 20:15:28.428940
2026-01-31 20:15:28,546 | INFO | Doing UNProductive work at:2026-01-31 20:15:28.507100
2026-01-31 20:15:28,606 | INFO | Doing UNProductive work at:2026-01-31 20:15:28.570030
2026-01-31 20:15:28,667 | INFO | Doing UNProductive work at:2026-01-31 20:15:28.631932
2026-01-31 20:15:28,734 | INFO | Doing UNProductive work at:2026-01-31 20:15:28.695532
2026-01-31 20:15:28,796 | INFO | Doing UNProductive work at:2026-01-31 20:15:28.757941
2026-01-31 20:15:28,861 | INFO | Doing UNProductive work at:2026-01-31 20:15:28.821423
2026-01-31 20:15:28,953 | INFO | Doing UNProductive work at:2026-01-31 20:15:28.915327
2026-01-31 20:15:29,047 | INFO | Doing UNProductive work at:2026-01-31 20:15:29.008675
2026-01-31 20:15:29,123 | INFO | Doing UNProductive work at:2026-01-31 20:15:29.102099
2026-01-31 20:15:29,203 | INFO | Doing UNProductive work at:2026-01-31 20:15:29.164583
2026-01-31 20:15:29,265 | INFO | Doing UNProductive work at:2026-01-31 20:15:29.227556
2026-01-31 20:15:29,343 | INFO | Doing UNProductive work at:2026-01-31 20:15:29.306457
2026-01-31 20:15:29,407 | INFO | Doing UNProductive work at:2026-01-31 20:15:29.369033
2026-01-31 20:15:29,469 | INFO | Doing UNProductive work at:2026-01-31 20:15:29.431182
2026-01-31 20:15:29,531 | INFO | Doing UNProductive work at:2026-01-31 20:15:29.493371
2026-01-31 20:15:29,608 | INFO | Doing UNProductive work at:2026-01-31 20:15:29.571894
2026-01-31 20:15:29,686 | INFO | Doing UNProductive work at:2026-01-31 20:15:29.651059
2026-01-31 20:15:29,768 | INFO | Doing UNProductive work at:2026-01-31 20:15:29.744094
2026-01-31 20:15:29,842 | INFO | Doing UNProductive work at:2026-01-31 20:15:29.806708
2026-01-31 20:15:29,938 | INFO | Doing UNProductive work at:2026-01-31 20:15:29.900861
2026-01-31 20:15:29,999 | INFO | Doing UNProductive work at:2026-01-31 20:15:29.963021
2026-02-01 14:56:29,886 | INFO | Doing UNProductive work at:2026-02-01 14:56:29.834044
2026-02-01 14:56:29,908 | INFO | Doing UNProductive work at:2026-02-01 14:56:29.894327
2026-02-01 14:56:29,954 | INFO | Doing UNProductive work at:2026-02-01 14:56:29.941936
2026-02-01 14:56:29,970 | INFO | Doing UNProductive work at:2026-02-01 14:56:29.963203
2026-02-01 14:56:30,016 | INFO | Doing UNProductive work at:2026-02-01 14:56:30.002653
2026-02-01 14:56:30,032 | INFO | Doing UNProductive work at:2026-02-01 14:56:30.022412
2026-02-01 14:56:30,078 | INFO | Doing UNProductive work at:2026-02-01 14:56:30.066363
2026-02-01 14:56:30,093 | INFO | Doing UNProductive work at:2026-02-01 14:56:30.085262
2026-02-01 14:56:30,154 | INFO | Doing UNProductive work at:2026-02-01 14:56:30.134454
2026-02-01 14:56:30,171 | INFO | Doing UNProductive work at:2026-02-01 14:56:30.160902
2026-02-01 14:56:30,233 | INFO | Doing UNProductive work at:2026-02-01 14:56:30.211276
2026-02-01 14:56:30,248 | INFO | Doing UNProductive work at:2026-02-01 14:56:30.239932
2026-02-01 14:56:30,280 | INFO | Doing UNProductive work at:2026-02-01 14:56:30.272190
2026-02-01 14:56:30,296 | INFO | Doing UNProductive work at:2026-02-01 14:56:30.289128
2026-02-01 14:56:30,343 | INFO | Doing UNProductive work at:2026-02-01 14:56:30.337086
2026-02-01 14:56:30,359 | INFO | Doing UNProductive work at:2026-02-01 14:56:30.349521
2026-02-01 14:56:30,421 | INFO | Doing UNProductive work at:2026-02-01 14:56:30.401760
2026-02-01 14:56:30,437 | INFO | Doing UNProductive work at:2026-02-01 14:56:30.429093
2026-02-01 14:56:30,484 | INFO | Doing UNProductive work at:2026-02-01 14:56:30.466537
2026-02-01 14:56:30,500 | INFO | Doing UNProductive work at:2026-02-01 14:56:30.492802
2026-02-01 14:56:30,547 | INFO | Doing UNProductive work at:2026-02-01 14:56:30.532572
2026-02-01 14:56:30,575 | INFO | Doing UNProductive work at:2026-02-01 14:56:30.553742
2026-02-01 14:56:30,631 | INFO | Doing UNProductive work at:2026-02-01 14:56:30.605496
2026-02-01 14:56:30,662 | INFO | Doing UNProductive work at:2026-02-01 14:56:30.638539
2026-02-01 14:56:30,692 | INFO | Doing UNProductive work at:2026-02-01 14:56:30.672993
2026-02-01 14:56:30,722 | INFO | Doing UNProductive work at:2026-02-01 14:56:30.700800
2026-02-01 14:56:30,755 | INFO | Doing UNProductive work at:2026-02-01 14:56:30.740433
2026-02-01 14:56:30,786 | INFO | Doing UNProductive work at:2026-02-01 14:56:30.763446
2026-02-01 14:56:30,817 | INFO | Doing UNProductive work at:2026-02-01 14:56:30.800825
2026-02-01 14:56:30,850 | INFO | Doing UNProductive work at:2026-02-01 14:56:30.826085
2026-02-01 14:56:30,880 | INFO | Doing UNProductive work at:2026-02-01 14:56:30.868696
2026-02-01 14:56:30,911 | INFO | Doing UNProductive work at:2026-02-01 14:56:30.887701
2026-02-01 14:56:30,959 | INFO | Doing UNProductive work at:2026-02-01 14:56:30.934780
2026-02-01 14:56:30,991 | INFO | Doing UNProductive work at:2026-02-01 14:56:30.964410
2026-02-01 14:56:31,021 | INFO | Doing UNProductive work at:2026-02-01 14:56:31.009315
2026-02-01 14:56:31,052 | INFO | Doing UNProductive work at:2026-02-01 14:56:31.029347
2026-02-01 14:56:31,096 | INFO | Doing UNProductive work at:2026-02-01 14:56:31.073502
2026-02-01 14:56:31,123 | INFO | Doing UNProductive work at:2026-02-01 14:56:31.101670
2026-02-01 14:56:31,170 | INFO | Doing UNProductive work at:2026-02-01 14:56:31.142484
2026-02-01 14:56:31,200 | INFO | Doing UNProductive work at:2026-02-01 14:56:31.176471
2026-02-01 14:56:31,226 | INFO | Doing UNProductive work at:2026-02-01 14:56:31.207904
2026-02-01 14:56:31,262 | INFO | Doing UNProductive work at:2026-02-01 14:56:31.234126
2026-02-01 14:56:31,294 | INFO | Doing UNProductive work at:2026-02-01 14:56:31.270446
2026-02-01 14:56:31,329 | INFO | Doing UNProductive work at:2026-02-01 14:56:31.301723
2026-02-01 14:56:31,350 | INFO | Doing UNProductive work at:2026-02-01 14:56:31.334947
2026-02-01 14:56:31,385 | INFO | Doing UNProductive work at:2026-02-01 14:56:31.358421
2026-02-01 14:56:31,434 | INFO | Doing UNProductive work at:2026-02-01 14:56:31.406656
2026-02-01 14:56:31,466 | INFO | Doing UNProductive work at:2026-02-01 14:56:31.442609
2026-02-01 14:56:31,497 | INFO | Doing UNProductive work at:2026-02-01 14:56:31.470879
2026-02-01 14:56:31,532 | INFO | Doing UNProductive work at:2026-02-01 14:56:31.505239
2026-02-01 14:56:31,560 | INFO | Doing UNProductive work at:2026-02-01 14:56:31.542307
2026-02-01 14:56:31,591 | INFO | Doing UNProductive work at:2026-02-01 14:56:31.570348
2026-02-01 14:56:31,620 | INFO | Doing UNProductive work at:2026-02-01 14:56:31.602503
2026-02-01 14:56:31,651 | INFO | Doing UNProductive work at:2026-02-01 14:56:31.629016
2026-02-01 14:56:31,697 | INFO | Doing UNProductive work at:2026-02-01 14:56:31.665775
2026-02-01 14:56:31,730 | INFO | Doing UNProductive work at:2026-02-01 14:56:31.706001
2026-02-01 14:56:31,759 | INFO | Doing UNProductive work at:2026-02-01 14:56:31.739291
2026-02-01 14:56:31,791 | INFO | Doing UNProductive work at:2026-02-01 14:56:31.766046
2026-02-01 14:56:31,836 | INFO | Doing UNProductive work at:2026-02-01 14:56:31.809978
2026-02-01 14:56:31,868 | INFO | Doing UNProductive work at:2026-02-01 14:56:31.844911
2026-02-01 14:56:31,891 | INFO | Doing UNProductive work at:2026-02-01 14:56:31.874986
2026-02-01 14:56:31,930 | INFO | Doing UNProductive work at:2026-02-01 14:56:31.899084
2026-02-01 14:56:31,956 | INFO | Doing UNProductive work at:2026-02-01 14:56:31.941162
2026-02-01 14:56:31,992 | INFO | Doing UNProductive work at:2026-02-01 14:56:31.962554
2026-02-01 14:56:32,024 | INFO | Doing UNProductive work at:2026-02-01 14:56:32.001570
2026-02-01 14:56:32,056 | INFO | Doing UNProductive work at:2026-02-01 14:56:32.033352
2026-02-01 14:56:32,085 | INFO | Doing UNProductive work at:2026-02-01 14:56:32.067050
2026-02-01 14:56:32,117 | INFO | Doing UNProductive work at:2026-02-01 14:56:32.092209
2026-02-01 14:56:32,165 | INFO | Doing UNProductive work at:2026-02-01 14:56:32.132807
2026-02-01 14:56:32,195 | INFO | Doing UNProductive work at:2026-02-01 14:56:32.174040
2026-02-01 14:56:32,224 | INFO | Doing UNProductive work at:2026-02-01 14:56:32.209113
2026-02-01 14:56:32,256 | INFO | Doing UNProductive work at:2026-02-01 14:56:32.230323
2026-02-01 14:56:32,303 | INFO | Doing UNProductive work at:2026-02-01 14:56:32.276753
2026-02-01 14:56:32,336 | INFO | Doing UNProductive work at:2026-02-01 14:56:32.311303
2026-02-01 14:56:32,367 | INFO | Doing UNProductive work at:2026-02-01 14:56:32.344030
2026-02-01 14:56:32,399 | INFO | Doing UNProductive work at:2026-02-01 14:56:32.376227
2026-02-01 14:56:32,431 | INFO | Doing UNProductive work at:2026-02-01 14:56:32.408439
2026-02-01 14:56:32,462 | INFO | Doing UNProductive work at:2026-02-01 14:56:32.439059
2026-02-01 14:56:32,492 | INFO | Doing UNProductive work at:2026-02-01 14:56:32.469641
2026-02-01 14:56:32,525 | INFO | Doing UNProductive work at:2026-02-01 14:56:32.500678
2026-02-01 14:56:32,555 | INFO | Doing UNProductive work at:2026-02-01 14:56:32.533637
2026-02-01 14:56:32,579 | INFO | Doing UNProductive work at:2026-02-01 14:56:32.563370
2026-02-01 14:56:32,626 | INFO | Doing UNProductive work at:2026-02-01 14:56:32.611010
2026-02-01 14:56:32,656 | INFO | Doing UNProductive work at:2026-02-01 14:56:32.634300
2026-02-01 14:56:32,687 | INFO | Doing UNProductive work at:2026-02-01 14:56:32.672883
2026-02-01 14:56:32,719 | INFO | Doing UNProductive work at:2026-02-01 14:56:32.693198
2026-02-01 14:56:32,767 | INFO | Doing UNProductive work at:2026-02-01 14:56:32.741608
2026-02-01 14:56:32,797 | INFO | Doing UNProductive work at:2026-02-01 14:56:32.774724
2026-02-01 14:56:32,830 | INFO | Doing UNProductive work at:2026-02-01 14:56:32.805811
2026-02-01 14:56:32,860 | INFO | Doing UNProductive work at:2026-02-01 14:56:32.838225
2026-02-01 14:56:32,890 | INFO | Doing UNProductive work at:2026-02-01 14:56:32.867576
2026-02-01 14:56:32,922 | INFO | Doing UNProductive work at:2026-02-01 14:56:32.898937
2026-02-01 14:56:32,952 | INFO | Doing UNProductive work at:2026-02-01 14:56:32.933022
2026-02-01 14:56:32,983 | INFO | Doing UNProductive work at:2026-02-01 14:56:32.958237
2026-02-01 14:56:33,032 | INFO | Doing UNProductive work at:2026-02-01 14:56:33.010740
2026-02-01 14:56:33,063 | INFO | Doing UNProductive work at:2026-02-01 14:56:33.040811
2026-02-01 14:56:33,094 | INFO | Doing UNProductive work at:2026-02-01 14:56:33.072386
2026-02-01 14:56:33,112 | INFO | Doing UNProductive work at:2026-02-01 14:56:33.102468
2026-02-01 14:56:33,147 | INFO | Doing UNProductive work at:2026-02-01 14:56:33.137806
2026-02-01 14:56:33,171 | INFO | Doing UNProductive work at:2026-02-01 14:56:33.155017
2026-02-01 14:56:33,202 | INFO | Doing UNProductive work at:2026-02-01 14:56:33.178445
2026-02-01 14:56:33,234 | INFO | Doing UNProductive work at:2026-02-01 14:56:33.209175
2026-02-01 14:56:33,264 | INFO | Doing UNProductive work at:2026-02-01 14:56:33.241427
2026-02-01 14:56:33,297 | INFO | Doing UNProductive work at:2026-02-01 14:56:33.272031
2026-02-01 14:56:33,327 | INFO | Doing UNProductive work at:2026-02-01 14:56:33.304746
2026-02-01 14:56:33,359 | INFO | Doing UNProductive work at:2026-02-01 14:56:33.334329
2026-02-01 14:56:33,390 | INFO | Doing UNProductive work at:2026-02-01 14:56:33.364427
2026-02-01 14:56:33,422 | INFO | Doing UNProductive work at:2026-02-01 14:56:33.398409
2026-02-01 14:56:33,469 | INFO | Doing UNProductive work at:2026-02-01 14:56:33.441294
2026-02-01 14:56:33,499 | INFO | Doing UNProductive work at:2026-02-01 14:56:33.475929
2026-02-01 14:56:33,531 | INFO | Doing UNProductive work at:2026-02-01 14:56:33.506604
2026-02-01 14:56:33,562 | INFO | Doing UNProductive work at:2026-02-01 14:56:33.536287
2026-02-01 14:56:33,593 | INFO | Doing UNProductive work at:2026-02-01 14:56:33.571062
2026-02-01 14:56:33,625 | INFO | Doing UNProductive work at:2026-02-01 14:56:33.599794
2026-02-01 14:56:33,656 | INFO | Doing UNProductive work at:2026-02-01 14:56:33.635083
2026-02-01 14:56:33,687 | INFO | Doing UNProductive work at:2026-02-01 14:56:33.667166
2026-02-01 14:56:33,717 | INFO | Doing UNProductive work at:2026-02-01 14:56:33.697696
2026-02-01 14:56:33,748 | INFO | Doing UNProductive work at:2026-02-01 14:56:33.728377
2026-02-01 14:56:33,779 | INFO | Doing UNProductive work at:2026-02-01 14:56:33.760843
2026-02-01 14:56:33,811 | INFO | Doing UNProductive work at:2026-02-01 14:56:33.795029
2026-02-01 14:56:33,858 | INFO | Doing UNProductive work at:2026-02-01 14:56:33.841277
2026-02-01 14:56:33,888 | INFO | Doing UNProductive work at:2026-02-01 14:56:33.874587
2026-02-01 14:56:33,920 | INFO | Doing UNProductive work at:2026-02-01 14:56:33.906148
2026-02-01 14:56:33,950 | INFO | Doing UNProductive work at:2026-02-01 14:56:33.937405
2026-02-01 14:56:33,999 | INFO | Doing UNProductive work at:2026-02-01 14:56:33.972275
2026-02-01 14:56:34,030 | INFO | Doing UNProductive work at:2026-02-01 14:56:34.006582
2026-02-01 14:56:34,061 | INFO | Doing UNProductive work at:2026-02-01 14:56:34.037560
2026-02-01 14:56:34,092 | INFO | Doing UNProductive work at:2026-02-01 14:56:34.069124
2026-02-01 14:56:34,124 | INFO | Doing UNProductive work at:2026-02-01 14:56:34.099057
2026-02-01 14:56:34,154 | INFO | Doing UNProductive work at:2026-02-01 14:56:34.133093
2026-02-01 14:56:34,186 | INFO | Doing UNProductive work at:2026-02-01 14:56:34.163529
2026-02-01 14:56:34,216 | INFO | Doing UNProductive work at:2026-02-01 14:56:34.193071
2026-02-01 14:56:34,264 | INFO | Doing UNProductive work at:2026-02-01 14:56:34.238602
2026-02-01 14:56:34,296 | INFO | Doing UNProductive work at:2026-02-01 14:56:34.273891
2026-02-01 14:56:34,328 | INFO | Doing UNProductive work at:2026-02-01 14:56:34.308139
2026-02-01 14:56:34,358 | INFO | Doing UNProductive work at:2026-02-01 14:56:34.336293
2026-02-01 14:56:34,391 | INFO | Doing UNProductive work at:2026-02-01 14:56:34.370129
2026-02-01 14:56:34,420 | INFO | Doing UNProductive work at:2026-02-01 14:56:34.401969
2026-02-01 14:56:34,451 | INFO | Doing UNProductive work at:2026-02-01 14:56:34.433327
2026-02-01 14:56:34,483 | INFO | Doing UNProductive work at:2026-02-01 14:56:34.468033
2026-02-01 14:56:34,513 | INFO | Doing UNProductive work at:2026-02-01 14:56:34.497138
2026-02-01 14:56:34,545 | INFO | Doing UNProductive work at:2026-02-01 14:56:34.530605
2026-02-01 14:56:34,576 | INFO | Doing UNProductive work at:2026-02-01 14:56:34.560929
2026-02-01 14:56:34,609 | INFO | Doing UNProductive work at:2026-02-01 14:56:34.595910
2026-02-01 14:56:34,656 | INFO | Doing UNProductive work at:2026-02-01 14:56:34.641897
2026-02-01 14:56:34,687 | INFO | Doing UNProductive work at:2026-02-01 14:56:34.672859
2026-02-01 14:56:34,736 | INFO | Doing UNProductive work at:2026-02-01 14:56:34.706771
2026-02-01 14:56:34,764 | INFO | Doing UNProductive work at:2026-02-01 14:56:34.741312
2026-02-01 14:56:34,796 | INFO | Doing UNProductive work at:2026-02-01 14:56:34.771858
2026-02-01 14:56:34,828 | INFO | Doing UNProductive work at:2026-02-01 14:56:34.804366
2026-02-01 14:56:34,857 | INFO | Doing UNProductive work at:2026-02-01 14:56:34.836111
2026-02-01 14:56:34,890 | INFO | Doing UNProductive work at:2026-02-01 14:56:34.866619
2026-02-01 14:56:34,920 | INFO | Doing UNProductive work at:2026-02-01 14:56:34.899038
2026-02-01 14:56:34,951 | INFO | Doing UNProductive work at:2026-02-01 14:56:34.930938
2026-02-01 14:56:34,981 | INFO | Doing UNProductive work at:2026-02-01 14:56:34.965873
2026-02-01 14:56:35,018 | INFO | Doing UNProductive work at:2026-02-01 14:56:34.993628
2026-02-01 14:56:35,064 | INFO | Doing UNProductive work at:2026-02-01 14:56:35.043709
2026-02-01 14:56:35,093 | INFO | Doing UNProductive work at:2026-02-01 14:56:35.074685
2026-02-01 14:56:35,124 | INFO | Doing UNProductive work at:2026-02-01 14:56:35.105602
2026-02-01 14:56:35,171 | INFO | Doing UNProductive work at:2026-02-01 14:56:35.142153
2026-02-01 14:56:35,204 | INFO | Doing UNProductive work at:2026-02-01 14:56:35.179916
2026-02-01 14:56:35,234 | INFO | Doing UNProductive work at:2026-02-01 14:56:35.213430
2026-02-01 14:56:35,265 | INFO | Doing UNProductive work at:2026-02-01 14:56:35.242690
2026-02-01 14:56:35,296 | INFO | Doing UNProductive work at:2026-02-01 14:56:35.273162
2026-02-01 14:56:35,327 | INFO | Doing UNProductive work at:2026-02-01 14:56:35.304188
2026-02-01 14:56:35,357 | INFO | Doing UNProductive work at:2026-02-01 14:56:35.332775
2026-02-01 14:56:35,389 | INFO | Doing UNProductive work at:2026-02-01 14:56:35.366750
2026-02-01 14:56:35,419 | INFO | Doing UNProductive work at:2026-02-01 14:56:35.397042
2026-02-01 14:56:35,467 | INFO | Doing UNProductive work at:2026-02-01 14:56:35.443806
2026-02-01 14:56:35,498 | INFO | Doing UNProductive work at:2026-02-01 14:56:35.477331
2026-02-01 14:56:35,529 | INFO | Doing UNProductive work at:2026-02-01 14:56:35.508098
2026-02-01 14:56:35,553 | INFO | Doing UNProductive work at:2026-02-01 14:56:35.536595
2026-02-01 14:56:35,591 | INFO | Doing UNProductive work at:2026-02-01 14:56:35.569845
2026-02-01 14:56:35,621 | INFO | Doing UNProductive work at:2026-02-01 14:56:35.603867
2026-02-01 14:56:35,670 | INFO | Doing UNProductive work at:2026-02-01 14:56:35.637407
2026-02-01 14:56:35,700 | INFO | Doing UNProductive work at:2026-02-01 14:56:35.675505
2026-02-01 14:56:35,731 | INFO | Doing UNProductive work at:2026-02-01 14:56:35.708474
2026-02-01 14:56:35,763 | INFO | Doing UNProductive work at:2026-02-01 14:56:35.739239
2026-02-01 14:56:35,787 | INFO | Doing UNProductive work at:2026-02-01 14:56:35.771528
2026-02-01 14:56:35,824 | INFO | Doing UNProductive work at:2026-02-01 14:56:35.796082
2026-02-01 14:56:35,872 | INFO | Doing UNProductive work at:2026-02-01 14:56:35.842192
2026-02-01 14:56:35,904 | INFO | Doing UNProductive work at:2026-02-01 14:56:35.880264
2026-02-01 14:56:35,933 | INFO | Doing UNProductive work at:2026-02-01 14:56:35.911818
2026-02-01 14:56:35,964 | INFO | Doing UNProductive work at:2026-02-01 14:56:35.941592
2026-02-01 14:56:35,995 | INFO | Doing UNProductive work at:2026-02-01 14:56:35.973938
2026-02-01 14:56:36,027 | INFO | Doing UNProductive work at:2026-02-01 14:56:36.002921
2026-02-01 14:56:36,057 | INFO | Doing UNProductive work at:2026-02-01 14:56:36.035486
2026-02-01 14:56:36,087 | INFO | Doing UNProductive work at:2026-02-01 14:56:36.066092
2026-02-01 14:56:36,120 | INFO | Doing UNProductive work at:2026-02-01 14:56:36.099511
2026-02-01 14:56:36,150 | INFO | Doing UNProductive work at:2026-02-01 14:56:36.133221
2026-02-01 14:56:36,183 | INFO | Doing UNProductive work at:2026-02-01 14:56:36.163306
2026-02-01 14:56:36,214 | INFO | Doing UNProductive work at:2026-02-01 14:56:36.195445
2026-02-01 14:56:36,247 | INFO | Doing UNProductive work at:2026-02-01 14:56:36.227482
2026-02-01 14:56:36,294 | INFO | Doing UNProductive work at:2026-02-01 14:56:36.276694
2026-02-01 14:56:36,339 | INFO | Doing UNProductive work at:2026-02-01 14:56:36.309820
2026-02-01 14:56:36,372 | INFO | Doing UNProductive work at:2026-02-01 14:56:36.347472
2026-02-01 14:56:36,403 | INFO | Doing UNProductive work at:2026-02-01 14:56:36.380627
2026-02-01 14:56:36,433 | INFO | Doing UNProductive work at:2026-02-01 14:56:36.410808
2026-02-01 14:56:36,465 | INFO | Doing UNProductive work at:2026-02-01 14:56:36.437403
2026-02-01 14:56:36,492 | INFO | Doing UNProductive work at:2026-02-01 14:56:36.471580
2026-02-01 14:56:36,522 | INFO | Doing UNProductive work at:2026-02-01 14:56:36.500619
2026-02-01 14:56:36,553 | INFO | Doing UNProductive work at:2026-02-01 14:56:36.531339
2026-02-01 14:56:36,586 | INFO | Doing UNProductive work at:2026-02-01 14:56:36.562974
2026-02-01 14:56:36,617 | INFO | Doing UNProductive work at:2026-02-01 14:56:36.593602
2026-02-01 14:56:36,650 | INFO | Doing UNProductive work at:2026-02-01 14:56:36.629269
2026-02-01 14:56:36,681 | INFO | Doing UNProductive work at:2026-02-01 14:56:36.658889
2026-02-01 14:56:36,728 | INFO | Doing UNProductive work at:2026-02-01 14:56:36.708062
2026-02-01 14:56:36,759 | INFO | Doing UNProductive work at:2026-02-01 14:56:36.739205
2026-02-01 14:56:36,791 | INFO | Doing UNProductive work at:2026-02-01 14:56:36.771380
2026-02-01 14:56:36,824 | INFO | Doing UNProductive work at:2026-02-01 14:56:36.804996
2026-02-01 14:56:36,854 | INFO | Doing UNProductive work at:2026-02-01 14:56:36.835145
2026-02-01 14:56:36,884 | INFO | Doing UNProductive work at:2026-02-01 14:56:36.866771
2026-02-01 14:56:36,916 | INFO | Doing UNProductive work at:2026-02-01 14:56:36.899396
2026-02-01 14:56:36,947 | INFO | Doing UNProductive work at:2026-02-01 14:56:36.932052
2026-02-01 14:56:36,979 | INFO | Doing UNProductive work at:2026-02-01 14:56:36.965263
2026-02-01 14:56:37,011 | INFO | Doing UNProductive work at:2026-02-01 14:56:36.995317
2026-02-01 14:56:37,041 | INFO | Doing UNProductive work at:2026-02-01 14:56:37.027513
2026-02-01 14:56:37,080 | INFO | Doing UNProductive work at:2026-02-01 14:56:37.059126
2026-02-01 14:56:37,126 | INFO | Doing UNProductive work at:2026-02-01 14:56:37.104301
2026-02-01 14:56:37,172 | INFO | Doing UNProductive work at:2026-02-01 14:56:37.142502
2026-02-01 14:56:37,197 | INFO | Doing UNProductive work at:2026-02-01 14:56:37.180613
2026-02-01 14:56:37,237 | INFO | Doing UNProductive work at:2026-02-01 14:56:37.205206
2026-02-01 14:56:37,268 | INFO | Doing UNProductive work at:2026-02-01 14:56:37.245365
2026-02-01 14:56:37,294 | INFO | Doing UNProductive work at:2026-02-01 14:56:37.276542
2026-02-01 14:56:37,329 | INFO | Doing UNProductive work at:2026-02-01 14:56:37.302122
2026-02-01 14:56:37,362 | INFO | Doing UNProductive work at:2026-02-01 14:56:37.336336
2026-02-01 14:56:37,390 | INFO | Doing UNProductive work at:2026-02-01 14:56:37.371450
2026-02-01 14:56:37,424 | INFO | Doing UNProductive work at:2026-02-01 14:56:37.397052
2026-02-01 14:56:37,455 | INFO | Doing UNProductive work at:2026-02-01 14:56:37.432159
2026-02-01 14:56:37,485 | INFO | Doing UNProductive work at:2026-02-01 14:56:37.463820
2026-02-01 14:56:37,531 | INFO | Doing UNProductive work at:2026-02-01 14:56:37.506114
2026-02-01 14:56:37,564 | INFO | Doing UNProductive work at:2026-02-01 14:56:37.539107
2026-02-01 14:56:37,589 | INFO | Doing Productive work at:2026-02-01 14:56:37.572764
2026-02-01 14:56:37,620 | INFO | Doing Productive work at:2026-02-01 14:56:37.602968
2026-02-01 14:56:37,659 | INFO | Doing Productive work at:2026-02-01 14:56:37.638147
2026-02-01 14:56:37,691 | INFO | Doing Productive work at:2026-02-01 14:56:37.667731
2026-02-01 14:56:37,722 | INFO | Doing Productive work at:2026-02-01 14:56:37.700904
2026-02-01 14:56:37,753 | INFO | Doing Productive work at:2026-02-01 14:56:37.731052
2026-02-01 14:56:37,783 | INFO | Doing Productive work at:2026-02-01 14:56:37.762213
2026-02-01 14:56:37,830 | INFO | Doing Productive work at:2026-02-01 14:56:37.798302
2026-02-01 14:56:37,862 | INFO | Doing Productive work at:2026-02-01 14:56:37.839287
2026-02-01 14:56:37,893 | INFO | Doing Productive work at:2026-02-01 14:56:37.869197
2026-02-01 14:56:37,938 | INFO | Doing Productive work at:2026-02-01 14:56:37.906770
2026-02-01 14:56:37,970 | INFO | Doing Productive work at:2026-02-01 14:56:37.946775
2026-02-01 14:56:37,999 | INFO | Doing Productive work at:2026-02-01 14:56:37.977387
2026-02-01 14:56:38,031 | INFO | Doing Productive work at:2026-02-01 14:56:38.007496
2026-02-01 14:56:38,061 | INFO | Doing Productive work at:2026-02-01 14:56:38.039024
2026-02-01 14:56:38,091 | INFO | Doing Productive work at:2026-02-01 14:56:38.069186
2026-02-01 14:56:38,123 | INFO | Doing Productive work at:2026-02-01 14:56:38.099734
2026-02-01 14:56:38,152 | INFO | Doing Productive work at:2026-02-01 14:56:38.134394
2026-02-01 14:56:38,185 | INFO | Doing Productive work at:2026-02-01 14:56:38.163014
2026-02-01 14:56:38,219 | INFO | Doing Productive work at:2026-02-01 14:56:38.194641
2026-02-01 14:56:38,249 | INFO | Doing Productive work at:2026-02-01 14:56:38.228293
2026-02-01 14:56:38,282 | INFO | Doing Productive work at:2026-02-01 14:56:38.259920
2026-02-01 14:56:38,328 | INFO | Doing Productive work at:2026-02-01 14:56:38.310109
2026-02-01 14:56:38,360 | INFO | Doing Productive work at:2026-02-01 14:56:38.338361
2026-02-01 14:56:38,387 | INFO | Doing Productive work at:2026-02-01 14:56:38.370788
2026-02-01 14:56:38,422 | INFO | Doing Productive work at:2026-02-01 14:56:38.402978
2026-02-01 14:56:38,470 | INFO | Doing Productive work at:2026-02-01 14:56:38.435695
2026-02-01 14:56:38,501 | INFO | Doing Productive work at:2026-02-01 14:56:38.478978
2026-02-01 14:56:38,532 | INFO | Doing Productive work at:2026-02-01 14:56:38.510398
2026-02-01 14:56:38,566 | INFO | Doing Productive work at:2026-02-01 14:56:38.539440
2026-02-01 14:56:38,595 | INFO | Doing Productive work at:2026-02-01 14:56:38.573172
2026-02-01 14:56:38,626 | INFO | Doing Productive work at:2026-02-01 14:56:38.604849
2026-02-01 14:56:38,651 | INFO | Doing Productive work at:2026-02-01 14:56:38.634139
2026-02-01 14:56:38,684 | INFO | Doing Productive work at:2026-02-01 14:56:38.659997
2026-02-01 14:56:38,731 | INFO | Doing Productive work at:2026-02-01 14:56:38.707721
2026-02-01 14:56:38,762 | INFO | Doing Productive work at:2026-02-01 14:56:38.740152
2026-02-01 14:56:38,793 | INFO | Doing Productive work at:2026-02-01 14:56:38.768859
2026-02-01 14:56:38,825 | INFO | Doing Productive work at:2026-02-01 14:56:38.805368
2026-02-01 14:56:38,858 | INFO | Doing Productive work at:2026-02-01 14:56:38.832870
2026-02-01 14:56:38,888 | INFO | Doing Productive work at:2026-02-01 14:56:38.867693
2026-02-01 14:56:38,919 | INFO | Doing Productive work at:2026-02-01 14:56:38.896917
2026-02-01 14:56:38,949 | INFO | Doing Productive work at:2026-02-01 14:56:38.930761
2026-02-01 14:56:38,982 | INFO | Doing Productive work at:2026-02-01 14:56:38.964938
2026-02-01 14:56:39,027 | INFO | Doing Productive work at:2026-02-01 14:56:38.995676
2026-02-01 14:56:39,059 | INFO | Doing Productive work at:2026-02-01 14:56:39.035652
2026-02-01 14:56:39,091 | INFO | Doing Productive work at:2026-02-01 14:56:39.067247
2026-02-01 14:56:39,122 | INFO | Doing Productive work at:2026-02-01 14:56:39.099877
2026-02-01 14:56:39,170 | INFO | Doing Productive work at:2026-02-01 14:56:39.140568
2026-02-01 14:56:39,202 | INFO | Doing Productive work at:2026-02-01 14:56:39.178703
2026-02-01 14:56:39,232 | INFO | Doing Productive work at:2026-02-01 14:56:39.210292
2026-02-01 14:56:39,266 | INFO | Doing Productive work at:2026-02-01 14:56:39.240426
2026-02-01 14:56:39,292 | INFO | Doing Productive work at:2026-02-01 14:56:39.274559
2026-02-01 14:56:39,331 | INFO | Doing Productive work at:2026-02-01 14:56:39.301157
2026-02-01 14:56:39,373 | INFO | Doing Productive work at:2026-02-01 14:56:39.339334
2026-02-01 14:56:39,402 | INFO | Doing Productive work at:2026-02-01 14:56:39.379241
2026-02-01 14:56:39,434 | INFO | Doing Productive work at:2026-02-01 14:56:39.410632
2026-02-01 14:56:39,466 | INFO | Doing Productive work at:2026-02-01 14:56:39.442327
2026-02-01 14:56:39,496 | INFO | Doing Productive work at:2026-02-01 14:56:39.474749
2026-02-01 14:56:39,528 | INFO | Doing Productive work at:2026-02-01 14:56:39.504461
2026-02-01 14:56:39,560 | INFO | Doing Productive work at:2026-02-01 14:56:39.538571
2026-02-01 14:56:39,592 | INFO | Doing Productive work at:2026-02-01 14:56:39.570670
2026-02-01 14:56:39,614 | INFO | Doing UNProductive work at:2026-02-01 14:56:39.602306
2026-02-01 14:56:39,659 | INFO | Doing Productive work at:2026-02-01 14:56:39.636454
2026-02-01 14:56:39,687 | INFO | Doing UNProductive work at:2026-02-01 14:56:39.665589
2026-02-01 14:56:39,737 | INFO | Doing Productive work at:2026-02-01 14:56:39.700777
2026-02-01 14:56:39,767 | INFO | Doing Productive work at:2026-02-01 14:56:39.745959
2026-02-01 14:56:39,799 | INFO | Doing Productive work at:2026-02-01 14:56:39.775645
2026-02-01 14:56:39,830 | INFO | Doing Productive work at:2026-02-01 14:56:39.808283
2026-02-01 14:56:39,850 | INFO | Doing UNProductive work at:2026-02-01 14:56:39.838453
2026-02-01 14:56:39,885 | INFO | Doing UNProductive work at:2026-02-01 14:56:39.859039
2026-02-01 14:56:39,915 | INFO | Doing UNProductive work at:2026-02-01 14:56:39.893674
2026-02-01 14:56:39,974 | INFO | Doing UNProductive work at:2026-02-01 14:56:39.939373
2026-02-01 14:56:40,003 | INFO | Doing UNProductive work at:2026-02-01 14:56:39.982566
2026-02-01 14:56:40,035 | INFO | Doing UNProductive work at:2026-02-01 14:56:40.011154
2026-02-01 14:56:40,066 | INFO | Doing UNProductive work at:2026-02-01 14:56:40.043751
2026-02-01 14:56:40,099 | INFO | Doing Productive work at:2026-02-01 14:56:40.074834
2026-02-01 14:56:40,128 | INFO | Doing Productive work at:2026-02-01 14:56:40.108467
2026-02-01 14:56:40,161 | INFO | Doing Productive work at:2026-02-01 14:56:40.136618
2026-02-01 14:56:40,191 | INFO | Doing UNProductive work at:2026-02-01 14:56:40.169720
2026-02-01 14:56:40,224 | INFO | Doing UNProductive work at:2026-02-01 14:56:40.199804
2026-02-01 14:56:40,256 | INFO | Doing UNProductive work at:2026-02-01 14:56:40.232493
2026-02-01 14:56:40,286 | INFO | Doing UNProductive work at:2026-02-01 14:56:40.263630
2026-02-01 14:56:40,320 | INFO | Doing Productive work at:2026-02-01 14:56:40.294715
2026-02-01 14:56:40,364 | INFO | Doing Productive work at:2026-02-01 14:56:40.338891
2026-02-01 14:56:40,398 | INFO | Doing Productive work at:2026-02-01 14:56:40.372992
2026-02-01 14:56:40,426 | INFO | Doing Productive work at:2026-02-01 14:56:40.405667
2026-02-01 14:56:40,455 | INFO | Doing UNProductive work at:2026-02-01 14:56:40.434764
2026-02-01 14:56:40,502 | INFO | Doing UNProductive work at:2026-02-01 14:56:40.470947
2026-02-01 14:56:40,534 | INFO | Doing UNProductive work at:2026-02-01 14:56:40.510574
2026-02-01 14:56:40,565 | INFO | Doing UNProductive work at:2026-02-01 14:56:40.542720
2026-02-01 14:56:40,597 | INFO | Doing Productive work at:2026-02-01 14:56:40.574857
2026-02-01 14:56:40,631 | INFO | Doing Productive work at:2026-02-01 14:56:40.605451
2026-02-01 14:56:40,661 | INFO | Doing UNProductive work at:2026-02-01 14:56:40.639642
2026-02-01 14:56:40,691 | INFO | Doing UNProductive work at:2026-02-01 14:56:40.669196
2026-02-01 14:56:40,724 | INFO | Doing Productive work at:2026-02-01 14:56:40.699814
2026-02-01 14:56:40,772 | INFO | Doing Productive work at:2026-02-01 14:56:40.739519
2026-02-01 14:56:40,805 | INFO | Doing Productive work at:2026-02-01 14:56:40.780656
2026-02-01 14:56:40,834 | INFO | Doing UNProductive work at:2026-02-01 14:56:40.812775
2026-02-01 14:56:40,866 | INFO | Doing UNProductive work at:2026-02-01 14:56:40.842850
2026-02-01 14:56:40,896 | INFO | Doing Productive work at:2026-02-01 14:56:40.874950
2026-02-01 14:56:40,926 | INFO | Doing Productive work at:2026-02-01 14:56:40.904616
2026-02-01 14:56:40,957 | INFO | Doing UNProductive work at:2026-02-01 14:56:40.934797
2026-02-01 14:56:40,988 | INFO | Doing UNProductive work at:2026-02-01 14:56:40.965391
2026-02-01 14:56:41,019 | INFO | Doing UNProductive work at:2026-02-01 14:56:40.996985
2026-02-01 14:56:41,052 | INFO | Doing UNProductive work at:2026-02-01 14:56:41.027672
2026-02-01 14:56:41,082 | INFO | Doing UNProductive work at:2026-02-01 14:56:41.060273
2026-02-01 14:56:41,113 | INFO | Doing UNProductive work at:2026-02-01 14:56:41.089900
2026-02-01 14:56:41,161 | INFO | Doing UNProductive work at:2026-02-01 14:56:41.140615
2026-02-01 14:56:41,192 | INFO | Doing UNProductive work at:2026-02-01 14:56:41.171171
2026-02-01 14:56:41,225 | INFO | Doing UNProductive work at:2026-02-01 14:56:41.202341
2026-02-01 14:56:41,250 | INFO | Doing UNProductive work at:2026-02-01 14:56:41.234436
2026-02-01 14:56:41,283 | INFO | Doing UNProductive work at:2026-02-01 14:56:41.266584
2026-02-01 14:56:41,333 | INFO | Doing UNProductive work at:2026-02-01 14:56:41.301189
2026-02-01 14:56:41,366 | INFO | Doing UNProductive work at:2026-02-01 14:56:41.342374
2026-02-01 14:56:41,397 | INFO | Doing UNProductive work at:2026-02-01 14:56:41.375497
2026-02-01 14:56:41,431 | INFO | Doing UNProductive work at:2026-02-01 14:56:41.405127
2026-02-01 14:56:41,462 | INFO | Doing UNProductive work at:2026-02-01 14:56:41.439324
2026-02-01 14:56:41,493 | INFO | Doing UNProductive work at:2026-02-01 14:56:41.470442
2026-02-01 14:56:41,526 | INFO | Doing UNProductive work at:2026-02-01 14:56:41.502118
2026-02-01 14:56:41,572 | INFO | Doing UNProductive work at:2026-02-01 14:56:41.539261
2026-02-01 14:56:41,605 | INFO | Doing UNProductive work at:2026-02-01 14:56:41.580435
2026-02-01 14:56:41,635 | INFO | Doing UNProductive work at:2026-02-01 14:56:41.612614
2026-02-01 14:56:41,669 | INFO | Doing UNProductive work at:2026-02-01 14:56:41.643697
2026-02-01 14:56:41,701 | INFO | Doing UNProductive work at:2026-02-01 14:56:41.676833
2026-02-01 14:56:41,728 | INFO | Doing UNProductive work at:2026-02-01 14:56:41.709423
2026-02-01 14:56:41,759 | INFO | Doing Productive work at:2026-02-01 14:56:41.736625
2026-02-01 14:56:41,791 | INFO | Doing Productive work at:2026-02-01 14:56:41.767180
2026-02-01 14:56:41,818 | INFO | Doing Productive work at:2026-02-01 14:56:41.799773
2026-02-01 14:56:41,837 | INFO | Doing UNProductive work at:2026-02-01 14:56:41.828469
2026-02-01 14:56:41,878 | INFO | Doing UNProductive work at:2026-02-01 14:56:41.858058
2026-02-01 14:56:41,919 | INFO | Doing UNProductive work at:2026-02-01 14:56:41.891692
2026-02-01 14:56:41,949 | INFO | Doing UNProductive work at:2026-02-01 14:56:41.927412
2026-02-01 14:56:41,993 | INFO | Doing Productive work at:2026-02-01 14:56:41.972583
2026-02-01 14:56:42,020 | INFO | Doing Productive work at:2026-02-01 14:56:42.002224
2026-02-01 14:56:42,055 | INFO | Doing UNProductive work at:2026-02-01 14:56:42.035363
2026-02-01 14:56:42,087 | INFO | Doing UNProductive work at:2026-02-01 14:56:42.066578
2026-02-01 14:56:42,120 | INFO | Doing UNProductive work at:2026-02-01 14:56:42.099624
2026-02-01 14:56:42,163 | INFO | Doing UNProductive work at:2026-02-01 14:56:42.133314
2026-02-01 14:56:42,196 | INFO | Doing Productive work at:2026-02-01 14:56:42.171932
2026-02-01 14:56:42,222 | INFO | Doing Productive work at:2026-02-01 14:56:42.204101
2026-02-01 14:56:42,254 | INFO | Doing Productive work at:2026-02-01 14:56:42.230243
2026-02-01 14:56:42,288 | INFO | Doing Productive work at:2026-02-01 14:56:42.262859
2026-02-01 14:56:42,319 | INFO | Doing Productive work at:2026-02-01 14:56:42.296489
2026-02-01 14:56:42,347 | INFO | Doing Productive work at:2026-02-01 14:56:42.327234
2026-02-01 14:56:42,394 | INFO | Doing Productive work at:2026-02-01 14:56:42.370850
2026-02-01 14:56:42,426 | INFO | Doing Productive work at:2026-02-01 14:56:42.405041
2026-02-01 14:56:42,456 | INFO | Doing Productive work at:2026-02-01 14:56:42.435212
2026-02-01 14:56:42,488 | INFO | Doing Productive work at:2026-02-01 14:56:42.469423
2026-02-01 14:56:42,520 | INFO | Doing Productive work at:2026-02-01 14:56:42.499468
2026-02-01 14:56:42,552 | INFO | Doing Productive work at:2026-02-01 14:56:42.531124
2026-02-01 14:56:42,583 | INFO | Doing Productive work at:2026-02-01 14:56:42.563298
2026-02-01 14:56:42,615 | INFO | Doing Productive work at:2026-02-01 14:56:42.595383
2026-02-01 14:56:42,649 | INFO | Doing Productive work at:2026-02-01 14:56:42.629519
2026-02-01 14:56:42,679 | INFO | Doing Productive work at:2026-02-01 14:56:42.659151
2026-02-01 14:56:42,710 | INFO | Doing Productive work at:2026-02-01 14:56:42.690766
2026-02-01 14:56:42,743 | INFO | Doing Productive work at:2026-02-01 14:56:42.722443
2026-02-01 14:56:42,788 | INFO | Doing Productive work at:2026-02-01 14:56:42.769672
2026-02-01 14:56:42,821 | INFO | Doing Productive work at:2026-02-01 14:56:42.804259
2026-02-01 14:56:42,865 | INFO | Doing Productive work at:2026-02-01 14:56:42.835405
2026-02-01 14:56:42,898 | INFO | Doing Productive work at:2026-02-01 14:56:42.873612
2026-02-01 14:56:42,922 | INFO | Doing UNProductive work at:2026-02-01 14:56:42.906199
2026-02-01 14:56:42,954 | INFO | Doing UNProductive work at:2026-02-01 14:56:42.931362
2026-02-01 14:56:42,984 | INFO | Doing UNProductive work at:2026-02-01 14:56:42.965991
2026-02-01 14:56:43,016 | INFO | Doing UNProductive work at:2026-02-01 14:56:42.995628
2026-02-01 14:56:43,048 | INFO | Doing UNProductive work at:2026-02-01 14:56:43.027321
2026-02-01 14:56:43,079 | INFO | Doing UNProductive work at:2026-02-01 14:56:43.058950
2026-02-01 14:56:43,109 | INFO | Doing UNProductive work at:2026-02-01 14:56:43.090577
2026-02-01 14:56:43,142 | INFO | Doing UNProductive work at:2026-02-01 14:56:43.123295
2026-02-01 14:56:43,189 | INFO | Doing UNProductive work at:2026-02-01 14:56:43.170916
2026-02-01 14:56:43,220 | INFO | Doing UNProductive work at:2026-02-01 14:56:43.202097
2026-02-01 14:56:43,251 | INFO | Doing UNProductive work at:2026-02-01 14:56:43.235275
2026-02-01 14:56:43,284 | INFO | Doing UNProductive work at:2026-02-01 14:56:43.268276
2026-02-01 14:56:43,329 | INFO | Doing UNProductive work at:2026-02-01 14:56:43.302665
2026-02-01 14:56:43,360 | INFO | Doing UNProductive work at:2026-02-01 14:56:43.337590
2026-02-01 14:56:43,392 | INFO | Doing UNProductive work at:2026-02-01 14:56:43.367322
2026-02-01 14:56:43,423 | INFO | Doing UNProductive work at:2026-02-01 14:56:43.400679
2026-02-01 14:56:43,456 | INFO | Doing UNProductive work at:2026-02-01 14:56:43.431359
2026-02-01 14:56:43,486 | INFO | Doing UNProductive work at:2026-02-01 14:56:43.463155
2026-02-01 14:56:43,518 | INFO | Doing UNProductive work at:2026-02-01 14:56:43.494254
2026-02-01 14:56:43,550 | INFO | Doing UNProductive work at:2026-02-01 14:56:43.526237
2026-02-01 14:56:43,596 | INFO | Doing UNProductive work at:2026-02-01 14:56:43.572016
2026-02-01 14:56:43,626 | INFO | Doing UNProductive work at:2026-02-01 14:56:43.604869
2026-02-01 14:56:43,660 | INFO | Doing UNProductive work at:2026-02-01 14:56:43.635238
2026-02-01 14:56:43,689 | INFO | Doing UNProductive work at:2026-02-01 14:56:43.669971
2026-02-01 14:56:43,719 | INFO | Doing UNProductive work at:2026-02-01 14:56:43.698865
2026-02-01 14:56:43,750 | INFO | Doing UNProductive work at:2026-02-01 14:56:43.729717
2026-02-01 14:56:43,782 | INFO | Doing UNProductive work at:2026-02-01 14:56:43.762851
2026-02-01 14:56:43,812 | INFO | Doing UNProductive work at:2026-02-01 14:56:43.798628
2026-02-01 14:56:43,845 | INFO | Doing UNProductive work at:2026-02-01 14:56:43.825447
2026-02-01 14:56:43,875 | INFO | Doing UNProductive work at:2026-02-01 14:56:43.858424
2026-02-01 14:56:43,907 | INFO | Doing UNProductive work at:2026-02-01 14:56:43.890481
2026-02-01 14:56:43,937 | INFO | Doing UNProductive work at:2026-02-01 14:56:43.922783
2026-02-01 14:56:43,999 | INFO | Doing UNProductive work at:2026-02-01 14:56:43.974551
2026-02-01 14:56:44,031 | INFO | Doing UNProductive work at:2026-02-01 14:56:44.006092
2026-02-01 14:56:44,061 | INFO | Doing UNProductive work at:2026-02-01 14:56:44.038632
2026-02-01 14:56:44,093 | INFO | Doing UNProductive work at:2026-02-01 14:56:44.068058
2026-02-01 14:56:44,122 | INFO | Doing UNProductive work at:2026-02-01 14:56:44.099227
2026-02-01 14:56:44,151 | INFO | Doing UNProductive work at:2026-02-01 14:56:44.133705
2026-02-01 14:56:44,183 | INFO | Doing UNProductive work at:2026-02-01 14:56:44.161433
2026-02-01 14:56:44,206 | INFO | Doing UNProductive work at:2026-02-01 14:56:44.193578
2026-02-01 14:56:44,241 | INFO | Doing UNProductive work at:2026-02-01 14:56:44.228702
2026-02-01 14:56:44,279 | INFO | Doing UNProductive work at:2026-02-01 14:56:44.259546
2026-02-01 14:56:44,310 | INFO | Doing UNProductive work at:2026-02-01 14:56:44.294172
2026-02-01 14:56:44,342 | INFO | Doing UNProductive work at:2026-02-01 14:56:44.322245
2026-02-01 14:56:44,372 | INFO | Doing UNProductive work at:2026-02-01 14:56:44.355049
2026-02-01 14:56:44,417 | INFO | Doing UNProductive work at:2026-02-01 14:56:44.404549
2026-02-01 14:56:44,449 | INFO | Doing UNProductive work at:2026-02-01 14:56:44.434299
2026-02-01 14:56:44,496 | INFO | Doing UNProductive work at:2026-02-01 14:56:44.468876
2026-02-01 14:56:44,527 | INFO | Doing UNProductive work at:2026-02-01 14:56:44.503838
2026-02-01 14:56:44,556 | INFO | Doing UNProductive work at:2026-02-01 14:56:44.534703
2026-02-01 14:56:44,587 | INFO | Doing UNProductive work at:2026-02-01 14:56:44.564236
2026-02-01 14:56:44,617 | INFO | Doing UNProductive work at:2026-02-01 14:56:44.595519
2026-02-01 14:56:44,648 | INFO | Doing UNProductive work at:2026-02-01 14:56:44.630157
2026-02-01 14:56:44,680 | INFO | Doing UNProductive work at:2026-02-01 14:56:44.657971
2026-02-01 14:56:44,712 | INFO | Doing UNProductive work at:2026-02-01 14:56:44.691307
2026-02-01 14:56:44,742 | INFO | Doing UNProductive work at:2026-02-01 14:56:44.723436
2026-02-01 14:56:44,774 | INFO | Doing UNProductive work at:2026-02-01 14:56:44.753097
2026-02-01 14:56:44,822 | INFO | Doing UNProductive work at:2026-02-01 14:56:44.803384
2026-02-01 14:56:44,852 | INFO | Doing UNProductive work at:2026-02-01 14:56:44.835540
2026-02-01 14:56:44,884 | INFO | Doing UNProductive work at:2026-02-01 14:56:44.865701
2026-02-01 14:56:44,916 | INFO | Doing UNProductive work at:2026-02-01 14:56:44.897308
2026-02-01 14:56:44,947 | INFO | Doing UNProductive work at:2026-02-01 14:56:44.930934
2026-02-01 14:56:44,978 | INFO | Doing UNProductive work at:2026-02-01 14:56:44.961789
2026-02-01 14:56:45,011 | INFO | Doing UNProductive work at:2026-02-01 14:56:44.994954
2026-02-01 14:56:45,042 | INFO | Doing UNProductive work at:2026-02-01 14:56:45.026434
2026-02-01 14:56:45,072 | INFO | Doing UNProductive work at:2026-02-01 14:56:45.059314
2026-02-01 14:56:45,105 | INFO | Doing UNProductive work at:2026-02-01 14:56:45.089379
2026-02-01 14:56:45,137 | INFO | Doing UNProductive work at:2026-02-01 14:56:45.124563
2026-02-01 14:56:45,168 | INFO | Doing UNProductive work at:2026-02-01 14:56:45.153931
2026-02-01 14:56:45,212 | INFO | Doing UNProductive work at:2026-02-01 14:56:45.202747
2026-02-01 14:56:45,246 | INFO | Doing UNProductive work at:2026-02-01 14:56:45.235095
2026-02-01 14:56:45,277 | INFO | Doing UNProductive work at:2026-02-01 14:56:45.266560
2026-02-01 14:56:45,324 | INFO | Doing UNProductive work at:2026-02-01 14:56:45.301617
2026-02-01 14:56:45,354 | INFO | Doing UNProductive work at:2026-02-01 14:56:45.330892
2026-02-01 14:56:45,390 | INFO | Doing UNProductive work at:2026-02-01 14:56:45.364035
2026-02-01 14:56:45,427 | INFO | Doing Productive work at:2026-02-01 14:56:45.399809
2026-02-01 14:56:45,470 | INFO | Doing Productive work at:2026-02-01 14:56:45.435558
2026-02-01 14:56:45,499 | INFO | Doing Productive work at:2026-02-01 14:56:45.478658
2026-02-01 14:56:45,533 | INFO | Doing Productive work at:2026-02-01 14:56:45.507266
2026-02-01 14:56:45,564 | INFO | Doing Productive work at:2026-02-01 14:56:45.540978
2026-02-01 14:56:45,597 | INFO | Doing Productive work at:2026-02-01 14:56:45.570531
2026-02-01 14:56:45,627 | INFO | Doing Productive work at:2026-02-01 14:56:45.604872
2026-02-01 14:56:45,656 | INFO | Doing Productive work at:2026-02-01 14:56:45.636832
2026-02-01 14:56:45,689 | INFO | Doing Productive work at:2026-02-01 14:56:45.667763
2026-02-01 14:56:45,720 | INFO | Doing Productive work at:2026-02-01 14:56:45.700455
2026-02-01 14:56:45,750 | INFO | Doing Productive work at:2026-02-01 14:56:45.731738
2026-02-01 14:56:45,786 | INFO | Doing Productive work at:2026-02-01 14:56:45.762381
2026-02-01 14:56:45,829 | INFO | Doing Productive work at:2026-02-01 14:56:45.798947
2026-02-01 14:56:45,859 | INFO | Doing Productive work at:2026-02-01 14:56:45.836289
2026-02-01 14:56:45,890 | INFO | Doing Productive work at:2026-02-01 14:56:45.866749
2026-02-01 14:56:45,920 | INFO | Doing Productive work at:2026-02-01 14:56:45.897624
2026-02-01 14:56:45,953 | INFO | Doing Productive work at:2026-02-01 14:56:45.927792
2026-02-01 14:56:45,983 | INFO | Doing Productive work at:2026-02-01 14:56:45.960877
2026-02-01 14:56:46,029 | INFO | Doing Productive work at:2026-02-01 14:56:46.001984
2026-02-01 14:56:46,063 | INFO | Doing Productive work at:2026-02-01 14:56:46.037113
2026-02-01 14:56:46,093 | INFO | Doing Productive work at:2026-02-01 14:56:46.069099
2026-02-01 14:56:46,125 | INFO | Doing Productive work at:2026-02-01 14:56:46.100465
2026-02-01 14:56:46,151 | INFO | Doing UNProductive work at:2026-02-01 14:56:46.134420
2026-02-01 14:56:46,186 | INFO | Doing Productive work at:2026-02-01 14:56:46.159932
2026-02-01 14:56:46,209 | INFO | Doing UNProductive work at:2026-02-01 14:56:46.195891
2026-02-01 14:56:46,253 | INFO | Doing Productive work at:2026-02-01 14:56:46.225938
2026-02-01 14:56:46,284 | INFO | Doing Productive work at:2026-02-01 14:56:46.262209
2026-02-01 14:56:46,304 | INFO | Doing UNProductive work at:2026-02-01 14:56:46.293533
2026-02-01 14:56:46,337 | INFO | Doing UNProductive work at:2026-02-01 14:56:46.324034
2026-02-01 14:56:46,368 | INFO | Doing UNProductive work at:2026-02-01 14:56:46.354803
2026-02-01 14:56:46,400 | INFO | Doing UNProductive work at:2026-02-01 14:56:46.384499
2026-02-01 14:56:46,464 | INFO | Doing UNProductive work at:2026-02-01 14:56:46.435294
2026-02-01 14:56:46,495 | INFO | Doing UNProductive work at:2026-02-01 14:56:46.469913
2026-02-01 14:56:46,526 | INFO | Doing UNProductive work at:2026-02-01 14:56:46.501665
2026-02-01 14:56:46,555 | INFO | Doing UNProductive work at:2026-02-01 14:56:46.534214
2026-02-01 14:56:46,586 | INFO | Doing UNProductive work at:2026-02-01 14:56:46.563511
2026-02-01 14:56:46,618 | INFO | Doing UNProductive work at:2026-02-01 14:56:46.593438
2026-02-01 14:56:46,649 | INFO | Doing UNProductive work at:2026-02-01 14:56:46.627115
2026-02-01 14:56:46,679 | INFO | Doing UNProductive work at:2026-02-01 14:56:46.658133
2026-02-01 14:56:46,709 | INFO | Doing UNProductive work at:2026-02-01 14:56:46.691093
2026-02-01 14:56:46,742 | INFO | Doing UNProductive work at:2026-02-01 14:56:46.722332
2026-02-01 14:56:46,773 | INFO | Doing UNProductive work at:2026-02-01 14:56:46.755888
2026-02-01 14:56:46,806 | INFO | Doing UNProductive work at:2026-02-01 14:56:46.789086
2026-02-01 14:56:46,836 | INFO | Doing UNProductive work at:2026-02-01 14:56:46.818961
2026-02-01 14:56:46,883 | INFO | Doing UNProductive work at:2026-02-01 14:56:46.867803
2026-02-01 14:56:46,914 | INFO | Doing UNProductive work at:2026-02-01 14:56:46.898882
2026-02-01 14:56:46,962 | INFO | Doing UNProductive work at:2026-02-01 14:56:46.931647
2026-02-01 14:56:46,991 | INFO | Doing UNProductive work at:2026-02-01 14:56:46.968794
2026-02-01 14:56:47,023 | INFO | Doing UNProductive work at:2026-02-01 14:56:47.000754
2026-02-01 14:56:47,053 | INFO | Doing UNProductive work at:2026-02-01 14:56:47.030032
2026-02-01 14:56:47,084 | INFO | Doing UNProductive work at:2026-02-01 14:56:47.059715
2026-02-01 14:56:47,117 | INFO | Doing UNProductive work at:2026-02-01 14:56:47.092965
2026-02-01 14:56:47,147 | INFO | Doing UNProductive work at:2026-02-01 14:56:47.126851
2026-02-01 14:56:47,178 | INFO | Doing UNProductive work at:2026-02-01 14:56:47.155087
2026-02-01 14:56:47,209 | INFO | Doing UNProductive work at:2026-02-01 14:56:47.187905
2026-02-01 14:56:47,239 | INFO | Doing UNProductive work at:2026-02-01 14:56:47.220142
2026-02-01 14:56:47,271 | INFO | Doing UNProductive work at:2026-02-01 14:56:47.251889
2026-02-01 14:56:47,318 | INFO | Doing UNProductive work at:2026-02-01 14:56:47.302146
2026-02-01 14:56:47,349 | INFO | Doing UNProductive work at:2026-02-01 14:56:47.330259
2026-02-01 14:56:47,381 | INFO | Doing UNProductive work at:2026-02-01 14:56:47.362610
2026-02-01 14:56:47,410 | INFO | Doing UNProductive work at:2026-02-01 14:56:47.394256
2026-02-01 14:56:47,442 | INFO | Doing UNProductive work at:2026-02-01 14:56:47.425324
2026-02-01 14:56:47,486 | INFO | Doing UNProductive work at:2026-02-01 14:56:47.460980
2026-02-01 14:56:47,504 | INFO | Doing UNProductive work at:2026-02-01 14:56:47.494103
2026-02-01 14:56:47,535 | INFO | Doing UNProductive work at:2026-02-01 14:56:47.521963
2026-02-01 14:56:47,562 | INFO | Doing UNProductive work at:2026-02-01 14:56:47.554127
2026-02-01 14:56:47,614 | INFO | Doing UNProductive work at:2026-02-01 14:56:47.587811
2026-02-01 14:56:47,646 | INFO | Doing UNProductive work at:2026-02-01 14:56:47.619478
2026-02-01 14:56:47,708 | INFO | Doing UNProductive work at:2026-02-01 14:56:47.681041
2026-02-01 14:56:47,740 | INFO | Doing UNProductive work at:2026-02-01 14:56:47.715947
2026-02-01 14:56:47,771 | INFO | Doing UNProductive work at:2026-02-01 14:56:47.748311
2026-02-01 14:56:47,803 | INFO | Doing UNProductive work at:2026-02-01 14:56:47.780130
2026-02-01 14:56:47,833 | INFO | Doing UNProductive work at:2026-02-01 14:56:47.811310
2026-02-01 14:56:47,865 | INFO | Doing UNProductive work at:2026-02-01 14:56:47.841531
2026-02-01 14:56:47,895 | INFO | Doing UNProductive work at:2026-02-01 14:56:47.873177
2026-02-01 14:56:47,926 | INFO | Doing UNProductive work at:2026-02-01 14:56:47.903826
2026-02-01 14:56:47,959 | INFO | Doing UNProductive work at:2026-02-01 14:56:47.934091
2026-02-01 14:56:47,989 | INFO | Doing UNProductive work at:2026-02-01 14:56:47.967677
2026-02-01 14:56:48,022 | INFO | Doing UNProductive work at:2026-02-01 14:56:47.997125
2026-02-01 14:56:48,052 | INFO | Doing UNProductive work at:2026-02-01 14:56:48.030653
2026-02-01 14:56:48,096 | INFO | Doing UNProductive work at:2026-02-01 14:56:48.083446
2026-02-01 14:56:48,130 | INFO | Doing UNProductive work at:2026-02-01 14:56:48.116272
2026-02-01 14:56:48,162 | INFO | Doing UNProductive work at:2026-02-01 14:56:48.137610
2026-02-01 14:56:48,193 | INFO | Doing UNProductive work at:2026-02-01 14:56:48.170127
2026-02-01 14:56:48,225 | INFO | Doing UNProductive work at:2026-02-01 14:56:48.199406
2026-02-01 14:56:48,255 | INFO | Doing UNProductive work at:2026-02-01 14:56:48.233631
2026-02-01 14:56:48,286 | INFO | Doing UNProductive work at:2026-02-01 14:56:48.264459
2026-02-01 14:56:48,324 | INFO | Doing UNProductive work at:2026-02-01 14:56:48.292278
2026-02-01 14:56:48,357 | INFO | Doing Productive work at:2026-02-01 14:56:48.330716
2026-02-01 14:56:48,385 | INFO | Doing Productive work at:2026-02-01 14:56:48.364211
2026-02-01 14:56:48,415 | INFO | Doing Productive work at:2026-02-01 14:56:48.393767
2026-02-01 14:56:48,448 | INFO | Doing Productive work at:2026-02-01 14:56:48.420890
2026-02-01 14:56:48,509 | INFO | Doing Productive work at:2026-02-01 14:56:48.482343
2026-02-01 14:56:48,539 | INFO | Doing Productive work at:2026-02-01 14:56:48.518059
2026-02-01 14:56:48,571 | INFO | Doing Productive work at:2026-02-01 14:56:48.543962
2026-02-01 14:56:48,602 | INFO | Doing Productive work at:2026-02-01 14:56:48.580302
2026-02-01 14:56:48,636 | INFO | Doing Productive work at:2026-02-01 14:56:48.608572
2026-02-01 14:56:48,665 | INFO | Doing Productive work at:2026-02-01 14:56:48.643398
2026-02-01 14:56:48,696 | INFO | Doing Productive work at:2026-02-01 14:56:48.672088
2026-02-01 14:56:48,727 | INFO | Doing Productive work at:2026-02-01 14:56:48.702847
2026-02-01 14:56:48,759 | INFO | Doing Productive work at:2026-02-01 14:56:48.735073
2026-02-01 14:56:48,792 | INFO | Doing Productive work at:2026-02-01 14:56:48.767808
2026-02-01 14:56:48,822 | INFO | Doing Productive work at:2026-02-01 14:56:48.799303
2026-02-01 14:56:48,851 | INFO | Doing Productive work at:2026-02-01 14:56:48.829603
2026-02-01 14:56:48,899 | INFO | Doing Productive work at:2026-02-01 14:56:48.881211
2026-02-01 14:56:48,947 | INFO | Doing Productive work at:2026-02-01 14:56:48.914729
2026-02-01 14:56:48,976 | INFO | Doing Productive work at:2026-02-01 14:56:48.955532
2026-02-01 14:56:49,008 | INFO | Doing Productive work at:2026-02-01 14:56:48.983659
2026-02-01 14:56:49,039 | INFO | Doing Productive work at:2026-02-01 14:56:49.016245
2026-02-01 14:56:49,071 | INFO | Doing Productive work at:2026-02-01 14:56:49.047413
2026-02-01 14:56:49,101 | INFO | Doing Productive work at:2026-02-01 14:56:49.079574
2026-02-01 14:56:49,133 | INFO | Doing Productive work at:2026-02-01 14:56:49.109161
2026-02-01 14:56:49,163 | INFO | Doing Productive work at:2026-02-01 14:56:49.142365
2026-02-01 14:56:49,196 | INFO | Doing Productive work at:2026-02-01 14:56:49.171948
2026-02-01 14:56:49,227 | INFO | Doing Productive work at:2026-02-01 14:56:49.204119
2026-02-01 14:56:49,257 | INFO | Doing Productive work at:2026-02-01 14:56:49.235295
2026-02-01 14:56:49,302 | INFO | Doing Productive work at:2026-02-01 14:56:49.285551
2026-02-01 14:56:49,331 | INFO | Doing Productive work at:2026-02-01 14:56:49.315687
2026-02-01 14:56:49,368 | INFO | Doing Productive work at:2026-02-01 14:56:49.346564
2026-02-01 14:56:49,399 | INFO | Doing Productive work at:2026-02-01 14:56:49.379839
2026-02-01 14:56:49,430 | INFO | Doing Productive work at:2026-02-01 14:56:49.410665
2026-02-01 14:56:49,462 | INFO | Doing Productive work at:2026-02-01 14:56:49.438788
2026-02-01 14:56:49,492 | INFO | Doing Productive work at:2026-02-01 14:56:49.469998
2026-02-01 14:56:49,525 | INFO | Doing Productive work at:2026-02-01 14:56:49.501486
2026-02-01 14:56:49,552 | INFO | Doing Productive work at:2026-02-01 14:56:49.533208
2026-02-01 14:56:49,584 | INFO | Doing Productive work at:2026-02-01 14:56:49.560845
2026-02-01 14:56:49,618 | INFO | Doing Productive work at:2026-02-01 14:56:49.590745
2026-02-01 14:56:49,649 | INFO | Doing Productive work at:2026-02-01 14:56:49.626238
2026-02-01 14:56:49,710 | INFO | Doing Productive work at:2026-02-01 14:56:49.683434
2026-02-01 14:56:49,742 | INFO | Doing Productive work at:2026-02-01 14:56:49.719147
2026-02-01 14:56:49,773 | INFO | Doing Productive work at:2026-02-01 14:56:49.750764
2026-02-01 14:56:49,803 | INFO | Doing Productive work at:2026-02-01 14:56:49.782277
2026-02-01 14:56:49,835 | INFO | Doing Productive work at:2026-02-01 14:56:49.812130
2026-02-01 14:56:49,865 | INFO | Doing Productive work at:2026-02-01 14:56:49.844621
2026-02-01 14:56:49,896 | INFO | Doing Productive work at:2026-02-01 14:56:49.873311
2026-02-01 14:56:49,927 | INFO | Doing Productive work at:2026-02-01 14:56:49.902991
2026-02-01 14:56:49,960 | INFO | Doing Productive work at:2026-02-01 14:56:49.936040
2026-02-01 14:56:49,990 | INFO | Doing Productive work at:2026-02-01 14:56:49.967309
2026-02-01 14:56:50,023 | INFO | Doing Productive work at:2026-02-01 14:56:49.998313
2026-02-01 14:56:50,054 | INFO | Doing Productive work at:2026-02-01 14:56:50.031985
2026-02-01 14:56:50,100 | INFO | Doing Productive work at:2026-02-01 14:56:50.083318
2026-02-01 14:59:29,141 | INFO | Doing UNProductive work at:2026-02-01 14:59:29.087298
2026-02-01 14:59:29,158 | INFO | Doing UNProductive work at:2026-02-01 14:59:29.150923
2026-02-01 14:59:29,181 | INFO | Doing UNProductive work at:2026-02-01 14:59:29.165627
2026-02-01 14:59:29,196 | INFO | Doing UNProductive work at:2026-02-01 14:59:29.188599
2026-02-01 14:59:29,227 | INFO | Doing UNProductive work at:2026-02-01 14:59:29.220969
2026-02-01 14:59:29,242 | INFO | Doing UNProductive work at:2026-02-01 14:59:29.235531
2026-02-01 14:59:29,290 | INFO | Doing UNProductive work at:2026-02-01 14:59:29.281035
2026-02-01 14:59:29,321 | INFO | Doing UNProductive work at:2026-02-01 14:59:29.299177
2026-02-01 14:59:29,367 | INFO | Doing UNProductive work at:2026-02-01 14:59:29.352934
2026-02-01 14:59:29,383 | INFO | Doing UNProductive work at:2026-02-01 14:59:29.375072
2026-02-01 14:59:29,414 | INFO | Doing UNProductive work at:2026-02-01 14:59:29.408700
2026-02-01 14:59:29,430 | INFO | Doing UNProductive work at:2026-02-01 14:59:29.422286
2026-02-01 14:59:29,492 | INFO | Doing UNProductive work at:2026-02-01 14:59:29.477580
2026-02-01 14:59:29,507 | INFO | Doing UNProductive work at:2026-02-01 14:59:29.500632
2026-02-01 14:59:29,569 | INFO | Doing UNProductive work at:2026-02-01 14:59:29.562462
2026-02-01 14:59:29,586 | INFO | Doing UNProductive work at:2026-02-01 14:59:29.577509
2026-02-01 14:59:29,632 | INFO | Doing UNProductive work at:2026-02-01 14:59:29.620091
2026-02-01 14:59:29,649 | INFO | Doing UNProductive work at:2026-02-01 14:59:29.640726
2026-02-01 14:59:29,695 | INFO | Doing UNProductive work at:2026-02-01 14:59:29.685030
2026-02-01 14:59:29,712 | INFO | Doing UNProductive work at:2026-02-01 14:59:29.702132
2026-02-01 14:59:29,758 | INFO | Doing UNProductive work at:2026-02-01 14:59:29.751285
2026-02-01 14:59:29,774 | INFO | Doing UNProductive work at:2026-02-01 14:59:29.766420
2026-02-01 14:59:29,830 | INFO | Doing UNProductive work at:2026-02-01 14:59:29.812651
2026-02-01 14:59:29,858 | INFO | Doing UNProductive work at:2026-02-01 14:59:29.838691
2026-02-01 14:59:29,889 | INFO | Doing UNProductive work at:2026-02-01 14:59:29.878383
2026-02-01 14:59:29,919 | INFO | Doing UNProductive work at:2026-02-01 14:59:29.897418
2026-02-01 14:59:29,967 | INFO | Doing UNProductive work at:2026-02-01 14:59:29.943623
2026-02-01 14:59:29,999 | INFO | Doing UNProductive work at:2026-02-01 14:59:29.976334
2026-02-01 14:59:30,029 | INFO | Doing UNProductive work at:2026-02-01 14:59:30.007954
2026-02-01 14:59:30,061 | INFO | Doing UNProductive work at:2026-02-01 14:59:30.036579
2026-02-01 14:59:30,107 | INFO | Doing UNProductive work at:2026-02-01 14:59:30.086279
2026-02-01 14:59:30,140 | INFO | Doing UNProductive work at:2026-02-01 14:59:30.115854
2026-02-01 14:59:30,170 | INFO | Doing UNProductive work at:2026-02-01 14:59:30.148476
2026-02-01 14:59:30,201 | INFO | Doing UNProductive work at:2026-02-01 14:59:30.179158
2026-02-01 14:59:30,232 | INFO | Doing UNProductive work at:2026-02-01 14:59:30.212795
2026-02-01 14:59:30,264 | INFO | Doing UNProductive work at:2026-02-01 14:59:30.240423
2026-02-01 14:59:30,295 | INFO | Doing UNProductive work at:2026-02-01 14:59:30.277106
2026-02-01 14:59:30,326 | INFO | Doing UNProductive work at:2026-02-01 14:59:30.304726
2026-02-01 14:59:30,371 | INFO | Doing UNProductive work at:2026-02-01 14:59:30.341347
2026-02-01 14:59:30,411 | INFO | Doing UNProductive work at:2026-02-01 14:59:30.379074
2026-02-01 14:59:30,442 | INFO | Doing UNProductive work at:2026-02-01 14:59:30.420220
2026-02-01 14:59:30,473 | INFO | Doing UNProductive work at:2026-02-01 14:59:30.450843
2026-02-01 14:59:30,502 | INFO | Doing UNProductive work at:2026-02-01 14:59:30.481014
2026-02-01 14:59:30,566 | INFO | Doing UNProductive work at:2026-02-01 14:59:30.536284
2026-02-01 14:59:30,598 | INFO | Doing UNProductive work at:2026-02-01 14:59:30.574985
2026-02-01 14:59:30,628 | INFO | Doing UNProductive work at:2026-02-01 14:59:30.609574
2026-02-01 14:59:30,659 | INFO | Doing UNProductive work at:2026-02-01 14:59:30.636181
2026-02-01 14:59:30,683 | INFO | Doing UNProductive work at:2026-02-01 14:59:30.667309
2026-02-01 14:59:30,722 | INFO | Doing UNProductive work at:2026-02-01 14:59:30.691935
2026-02-01 14:59:30,753 | INFO | Doing UNProductive work at:2026-02-01 14:59:30.730068
2026-02-01 14:59:30,778 | INFO | Doing UNProductive work at:2026-02-01 14:59:30.760240
2026-02-01 14:59:30,813 | INFO | Doing UNProductive work at:2026-02-01 14:59:30.786853
2026-02-01 14:59:30,840 | INFO | Doing UNProductive work at:2026-02-01 14:59:30.820972
2026-02-01 14:59:30,871 | INFO | Doing UNProductive work at:2026-02-01 14:59:30.848014
2026-02-01 14:59:30,905 | INFO | Doing UNProductive work at:2026-02-01 14:59:30.878733
2026-02-01 14:59:30,960 | INFO | Doing UNProductive work at:2026-02-01 14:59:30.935968
2026-02-01 14:59:30,989 | INFO | Doing UNProductive work at:2026-02-01 14:59:30.968068
2026-02-01 14:59:31,019 | INFO | Doing UNProductive work at:2026-02-01 14:59:30.997670
2026-02-01 14:59:31,051 | INFO | Doing UNProductive work at:2026-02-01 14:59:31.027815
2026-02-01 14:59:31,081 | INFO | Doing UNProductive work at:2026-02-01 14:59:31.057403
2026-02-01 14:59:31,112 | INFO | Doing UNProductive work at:2026-02-01 14:59:31.089586
2026-02-01 14:59:31,145 | INFO | Doing UNProductive work at:2026-02-01 14:59:31.121139
2026-02-01 14:59:31,176 | INFO | Doing UNProductive work at:2026-02-01 14:59:31.152338
2026-02-01 14:59:31,207 | INFO | Doing UNProductive work at:2026-02-01 14:59:31.184484
2026-02-01 14:59:31,239 | INFO | Doing UNProductive work at:2026-02-01 14:59:31.215080
2026-02-01 14:59:31,271 | INFO | Doing UNProductive work at:2026-02-01 14:59:31.247705
2026-02-01 14:59:31,302 | INFO | Doing UNProductive work at:2026-02-01 14:59:31.279369
2026-02-01 14:59:31,367 | INFO | Doing UNProductive work at:2026-02-01 14:59:31.333578
2026-02-01 14:59:31,399 | INFO | Doing UNProductive work at:2026-02-01 14:59:31.376303
2026-02-01 14:59:31,429 | INFO | Doing UNProductive work at:2026-02-01 14:59:31.405929
2026-02-01 14:59:31,460 | INFO | Doing UNProductive work at:2026-02-01 14:59:31.436563
2026-02-01 14:59:31,492 | INFO | Doing UNProductive work at:2026-02-01 14:59:31.469665
2026-02-01 14:59:31,525 | INFO | Doing UNProductive work at:2026-02-01 14:59:31.500825
2026-02-01 14:59:31,551 | INFO | Doing UNProductive work at:2026-02-01 14:59:31.533457
2026-02-01 14:59:31,589 | INFO | Doing UNProductive work at:2026-02-01 14:59:31.558599
2026-02-01 14:59:31,607 | INFO | Doing UNProductive work at:2026-02-01 14:59:31.597239
2026-02-01 14:59:31,627 | INFO | Doing UNProductive work at:2026-02-01 14:59:31.614408
2026-02-01 14:59:31,660 | INFO | Doing UNProductive work at:2026-02-01 14:59:31.635403
2026-02-01 14:59:31,691 | INFO | Doing UNProductive work at:2026-02-01 14:59:31.667136
2026-02-01 14:59:31,748 | INFO | Doing UNProductive work at:2026-02-01 14:59:31.735352
2026-02-01 14:59:31,769 | INFO | Doing UNProductive work at:2026-02-01 14:59:31.755979
2026-02-01 14:59:31,815 | INFO | Doing UNProductive work at:2026-02-01 14:59:31.797154
2026-02-01 14:59:31,848 | INFO | Doing UNProductive work at:2026-02-01 14:59:31.824328
2026-02-01 14:59:31,880 | INFO | Doing UNProductive work at:2026-02-01 14:59:31.859490
2026-02-01 14:59:31,910 | INFO | Doing UNProductive work at:2026-02-01 14:59:31.888098
2026-02-01 14:59:31,943 | INFO | Doing UNProductive work at:2026-02-01 14:59:31.927254
2026-02-01 14:59:31,973 | INFO | Doing UNProductive work at:2026-02-01 14:59:31.950800
2026-02-01 14:59:32,006 | INFO | Doing UNProductive work at:2026-02-01 14:59:31.990037
2026-02-01 14:59:32,026 | INFO | Doing UNProductive work at:2026-02-01 14:59:32.014593
2026-02-01 14:59:32,065 | INFO | Doing UNProductive work at:2026-02-01 14:59:32.054814
2026-02-01 14:59:32,100 | INFO | Doing UNProductive work at:2026-02-01 14:59:32.073958
2026-02-01 14:59:32,146 | INFO | Doing UNProductive work at:2026-02-01 14:59:32.121173
2026-02-01 14:59:32,178 | INFO | Doing UNProductive work at:2026-02-01 14:59:32.154803
2026-02-01 14:59:32,203 | INFO | Doing UNProductive work at:2026-02-01 14:59:32.192946
2026-02-01 14:59:32,223 | INFO | Doing UNProductive work at:2026-02-01 14:59:32.211493
2026-02-01 14:59:32,279 | INFO | Doing UNProductive work at:2026-02-01 14:59:32.261906
2026-02-01 14:59:32,310 | INFO | Doing UNProductive work at:2026-02-01 14:59:32.287166
2026-02-01 14:59:32,360 | INFO | Doing UNProductive work at:2026-02-01 14:59:32.326407
2026-02-01 14:59:32,393 | INFO | Doing UNProductive work at:2026-02-01 14:59:32.369404
2026-02-01 14:59:32,422 | INFO | Doing UNProductive work at:2026-02-01 14:59:32.401009
2026-02-01 14:59:32,453 | INFO | Doing UNProductive work at:2026-02-01 14:59:32.430635
2026-02-01 14:59:32,485 | INFO | Doing UNProductive work at:2026-02-01 14:59:32.461804
2026-02-01 14:59:32,516 | INFO | Doing UNProductive work at:2026-02-01 14:59:32.493399
2026-02-01 14:59:32,546 | INFO | Doing UNProductive work at:2026-02-01 14:59:32.525530
2026-02-01 14:59:32,577 | INFO | Doing UNProductive work at:2026-02-01 14:59:32.554400
2026-02-01 14:59:32,608 | INFO | Doing UNProductive work at:2026-02-01 14:59:32.584205
2026-02-01 14:59:32,640 | INFO | Doing UNProductive work at:2026-02-01 14:59:32.617670
2026-02-01 14:59:32,669 | INFO | Doing UNProductive work at:2026-02-01 14:59:32.647085
2026-02-01 14:59:32,700 | INFO | Doing UNProductive work at:2026-02-01 14:59:32.678013
2026-02-01 14:59:32,747 | INFO | Doing UNProductive work at:2026-02-01 14:59:32.725685
2026-02-01 14:59:32,779 | INFO | Doing UNProductive work at:2026-02-01 14:59:32.754691
2026-02-01 14:59:32,809 | INFO | Doing UNProductive work at:2026-02-01 14:59:32.790160
2026-02-01 14:59:32,840 | INFO | Doing UNProductive work at:2026-02-01 14:59:32.817780
2026-02-01 14:59:32,872 | INFO | Doing UNProductive work at:2026-02-01 14:59:32.852052
2026-02-01 14:59:32,904 | INFO | Doing UNProductive work at:2026-02-01 14:59:32.879293
2026-02-01 14:59:32,935 | INFO | Doing UNProductive work at:2026-02-01 14:59:32.917606
2026-02-01 14:59:32,965 | INFO | Doing UNProductive work at:2026-02-01 14:59:32.942305
2026-02-01 14:59:33,013 | INFO | Doing UNProductive work at:2026-02-01 14:59:32.982579
2026-02-01 14:59:33,045 | INFO | Doing UNProductive work at:2026-02-01 14:59:33.020375
2026-02-01 14:59:33,074 | INFO | Doing UNProductive work at:2026-02-01 14:59:33.053103
2026-02-01 14:59:33,105 | INFO | Doing UNProductive work at:2026-02-01 14:59:33.081766
2026-02-01 14:59:33,137 | INFO | Doing UNProductive work at:2026-02-01 14:59:33.112655
2026-02-01 14:59:33,167 | INFO | Doing UNProductive work at:2026-02-01 14:59:33.145175
2026-02-01 14:59:33,215 | INFO | Doing UNProductive work at:2026-02-01 14:59:33.191003
2026-02-01 14:59:33,246 | INFO | Doing UNProductive work at:2026-02-01 14:59:33.222786
2026-02-01 14:59:33,276 | INFO | Doing UNProductive work at:2026-02-01 14:59:33.253071
2026-02-01 14:59:33,309 | INFO | Doing UNProductive work at:2026-02-01 14:59:33.283147
2026-02-01 14:59:33,340 | INFO | Doing UNProductive work at:2026-02-01 14:59:33.318115
2026-02-01 14:59:33,372 | INFO | Doing UNProductive work at:2026-02-01 14:59:33.347273
2026-02-01 14:59:33,394 | INFO | Doing UNProductive work at:2026-02-01 14:59:33.377310
2026-02-01 14:59:33,436 | INFO | Doing UNProductive work at:2026-02-01 14:59:33.400606
2026-02-01 14:59:33,464 | INFO | Doing UNProductive work at:2026-02-01 14:59:33.445107
2026-02-01 14:59:33,493 | INFO | Doing UNProductive work at:2026-02-01 14:59:33.472050
2026-02-01 14:59:33,526 | INFO | Doing UNProductive work at:2026-02-01 14:59:33.508873
2026-02-01 14:59:33,559 | INFO | Doing UNProductive work at:2026-02-01 14:59:33.533653
2026-02-01 14:59:33,605 | INFO | Doing UNProductive work at:2026-02-01 14:59:33.570776
2026-02-01 14:59:33,631 | INFO | Doing UNProductive work at:2026-02-01 14:59:33.613495
2026-02-01 14:59:33,655 | INFO | Doing UNProductive work at:2026-02-01 14:59:33.638718
2026-02-01 14:59:33,682 | INFO | Doing UNProductive work at:2026-02-01 14:59:33.662114
2026-02-01 14:59:33,742 | INFO | Doing UNProductive work at:2026-02-01 14:59:33.717059
2026-02-01 14:59:33,776 | INFO | Doing UNProductive work at:2026-02-01 14:59:33.751091
2026-02-01 14:59:33,807 | INFO | Doing UNProductive work at:2026-02-01 14:59:33.784299
2026-02-01 14:59:33,839 | INFO | Doing UNProductive work at:2026-02-01 14:59:33.812555
2026-02-01 14:59:33,869 | INFO | Doing UNProductive work at:2026-02-01 14:59:33.847099
2026-02-01 14:59:33,890 | INFO | Doing UNProductive work at:2026-02-01 14:59:33.875061
2026-02-01 14:59:33,933 | INFO | Doing UNProductive work at:2026-02-01 14:59:33.910280
2026-02-01 14:59:33,965 | INFO | Doing UNProductive work at:2026-02-01 14:59:33.939662
2026-02-01 14:59:33,997 | INFO | Doing UNProductive work at:2026-02-01 14:59:33.973343
2026-02-01 14:59:34,028 | INFO | Doing UNProductive work at:2026-02-01 14:59:34.005375
2026-02-01 14:59:34,057 | INFO | Doing UNProductive work at:2026-02-01 14:59:34.037215
2026-02-01 14:59:34,087 | INFO | Doing UNProductive work at:2026-02-01 14:59:34.063913
2026-02-01 14:59:34,135 | INFO | Doing UNProductive work at:2026-02-01 14:59:34.103957
2026-02-01 14:59:34,197 | INFO | Doing UNProductive work at:2026-02-01 14:59:34.166601
2026-02-01 14:59:34,228 | INFO | Doing UNProductive work at:2026-02-01 14:59:34.205466
2026-02-01 14:59:34,260 | INFO | Doing UNProductive work at:2026-02-01 14:59:34.241920
2026-02-01 14:59:34,282 | INFO | Doing UNProductive work at:2026-02-01 14:59:34.267465
2026-02-01 14:59:34,321 | INFO | Doing UNProductive work at:2026-02-01 14:59:34.290982
2026-02-01 14:59:34,353 | INFO | Doing UNProductive work at:2026-02-01 14:59:34.329556
2026-02-01 14:59:34,385 | INFO | Doing UNProductive work at:2026-02-01 14:59:34.360241
2026-02-01 14:59:34,408 | INFO | Doing UNProductive work at:2026-02-01 14:59:34.393236
2026-02-01 14:59:34,446 | INFO | Doing UNProductive work at:2026-02-01 14:59:34.417131
2026-02-01 14:59:34,476 | INFO | Doing UNProductive work at:2026-02-01 14:59:34.453060
2026-02-01 14:59:34,511 | INFO | Doing UNProductive work at:2026-02-01 14:59:34.484924
2026-02-01 14:59:34,540 | INFO | Doing UNProductive work at:2026-02-01 14:59:34.517386
2026-02-01 14:59:34,581 | INFO | Doing UNProductive work at:2026-02-01 14:59:34.565248
2026-02-01 14:59:34,618 | INFO | Doing UNProductive work at:2026-02-01 14:59:34.590454
2026-02-01 14:59:34,649 | INFO | Doing UNProductive work at:2026-02-01 14:59:34.628128
2026-02-01 14:59:34,678 | INFO | Doing UNProductive work at:2026-02-01 14:59:34.656296
2026-02-01 14:59:34,726 | INFO | Doing UNProductive work at:2026-02-01 14:59:34.693742
2026-02-01 14:59:34,757 | INFO | Doing UNProductive work at:2026-02-01 14:59:34.734652
2026-02-01 14:59:34,789 | INFO | Doing UNProductive work at:2026-02-01 14:59:34.769390
2026-02-01 14:59:34,821 | INFO | Doing UNProductive work at:2026-02-01 14:59:34.794534
2026-02-01 14:59:34,852 | INFO | Doing UNProductive work at:2026-02-01 14:59:34.829663
2026-02-01 14:59:34,883 | INFO | Doing UNProductive work at:2026-02-01 14:59:34.861388
2026-02-01 14:59:34,930 | INFO | Doing UNProductive work at:2026-02-01 14:59:34.904331
2026-02-01 14:59:34,962 | INFO | Doing UNProductive work at:2026-02-01 14:59:34.938966
2026-02-01 14:59:34,992 | INFO | Doing UNProductive work at:2026-02-01 14:59:34.971063
2026-02-01 14:59:35,025 | INFO | Doing UNProductive work at:2026-02-01 14:59:34.998937
2026-02-01 14:59:35,054 | INFO | Doing UNProductive work at:2026-02-01 14:59:35.031134
2026-02-01 14:59:35,086 | INFO | Doing UNProductive work at:2026-02-01 14:59:35.063628
2026-02-01 14:59:35,116 | INFO | Doing UNProductive work at:2026-02-01 14:59:35.093242
2026-02-01 14:59:35,149 | INFO | Doing UNProductive work at:2026-02-01 14:59:35.123909
2026-02-01 14:59:35,180 | INFO | Doing UNProductive work at:2026-02-01 14:59:35.155404
2026-02-01 14:59:35,211 | INFO | Doing UNProductive work at:2026-02-01 14:59:35.188510
2026-02-01 14:59:35,243 | INFO | Doing UNProductive work at:2026-02-01 14:59:35.221687
2026-02-01 14:59:35,274 | INFO | Doing UNProductive work at:2026-02-01 14:59:35.250501
2026-02-01 14:59:35,335 | INFO | Doing UNProductive work at:2026-02-01 14:59:35.305206
2026-02-01 14:59:35,369 | INFO | Doing UNProductive work at:2026-02-01 14:59:35.343791
2026-02-01 14:59:35,400 | INFO | Doing UNProductive work at:2026-02-01 14:59:35.377053
2026-02-01 14:59:35,425 | INFO | Doing UNProductive work at:2026-02-01 14:59:35.408673
2026-02-01 14:59:35,462 | INFO | Doing UNProductive work at:2026-02-01 14:59:35.433378
2026-02-01 14:59:35,495 | INFO | Doing UNProductive work at:2026-02-01 14:59:35.470508
2026-02-01 14:59:35,520 | INFO | Doing Productive work at:2026-02-01 14:59:35.503358
2026-02-01 14:59:35,557 | INFO | Doing Productive work at:2026-02-01 14:59:35.527631
2026-02-01 14:59:35,584 | INFO | Doing Productive work at:2026-02-01 14:59:35.566076
2026-02-01 14:59:35,620 | INFO | Doing Productive work at:2026-02-01 14:59:35.591693
2026-02-01 14:59:35,652 | INFO | Doing Productive work at:2026-02-01 14:59:35.629123
2026-02-01 14:59:35,680 | INFO | Doing Productive work at:2026-02-01 14:59:35.660841
2026-02-01 14:59:35,711 | INFO | Doing Productive work at:2026-02-01 14:59:35.687575
2026-02-01 14:59:35,743 | INFO | Doing Productive work at:2026-02-01 14:59:35.720183
2026-02-01 14:59:35,774 | INFO | Doing Productive work at:2026-02-01 14:59:35.750993
2026-02-01 14:59:35,805 | INFO | Doing Productive work at:2026-02-01 14:59:35.782249
2026-02-01 14:59:35,852 | INFO | Doing Productive work at:2026-02-01 14:59:35.828804
2026-02-01 14:59:35,883 | INFO | Doing Productive work at:2026-02-01 14:59:35.861135
2026-02-01 14:59:35,917 | INFO | Doing Productive work at:2026-02-01 14:59:35.895318
2026-02-01 14:59:35,946 | INFO | Doing Productive work at:2026-02-01 14:59:35.925168
2026-02-01 14:59:35,978 | INFO | Doing Productive work at:2026-02-01 14:59:35.957678
2026-02-01 14:59:36,009 | INFO | Doing Productive work at:2026-02-01 14:59:35.984867
2026-02-01 14:59:36,040 | INFO | Doing Productive work at:2026-02-01 14:59:36.021801
2026-02-01 14:59:36,070 | INFO | Doing Productive work at:2026-02-01 14:59:36.047542
2026-02-01 14:59:36,117 | INFO | Doing Productive work at:2026-02-01 14:59:36.088158
2026-02-01 14:59:36,145 | INFO | Doing Productive work at:2026-02-01 14:59:36.126104
2026-02-01 14:59:36,181 | INFO | Doing Productive work at:2026-02-01 14:59:36.151734
2026-02-01 14:59:36,208 | INFO | Doing Productive work at:2026-02-01 14:59:36.189922
2026-02-01 14:59:36,243 | INFO | Doing Productive work at:2026-02-01 14:59:36.216471
2026-02-01 14:59:36,278 | INFO | Doing Productive work at:2026-02-01 14:59:36.250635
2026-02-01 14:59:36,304 | INFO | Doing Productive work at:2026-02-01 14:59:36.287240
2026-02-01 14:59:36,337 | INFO | Doing Productive work at:2026-02-01 14:59:36.312087
2026-02-01 14:59:36,384 | INFO | Doing Productive work at:2026-02-01 14:59:36.356721
2026-02-01 14:59:36,415 | INFO | Doing Productive work at:2026-02-01 14:59:36.392703
2026-02-01 14:59:36,447 | INFO | Doing Productive work at:2026-02-01 14:59:36.423846
2026-02-01 14:59:36,478 | INFO | Doing Productive work at:2026-02-01 14:59:36.454983
2026-02-01 14:59:36,509 | INFO | Doing Productive work at:2026-02-01 14:59:36.488305
2026-02-01 14:59:36,542 | INFO | Doing Productive work at:2026-02-01 14:59:36.517110
2026-02-01 14:59:36,570 | INFO | Doing Productive work at:2026-02-01 14:59:36.546881
2026-02-01 14:59:36,601 | INFO | Doing Productive work at:2026-02-01 14:59:36.580136
2026-02-01 14:59:36,634 | INFO | Doing Productive work at:2026-02-01 14:59:36.612414
2026-02-01 14:59:36,665 | INFO | Doing Productive work at:2026-02-01 14:59:36.641233
2026-02-01 14:59:36,709 | INFO | Doing Productive work at:2026-02-01 14:59:36.678811
2026-02-01 14:59:36,742 | INFO | Doing Productive work at:2026-02-01 14:59:36.716723
2026-02-01 14:59:36,772 | INFO | Doing Productive work at:2026-02-01 14:59:36.749181
2026-02-01 14:59:36,805 | INFO | Doing Productive work at:2026-02-01 14:59:36.781133
2026-02-01 14:59:36,830 | INFO | Doing Productive work at:2026-02-01 14:59:36.812875
2026-02-01 14:59:36,867 | INFO | Doing Productive work at:2026-02-01 14:59:36.838827
2026-02-01 14:59:36,913 | INFO | Doing Productive work at:2026-02-01 14:59:36.888709
2026-02-01 14:59:36,944 | INFO | Doing Productive work at:2026-02-01 14:59:36.922040
2026-02-01 14:59:36,975 | INFO | Doing Productive work at:2026-02-01 14:59:36.952165
2026-02-01 14:59:37,006 | INFO | Doing Productive work at:2026-02-01 14:59:36.981059
2026-02-01 14:59:37,037 | INFO | Doing Productive work at:2026-02-01 14:59:37.014589
2026-02-01 14:59:37,071 | INFO | Doing Productive work at:2026-02-01 14:59:37.046551
2026-02-01 14:59:37,101 | INFO | Doing Productive work at:2026-02-01 14:59:37.081288
2026-02-01 14:59:37,131 | INFO | Doing Productive work at:2026-02-01 14:59:37.107990
2026-02-01 14:59:37,162 | INFO | Doing Productive work at:2026-02-01 14:59:37.140316
2026-02-01 14:59:37,194 | INFO | Doing Productive work at:2026-02-01 14:59:37.169824
2026-02-01 14:59:37,222 | INFO | Doing Productive work at:2026-02-01 14:59:37.204768
2026-02-01 14:59:37,255 | INFO | Doing Productive work at:2026-02-01 14:59:37.230014
2026-02-01 14:59:37,302 | INFO | Doing Productive work at:2026-02-01 14:59:37.270755
2026-02-01 14:59:37,349 | INFO | Doing Productive work at:2026-02-01 14:59:37.328220
2026-02-01 14:59:37,381 | INFO | Doing Productive work at:2026-02-01 14:59:37.358407
2026-02-01 14:59:37,411 | INFO | Doing Productive work at:2026-02-01 14:59:37.388905
2026-02-01 14:59:37,442 | INFO | Doing Productive work at:2026-02-01 14:59:37.419646
2026-02-01 14:59:37,476 | INFO | Doing Productive work at:2026-02-01 14:59:37.450888
2026-02-01 14:59:37,506 | INFO | Doing Productive work at:2026-02-01 14:59:37.484375
2026-02-01 14:59:37,538 | INFO | Doing Productive work at:2026-02-01 14:59:37.511546
2026-02-01 14:59:37,567 | INFO | Doing Productive work at:2026-02-01 14:59:37.544328
2026-02-01 14:59:37,599 | INFO | Doing Productive work at:2026-02-01 14:59:37.574466
2026-02-01 14:59:37,629 | INFO | Doing Productive work at:2026-02-01 14:59:37.605304
2026-02-01 14:59:37,660 | INFO | Doing Productive work at:2026-02-01 14:59:37.636956
2026-02-01 14:59:37,692 | INFO | Doing Productive work at:2026-02-01 14:59:37.672559
2026-02-01 14:59:37,744 | INFO | Doing Productive work at:2026-02-01 14:59:37.728131
2026-02-01 14:59:37,770 | INFO | Doing Productive work at:2026-02-01 14:59:37.751719
2026-02-01 14:59:37,816 | INFO | Doing Productive work at:2026-02-01 14:59:37.798286
2026-02-01 14:59:37,847 | INFO | Doing Productive work at:2026-02-01 14:59:37.824475
2026-02-01 14:59:37,878 | INFO | Doing Productive work at:2026-02-01 14:59:37.858684
2026-02-01 14:59:37,909 | INFO | Doing Productive work at:2026-02-01 14:59:37.885248
2026-02-01 14:59:37,941 | INFO | Doing Productive work at:2026-02-01 14:59:37.915312
2026-02-01 14:59:37,971 | INFO | Doing Productive work at:2026-02-01 14:59:37.947601
2026-02-01 14:59:38,002 | INFO | Doing Productive work at:2026-02-01 14:59:37.978457
2026-02-01 14:59:38,034 | INFO | Doing Productive work at:2026-02-01 14:59:38.010687
2026-02-01 14:59:38,068 | INFO | Doing Productive work at:2026-02-01 14:59:38.042487
2026-02-01 14:59:38,099 | INFO | Doing Productive work at:2026-02-01 14:59:38.075602
2026-02-01 14:59:38,160 | INFO | Doing Productive work at:2026-02-01 14:59:38.130265
2026-02-01 14:59:38,192 | INFO | Doing Productive work at:2026-02-01 14:59:38.168678
2026-02-01 14:59:38,214 | INFO | Doing UNProductive work at:2026-02-01 14:59:38.198621
2026-02-01 14:59:38,246 | INFO | Doing UNProductive work at:2026-02-01 14:59:38.221589
2026-02-01 14:59:38,279 | INFO | Doing UNProductive work at:2026-02-01 14:59:38.261251
2026-02-01 14:59:38,310 | INFO | Doing UNProductive work at:2026-02-01 14:59:38.286495
2026-02-01 14:59:38,349 | INFO | Doing Productive work at:2026-02-01 14:59:38.323560
2026-02-01 14:59:38,380 | INFO | Doing Productive work at:2026-02-01 14:59:38.354285
2026-02-01 14:59:38,427 | INFO | Doing Productive work at:2026-02-01 14:59:38.400943
2026-02-01 14:59:38,457 | INFO | Doing Productive work at:2026-02-01 14:59:38.433747
2026-02-01 14:59:38,492 | INFO | Doing Productive work at:2026-02-01 14:59:38.464913
2026-02-01 14:59:38,522 | INFO | Doing UNProductive work at:2026-02-01 14:59:38.500475
2026-02-01 14:59:38,551 | INFO | Doing UNProductive work at:2026-02-01 14:59:38.530239
2026-02-01 14:59:38,581 | INFO | Doing UNProductive work at:2026-02-01 14:59:38.558270
2026-02-01 14:59:38,614 | INFO | Doing UNProductive work at:2026-02-01 14:59:38.597317
2026-02-01 14:59:38,647 | INFO | Doing UNProductive work at:2026-02-01 14:59:38.621387
2026-02-01 14:59:38,689 | INFO | Doing UNProductive work at:2026-02-01 14:59:38.663233
2026-02-01 14:59:38,720 | INFO | Doing UNProductive work at:2026-02-01 14:59:38.695219
2026-02-01 14:59:38,752 | INFO | Doing UNProductive work at:2026-02-01 14:59:38.729268
2026-02-01 14:59:38,784 | INFO | Doing UNProductive work at:2026-02-01 14:59:38.760387
2026-02-01 14:59:38,816 | INFO | Doing UNProductive work at:2026-02-01 14:59:38.791157
2026-02-01 14:59:38,847 | INFO | Doing UNProductive work at:2026-02-01 14:59:38.824193
2026-02-01 14:59:38,878 | INFO | Doing UNProductive work at:2026-02-01 14:59:38.855386
2026-02-01 14:59:38,908 | INFO | Doing UNProductive work at:2026-02-01 14:59:38.886311
2026-02-01 14:59:38,956 | INFO | Doing UNProductive work at:2026-02-01 14:59:38.931730
2026-02-01 14:59:38,988 | INFO | Doing UNProductive work at:2026-02-01 14:59:38.961502
2026-02-01 14:59:39,019 | INFO | Doing UNProductive work at:2026-02-01 14:59:38.994566
2026-02-01 14:59:39,052 | INFO | Doing UNProductive work at:2026-02-01 14:59:39.026465
2026-02-01 14:59:39,082 | INFO | Doing UNProductive work at:2026-02-01 14:59:39.059573
2026-02-01 14:59:39,115 | INFO | Doing UNProductive work at:2026-02-01 14:59:39.089439
2026-02-01 14:59:39,144 | INFO | Doing UNProductive work at:2026-02-01 14:59:39.123958
2026-02-01 14:59:39,176 | INFO | Doing UNProductive work at:2026-02-01 14:59:39.150700
2026-02-01 14:59:39,204 | INFO | Doing UNProductive work at:2026-02-01 14:59:39.186608
2026-02-01 14:59:39,240 | INFO | Doing UNProductive work at:2026-02-01 14:59:39.211322
2026-02-01 14:59:39,286 | INFO | Doing UNProductive work at:2026-02-01 14:59:39.257252
2026-02-01 14:59:39,317 | INFO | Doing UNProductive work at:2026-02-01 14:59:39.293427
2026-02-01 14:59:39,349 | INFO | Doing UNProductive work at:2026-02-01 14:59:39.325438
2026-02-01 14:59:39,380 | INFO | Doing UNProductive work at:2026-02-01 14:59:39.356154
2026-02-01 14:59:39,411 | INFO | Doing UNProductive work at:2026-02-01 14:59:39.388475
2026-02-01 14:59:39,442 | INFO | Doing UNProductive work at:2026-02-01 14:59:39.418079
2026-02-01 14:59:39,489 | INFO | Doing UNProductive work at:2026-02-01 14:59:39.461118
2026-02-01 14:59:39,520 | INFO | Doing UNProductive work at:2026-02-01 14:59:39.497161
2026-02-01 14:59:39,551 | INFO | Doing UNProductive work at:2026-02-01 14:59:39.525810
2026-02-01 14:59:39,583 | INFO | Doing UNProductive work at:2026-02-01 14:59:39.557840
2026-02-01 14:59:39,614 | INFO | Doing UNProductive work at:2026-02-01 14:59:39.590991
2026-02-01 14:59:39,647 | INFO | Doing UNProductive work at:2026-02-01 14:59:39.619944
2026-02-01 14:59:39,677 | INFO | Doing UNProductive work at:2026-02-01 14:59:39.654851
2026-02-01 14:59:39,708 | INFO | Doing UNProductive work at:2026-02-01 14:59:39.686025
2026-02-01 14:59:39,739 | INFO | Doing UNProductive work at:2026-02-01 14:59:39.716187
2026-02-01 14:59:39,764 | INFO | Doing UNProductive work at:2026-02-01 14:59:39.748016
2026-02-01 14:59:39,795 | INFO | Doing UNProductive work at:2026-02-01 14:59:39.781708
2026-02-01 14:59:39,826 | INFO | Doing UNProductive work at:2026-02-01 14:59:39.801787
2026-02-01 14:59:39,858 | INFO | Doing UNProductive work at:2026-02-01 14:59:39.847947
2026-02-01 14:59:39,888 | INFO | Doing UNProductive work at:2026-02-01 14:59:39.866415
2026-02-01 14:59:39,934 | INFO | Doing UNProductive work at:2026-02-01 14:59:39.908940
2026-02-01 14:59:39,952 | INFO | Doing UNProductive work at:2026-02-01 14:59:39.941173
2026-02-01 14:59:39,999 | INFO | Doing UNProductive work at:2026-02-01 14:59:39.984601
2026-02-01 14:59:40,028 | INFO | Doing UNProductive work at:2026-02-01 14:59:40.004783
2026-02-01 14:59:40,075 | INFO | Doing UNProductive work at:2026-02-01 14:59:40.056595
2026-02-01 14:59:40,104 | INFO | Doing UNProductive work at:2026-02-01 14:59:40.083429
2026-02-01 14:59:40,137 | INFO | Doing UNProductive work at:2026-02-01 14:59:40.116205
2026-02-01 14:59:40,168 | INFO | Doing UNProductive work at:2026-02-01 14:59:40.143164
2026-02-01 14:59:40,199 | INFO | Doing UNProductive work at:2026-02-01 14:59:40.178577
2026-02-01 14:59:40,230 | INFO | Doing UNProductive work at:2026-02-01 14:59:40.206400
2026-02-01 14:59:40,260 | INFO | Doing UNProductive work at:2026-02-01 14:59:40.245561
2026-02-01 14:59:40,292 | INFO | Doing UNProductive work at:2026-02-01 14:59:40.267278
2026-02-01 14:59:40,323 | INFO | Doing UNProductive work at:2026-02-01 14:59:40.307328
2026-02-01 14:59:40,353 | INFO | Doing UNProductive work at:2026-02-01 14:59:40.331421
2026-02-01 14:59:40,384 | INFO | Doing UNProductive work at:2026-02-01 14:59:40.372400
2026-02-01 14:59:40,414 | INFO | Doing UNProductive work at:2026-02-01 14:59:40.392132
2026-02-01 14:59:40,452 | INFO | Doing UNProductive work at:2026-02-01 14:59:40.440743
2026-02-01 14:59:40,478 | INFO | Doing UNProductive work at:2026-02-01 14:59:40.456439
2026-02-01 14:59:40,540 | INFO | Doing UNProductive work at:2026-02-01 14:59:40.516853
2026-02-01 14:59:40,570 | INFO | Doing UNProductive work at:2026-02-01 14:59:40.547542
2026-02-01 14:59:40,601 | INFO | Doing UNProductive work at:2026-02-01 14:59:40.581519
2026-02-01 14:59:40,631 | INFO | Doing UNProductive work at:2026-02-01 14:59:40.608584
2026-02-01 14:59:40,656 | INFO | Doing UNProductive work at:2026-02-01 14:59:40.646795
2026-02-01 14:59:40,679 | INFO | Doing UNProductive work at:2026-02-01 14:59:40.662565
2026-02-01 14:59:40,725 | INFO | Doing UNProductive work at:2026-02-01 14:59:40.707662
2026-02-01 14:59:40,756 | INFO | Doing UNProductive work at:2026-02-01 14:59:40.732735
2026-02-01 14:59:40,788 | INFO | Doing UNProductive work at:2026-02-01 14:59:40.768809
2026-02-01 14:59:40,818 | INFO | Doing UNProductive work at:2026-02-01 14:59:40.795048
2026-02-01 14:59:40,867 | INFO | Doing UNProductive work at:2026-02-01 14:59:40.841700
2026-02-01 14:59:40,896 | INFO | Doing UNProductive work at:2026-02-01 14:59:40.874545
2026-02-01 14:59:40,929 | INFO | Doing UNProductive work at:2026-02-01 14:59:40.903667
2026-02-01 14:59:40,975 | INFO | Doing UNProductive work at:2026-02-01 14:59:40.965233
2026-02-01 14:59:41,006 | INFO | Doing UNProductive work at:2026-02-01 14:59:40.983048
2026-02-01 14:59:41,053 | INFO | Doing UNProductive work at:2026-02-01 14:59:41.042415
2026-02-01 14:59:41,084 | INFO | Doing UNProductive work at:2026-02-01 14:59:41.062634
2026-02-01 14:59:41,116 | INFO | Doing UNProductive work at:2026-02-01 14:59:41.091853
2026-02-01 14:59:41,146 | INFO | Doing UNProductive work at:2026-02-01 14:59:41.124283
2026-02-01 14:59:41,164 | INFO | Doing UNProductive work at:2026-02-01 14:59:41.153189
2026-02-01 14:59:41,195 | INFO | Doing UNProductive work at:2026-02-01 14:59:41.172656
2026-02-01 14:59:41,225 | INFO | Doing UNProductive work at:2026-02-01 14:59:41.201843
2026-02-01 14:59:41,257 | INFO | Doing UNProductive work at:2026-02-01 14:59:41.239979
2026-02-01 14:59:41,287 | INFO | Doing UNProductive work at:2026-02-01 14:59:41.265578
2026-02-01 14:59:41,319 | INFO | Doing UNProductive work at:2026-02-01 14:59:41.301151
2026-02-01 14:59:41,375 | INFO | Doing UNProductive work at:2026-02-01 14:59:41.364882
2026-02-01 14:59:41,397 | INFO | Doing UNProductive work at:2026-02-01 14:59:41.383920
2026-02-01 14:59:41,444 | INFO | Doing UNProductive work at:2026-02-01 14:59:41.429755
2026-02-01 14:59:41,460 | INFO | Doing UNProductive work at:2026-02-01 14:59:41.450690
2026-02-01 14:59:41,508 | INFO | Doing UNProductive work at:2026-02-01 14:59:41.489132
2026-02-01 14:59:41,538 | INFO | Doing UNProductive work at:2026-02-01 14:59:41.516364
2026-02-01 14:59:41,554 | INFO | Doing UNProductive work at:2026-02-01 14:59:41.544801
2026-02-01 14:59:41,585 | INFO | Doing UNProductive work at:2026-02-01 14:59:41.569243
2026-02-01 14:59:41,616 | INFO | Doing UNProductive work at:2026-02-01 14:59:41.591800
2026-02-01 14:59:41,662 | INFO | Doing UNProductive work at:2026-02-01 14:59:41.639890
2026-02-01 14:59:41,695 | INFO | Doing UNProductive work at:2026-02-01 14:59:41.669666
2026-02-01 14:59:41,720 | INFO | Doing UNProductive work at:2026-02-01 14:59:41.703159
2026-02-01 14:59:41,796 | INFO | Doing UNProductive work at:2026-02-01 14:59:41.764975
2026-02-01 14:59:41,826 | INFO | Doing UNProductive work at:2026-02-01 14:59:41.804746
2026-02-01 14:59:41,856 | INFO | Doing UNProductive work at:2026-02-01 14:59:41.834772
2026-02-01 14:59:41,888 | INFO | Doing UNProductive work at:2026-02-01 14:59:41.864947
2026-02-01 14:59:41,919 | INFO | Doing UNProductive work at:2026-02-01 14:59:41.895566
2026-02-01 14:59:41,950 | INFO | Doing UNProductive work at:2026-02-01 14:59:41.927649
2026-02-01 14:59:41,980 | INFO | Doing UNProductive work at:2026-02-01 14:59:41.958099
2026-02-01 14:59:42,013 | INFO | Doing UNProductive work at:2026-02-01 14:59:41.989173
2026-02-01 14:59:42,044 | INFO | Doing UNProductive work at:2026-02-01 14:59:42.020259
2026-02-01 14:59:42,074 | INFO | Doing UNProductive work at:2026-02-01 14:59:42.051832
2026-02-01 14:59:42,106 | INFO | Doing UNProductive work at:2026-02-01 14:59:42.080200
2026-02-01 14:59:42,137 | INFO | Doing UNProductive work at:2026-02-01 14:59:42.112862
2026-02-01 14:59:42,185 | INFO | Doing UNProductive work at:2026-02-01 14:59:42.164188
2026-02-01 14:59:42,216 | INFO | Doing UNProductive work at:2026-02-01 14:59:42.193474
2026-02-01 14:59:42,262 | INFO | Doing Productive work at:2026-02-01 14:59:42.231286
2026-02-01 14:59:42,289 | INFO | Doing Productive work at:2026-02-01 14:59:42.270819
2026-02-01 14:59:42,326 | INFO | Doing Productive work at:2026-02-01 14:59:42.296447
2026-02-01 14:59:42,357 | INFO | Doing Productive work at:2026-02-01 14:59:42.333257
2026-02-01 14:59:42,388 | INFO | Doing Productive work at:2026-02-01 14:59:42.366226
2026-02-01 14:59:42,422 | INFO | Doing Productive work at:2026-02-01 14:59:42.395343
2026-02-01 14:59:42,449 | INFO | Doing Productive work at:2026-02-01 14:59:42.429600
2026-02-01 14:59:42,481 | INFO | Doing Productive work at:2026-02-01 14:59:42.457894
2026-02-01 14:59:42,512 | INFO | Doing Productive work at:2026-02-01 14:59:42.489431
2026-02-01 14:59:42,544 | INFO | Doing Productive work at:2026-02-01 14:59:42.520325
2026-02-01 14:59:42,569 | INFO | Doing Productive work at:2026-02-01 14:59:42.552586
2026-02-01 14:59:42,606 | INFO | Doing Productive work at:2026-02-01 14:59:42.577230
2026-02-01 14:59:42,652 | INFO | Doing Productive work at:2026-02-01 14:59:42.633241
2026-02-01 14:59:42,685 | INFO | Doing Productive work at:2026-02-01 14:59:42.660902
2026-02-01 14:59:42,715 | INFO | Doing Productive work at:2026-02-01 14:59:42.692394
2026-02-01 14:59:42,746 | INFO | Doing Productive work at:2026-02-01 14:59:42.722224
2026-02-01 14:59:42,778 | INFO | Doing Productive work at:2026-02-01 14:59:42.757674
2026-02-01 14:59:42,809 | INFO | Doing Productive work at:2026-02-01 14:59:42.785840
2026-02-01 14:59:42,854 | INFO | Doing Productive work at:2026-02-01 14:59:42.822698
2026-02-01 14:59:42,887 | INFO | Doing Productive work at:2026-02-01 14:59:42.862612
2026-02-01 14:59:42,917 | INFO | Doing Productive work at:2026-02-01 14:59:42.894741
2026-02-01 14:59:42,948 | INFO | Doing Productive work at:2026-02-01 14:59:42.924790
2026-02-01 14:59:42,980 | INFO | Doing Productive work at:2026-02-01 14:59:42.956146
2026-02-01 14:59:43,006 | INFO | Doing Productive work at:2026-02-01 14:59:42.988564
2026-02-01 14:59:43,041 | INFO | Doing Productive work at:2026-02-01 14:59:43.015518
2026-02-01 14:59:43,074 | INFO | Doing Productive work at:2026-02-01 14:59:43.049841
2026-02-01 14:59:43,105 | INFO | Doing Productive work at:2026-02-01 14:59:43.082896
2026-02-01 14:59:43,135 | INFO | Doing Productive work at:2026-02-01 14:59:43.111316
2026-02-01 14:59:43,181 | INFO | Doing Productive work at:2026-02-01 14:59:43.155158
2026-02-01 14:59:43,215 | INFO | Doing Productive work at:2026-02-01 14:59:43.190299
2026-02-01 14:59:43,243 | INFO | Doing Productive work at:2026-02-01 14:59:43.220286
2026-02-01 14:59:43,275 | INFO | Doing Productive work at:2026-02-01 14:59:43.249644
2026-02-01 14:59:43,307 | INFO | Doing Productive work at:2026-02-01 14:59:43.284357
2026-02-01 14:59:43,339 | INFO | Doing Productive work at:2026-02-01 14:59:43.314511
2026-02-01 14:59:43,371 | INFO | Doing Productive work at:2026-02-01 14:59:43.348788
2026-02-01 14:59:43,400 | INFO | Doing Productive work at:2026-02-01 14:59:43.378922
2026-02-01 14:59:43,447 | INFO | Doing Productive work at:2026-02-01 14:59:43.415837
2026-02-01 14:59:43,480 | INFO | Doing Productive work at:2026-02-01 14:59:43.455485
2026-02-01 14:59:43,511 | INFO | Doing Productive work at:2026-02-01 14:59:43.487964
2026-02-01 14:59:43,542 | INFO | Doing Productive work at:2026-02-01 14:59:43.519145
2026-02-01 14:59:43,585 | INFO | Doing Productive work at:2026-02-01 14:59:43.548694
2026-02-01 14:59:43,625 | INFO | Doing Productive work at:2026-02-01 14:59:43.594903
2026-02-01 14:59:43,652 | INFO | Doing Productive work at:2026-02-01 14:59:43.632280
2026-02-01 14:59:43,685 | INFO | Doing Productive work at:2026-02-01 14:59:43.660973
2026-02-01 14:59:43,717 | INFO | Doing Productive work at:2026-02-01 14:59:43.692728
2026-02-01 14:59:43,748 | INFO | Doing Productive work at:2026-02-01 14:59:43.725891
2026-02-01 14:59:43,778 | INFO | Doing Productive work at:2026-02-01 14:59:43.756910
2026-02-01 14:59:43,810 | INFO | Doing Productive work at:2026-02-01 14:59:43.786726
2026-02-01 14:59:43,839 | INFO | Doing Productive work at:2026-02-01 14:59:43.816735
2026-02-01 14:59:43,870 | INFO | Doing Productive work at:2026-02-01 14:59:43.847529
2026-02-01 14:59:43,901 | INFO | Doing Productive work at:2026-02-01 14:59:43.878993
2026-02-01 14:59:43,933 | INFO | Doing Productive work at:2026-02-01 14:59:43.909655
2026-02-01 14:59:43,963 | INFO | Doing Productive work at:2026-02-01 14:59:43.941985
2026-02-01 14:59:43,994 | INFO | Doing Productive work at:2026-02-01 14:59:43.971941
2026-02-01 14:59:44,040 | INFO | Doing Productive work at:2026-02-01 14:59:44.008130
2026-02-01 14:59:44,073 | INFO | Doing Productive work at:2026-02-01 14:59:44.049160
2026-02-01 14:59:44,104 | INFO | Doing Productive work at:2026-02-01 14:59:44.080370
2026-02-01 14:59:44,165 | INFO | Doing Productive work at:2026-02-01 14:59:44.144427
2026-02-01 14:59:44,197 | INFO | Doing Productive work at:2026-02-01 14:59:44.172898
2026-02-01 14:59:44,227 | INFO | Doing Productive work at:2026-02-01 14:59:44.204491
2026-02-01 14:59:44,260 | INFO | Doing Productive work at:2026-02-01 14:59:44.234946
2026-02-01 14:59:44,290 | INFO | Doing Productive work at:2026-02-01 14:59:44.268537
2026-02-01 14:59:44,321 | INFO | Doing Productive work at:2026-02-01 14:59:44.298166
2026-02-01 14:59:44,352 | INFO | Doing Productive work at:2026-02-01 14:59:44.328496
2026-02-01 14:59:44,383 | INFO | Doing Productive work at:2026-02-01 14:59:44.359253
2026-02-01 14:59:44,416 | INFO | Doing Productive work at:2026-02-01 14:59:44.391712
2026-02-01 14:59:44,447 | INFO | Doing Productive work at:2026-02-01 14:59:44.424923
2026-02-01 14:59:44,476 | INFO | Doing Productive work at:2026-02-01 14:59:44.454165
2026-02-01 14:59:44,508 | INFO | Doing Productive work at:2026-02-01 14:59:44.484916
2026-02-01 14:59:44,555 | INFO | Doing Productive work at:2026-02-01 14:59:44.533024
2026-02-01 14:59:44,586 | INFO | Doing Productive work at:2026-02-01 14:59:44.561712
2026-02-01 14:59:44,619 | INFO | Doing Productive work at:2026-02-01 14:59:44.599814
2026-02-01 14:59:44,650 | INFO | Doing Productive work at:2026-02-01 14:59:44.627401
2026-02-01 14:59:44,688 | INFO | Doing UNProductive work at:2026-02-01 14:59:44.673346
2026-02-01 14:59:44,730 | INFO | Doing Productive work at:2026-02-01 14:59:44.696940
2026-02-01 14:59:44,754 | INFO | Doing Productive work at:2026-02-01 14:59:44.736497
2026-02-01 14:59:44,792 | INFO | Doing Productive work at:2026-02-01 14:59:44.760338
2026-02-01 14:59:44,814 | INFO | Doing UNProductive work at:2026-02-01 14:59:44.800875
2026-02-01 14:59:44,856 | INFO | Doing Productive work at:2026-02-01 14:59:44.821380
2026-02-01 14:59:44,878 | INFO | Doing UNProductive work at:2026-02-01 14:59:44.864098
2026-02-01 14:59:44,911 | INFO | Doing UNProductive work at:2026-02-01 14:59:44.885927
2026-02-01 14:59:44,955 | INFO | Doing UNProductive work at:2026-02-01 14:59:44.934190
2026-02-01 14:59:44,987 | INFO | Doing UNProductive work at:2026-02-01 14:59:44.963457
2026-02-01 14:59:45,019 | INFO | Doing UNProductive work at:2026-02-01 14:59:44.999147
2026-02-01 14:59:45,050 | INFO | Doing UNProductive work at:2026-02-01 14:59:45.026648
2026-02-01 14:59:45,089 | INFO | Doing UNProductive work at:2026-02-01 14:59:45.059588
2026-02-01 14:59:45,124 | INFO | Doing Productive work at:2026-02-01 14:59:45.097069
2026-02-01 14:59:45,152 | INFO | Doing Productive work at:2026-02-01 14:59:45.129022
2026-02-01 14:59:45,174 | INFO | Doing UNProductive work at:2026-02-01 14:59:45.159017
2026-02-01 14:59:45,232 | INFO | Doing Productive work at:2026-02-01 14:59:45.203267
2026-02-01 14:59:45,263 | INFO | Doing Productive work at:2026-02-01 14:59:45.238257
2026-02-01 14:59:45,293 | INFO | Doing Productive work at:2026-02-01 14:59:45.272205
2026-02-01 14:59:45,324 | INFO | Doing Productive work at:2026-02-01 14:59:45.298470
2026-02-01 14:59:45,354 | INFO | Doing Productive work at:2026-02-01 14:59:45.332178
2026-02-01 14:59:45,385 | INFO | Doing Productive work at:2026-02-01 14:59:45.362393
2026-02-01 14:59:45,416 | INFO | Doing Productive work at:2026-02-01 14:59:45.398794
2026-02-01 14:59:45,449 | INFO | Doing Productive work at:2026-02-01 14:59:45.423652
2026-02-01 14:59:45,470 | INFO | Doing UNProductive work at:2026-02-01 14:59:45.461790
2026-02-01 14:59:45,513 | INFO | Doing Productive work at:2026-02-01 14:59:45.480116
2026-02-01 14:59:45,535 | INFO | Doing UNProductive work at:2026-02-01 14:59:45.524459
2026-02-01 14:59:45,565 | INFO | Doing UNProductive work at:2026-02-01 14:59:45.542338
2026-02-01 14:59:45,624 | INFO | Doing Productive work at:2026-02-01 14:59:45.593483
2026-02-01 14:59:45,650 | INFO | Doing Productive work at:2026-02-01 14:59:45.632423
2026-02-01 14:59:45,673 | INFO | Doing UNProductive work at:2026-02-01 14:59:45.658547
2026-02-01 14:59:45,707 | INFO | Doing UNProductive work at:2026-02-01 14:59:45.682088
2026-02-01 14:59:45,752 | INFO | Doing UNProductive work at:2026-02-01 14:59:45.728791
2026-02-01 14:59:45,767 | INFO | Doing UNProductive work at:2026-02-01 14:59:45.757176
2026-02-01 14:59:45,813 | INFO | Doing UNProductive work at:2026-02-01 14:59:45.799542
2026-02-01 14:59:45,828 | INFO | Doing UNProductive work at:2026-02-01 14:59:45.820214
2026-02-01 14:59:45,882 | INFO | Doing Productive work at:2026-02-01 14:59:45.861178
2026-02-01 14:59:45,907 | INFO | Doing UNProductive work at:2026-02-01 14:59:45.889479
2026-02-01 14:59:45,942 | INFO | Doing Productive work at:2026-02-01 14:59:45.922332
2026-02-01 14:59:45,970 | INFO | Doing UNProductive work at:2026-02-01 14:59:45.950008
2026-02-01 14:59:46,019 | INFO | Doing UNProductive work at:2026-02-01 14:59:45.991843
2026-02-01 14:59:46,052 | INFO | Doing UNProductive work at:2026-02-01 14:59:46.028335
2026-02-01 14:59:46,092 | INFO | Doing Productive work at:2026-02-01 14:59:46.058745
2026-02-01 14:59:46,110 | INFO | Doing UNProductive work at:2026-02-01 14:59:46.099903
2026-02-01 14:59:46,137 | INFO | Doing Productive work at:2026-02-01 14:59:46.117334
2026-02-01 14:59:46,166 | INFO | Doing Productive work at:2026-02-01 14:59:46.145121
2026-02-01 14:59:46,213 | INFO | Doing Productive work at:2026-02-01 14:59:46.180467
2026-02-01 14:59:46,243 | INFO | Doing Productive work at:2026-02-01 14:59:46.219877
2026-02-01 14:59:46,291 | INFO | Doing Productive work at:2026-02-01 14:59:46.260892
2026-02-01 14:59:46,323 | INFO | Doing Productive work at:2026-02-01 14:59:46.299271
2026-02-01 14:59:46,353 | INFO | Doing Productive work at:2026-02-01 14:59:46.331699
2026-02-01 14:59:46,386 | INFO | Doing Productive work at:2026-02-01 14:59:46.361421
2026-02-01 14:59:46,416 | INFO | Doing Productive work at:2026-02-01 14:59:46.393604
2026-02-01 14:59:47,287 | INFO | Doing Productive work at:2026-02-01 14:59:46.424795
2026-02-01 14:59:47,320 | INFO | Doing Productive work at:2026-02-01 14:59:47.295000
2026-02-01 14:59:47,349 | INFO | Doing Productive work at:2026-02-01 14:59:47.326106
2026-02-01 14:59:47,377 | INFO | Doing Productive work at:2026-02-01 14:59:47.357339
2026-02-01 14:59:47,413 | INFO | Doing Productive work at:2026-02-01 14:59:47.386626
2026-02-01 14:59:47,444 | INFO | Doing Productive work at:2026-02-01 14:59:47.422967
2026-02-01 14:59:47,476 | INFO | Doing Productive work at:2026-02-01 14:59:47.452302
2026-02-01 14:59:47,508 | INFO | Doing Productive work at:2026-02-01 14:59:47.484046
2026-02-01 14:59:47,537 | INFO | Doing Productive work at:2026-02-01 14:59:47.516682
2026-02-01 14:59:47,570 | INFO | Doing Productive work at:2026-02-01 14:59:47.545803
2026-02-01 14:59:47,600 | INFO | Doing Productive work at:2026-02-01 14:59:47.577832
2026-02-01 14:59:47,631 | INFO | Doing Productive work at:2026-02-01 14:59:47.610017
2026-02-01 14:59:47,663 | INFO | Doing Productive work at:2026-02-01 14:59:47.636257
2026-02-01 14:59:47,694 | INFO | Doing Productive work at:2026-02-01 14:59:47.672140
2026-02-01 14:59:47,724 | INFO | Doing Productive work at:2026-02-01 14:59:47.697398
2026-02-01 14:59:47,755 | INFO | Doing Productive work at:2026-02-01 14:59:47.733327
2026-02-01 14:59:47,790 | INFO | Doing Productive work at:2026-02-01 14:59:47.766577
2026-02-01 14:59:47,818 | INFO | Doing Productive work at:2026-02-01 14:59:47.798528
2026-02-01 14:59:47,850 | INFO | Doing Productive work at:2026-02-01 14:59:47.825672
2026-02-01 14:59:47,880 | INFO | Doing Productive work at:2026-02-01 14:59:47.858904
2026-02-01 14:59:47,912 | INFO | Doing Productive work at:2026-02-01 14:59:47.888424
2026-02-01 14:59:47,942 | INFO | Doing Productive work at:2026-02-01 14:59:47.921198
2026-02-01 14:59:47,976 | INFO | Doing Productive work at:2026-02-01 14:59:47.950607
2026-02-01 14:59:48,004 | INFO | Doing Productive work at:2026-02-01 14:59:47.983898
2026-02-01 14:59:48,034 | INFO | Doing Productive work at:2026-02-01 14:59:48.011782
2026-02-01 14:59:48,065 | INFO | Doing Productive work at:2026-02-01 14:59:48.042180
2026-02-01 14:59:48,097 | INFO | Doing Productive work at:2026-02-01 14:59:48.074197
2026-02-01 14:59:48,128 | INFO | Doing Productive work at:2026-02-01 14:59:48.105297
2026-02-01 14:59:48,189 | INFO | Doing Productive work at:2026-02-01 14:59:48.169878
2026-02-01 14:59:48,222 | INFO | Doing Productive work at:2026-02-01 14:59:48.197088
2026-02-01 14:59:48,252 | INFO | Doing Productive work at:2026-02-01 14:59:48.229265
2026-02-01 14:59:48,285 | INFO | Doing Productive work at:2026-02-01 14:59:48.259305
2026-02-01 14:59:48,316 | INFO | Doing Productive work at:2026-02-01 14:59:48.294227
2026-02-01 14:59:48,346 | INFO | Doing Productive work at:2026-02-01 14:59:48.323736
2026-02-01 14:59:48,379 | INFO | Doing Productive work at:2026-02-01 14:59:48.354988
2026-02-01 14:59:48,409 | INFO | Doing UNProductive work at:2026-02-01 14:59:48.386137
2026-02-01 14:59:48,442 | INFO | Doing UNProductive work at:2026-02-01 14:59:48.417290
2026-02-01 14:59:48,473 | INFO | Doing UNProductive work at:2026-02-01 14:59:48.449735
2026-02-01 14:59:48,499 | INFO | Doing UNProductive work at:2026-02-01 14:59:48.482440
2026-02-01 14:59:48,537 | INFO | Doing UNProductive work at:2026-02-01 14:59:48.507398
2026-02-01 14:59:48,598 | INFO | Doing UNProductive work at:2026-02-01 14:59:48.567573
2026-02-01 14:59:48,625 | INFO | Doing UNProductive work at:2026-02-01 14:59:48.606090
2026-02-01 14:59:48,663 | INFO | Doing UNProductive work at:2026-02-01 14:59:48.631676
2026-02-01 14:59:48,695 | INFO | Doing UNProductive work at:2026-02-01 14:59:48.671315
2026-02-01 14:59:48,720 | INFO | Doing UNProductive work at:2026-02-01 14:59:48.703297
2026-02-01 14:59:48,757 | INFO | Doing Productive work at:2026-02-01 14:59:48.728698
2026-02-01 14:59:48,789 | INFO | Doing Productive work at:2026-02-01 14:59:48.764154
2026-02-01 14:59:48,821 | INFO | Doing Productive work at:2026-02-01 14:59:48.797173
2026-02-01 14:59:48,854 | INFO | Doing Productive work at:2026-02-01 14:59:48.833340
2026-02-01 14:59:48,880 | INFO | Doing Productive work at:2026-02-01 14:59:48.862687
2026-02-01 14:59:48,916 | INFO | Doing Productive work at:2026-02-01 14:59:48.886940
2026-02-01 14:59:48,948 | INFO | Doing Productive work at:2026-02-01 14:59:48.924894
2026-02-01 14:59:48,996 | INFO | Doing Productive work at:2026-02-01 14:59:48.964908
2026-02-01 14:59:49,020 | INFO | Doing Productive work at:2026-02-01 14:59:49.003340
2026-02-01 14:59:49,046 | INFO | Doing Productive work at:2026-02-01 14:59:49.030361
2026-02-01 14:59:49,088 | INFO | Doing Productive work at:2026-02-01 14:59:49.054807
2026-02-01 14:59:49,113 | INFO | Doing Productive work at:2026-02-01 14:59:49.096586
2026-02-01 14:59:49,152 | INFO | Doing Productive work at:2026-02-01 14:59:49.121266
2026-02-01 14:59:49,183 | INFO | Doing Productive work at:2026-02-01 14:59:49.161101
2026-02-01 14:59:49,215 | INFO | Doing Productive work at:2026-02-01 14:59:49.192297
2026-02-01 14:59:49,240 | INFO | Doing Productive work at:2026-02-01 14:59:49.223638
2026-02-01 14:59:49,277 | INFO | Doing Productive work at:2026-02-01 14:59:49.247779
2026-02-01 14:59:49,308 | INFO | Doing Productive work at:2026-02-01 14:59:49.284257
2026-02-01 14:59:49,334 | INFO | Doing Productive work at:2026-02-01 14:59:49.317366
2026-02-01 14:59:49,388 | INFO | Doing Productive work at:2026-02-01 14:59:49.368241
2026-02-01 14:59:49,420 | INFO | Doing Productive work at:2026-02-01 14:59:49.396291
2026-02-01 14:59:49,454 | INFO | Doing Productive work at:2026-02-01 14:59:49.430248
2026-02-01 14:59:49,483 | INFO | Doing Productive work at:2026-02-01 14:59:49.461133
2026-02-01 14:59:49,512 | INFO | Doing Productive work at:2026-02-01 14:59:49.491710
2026-02-01 14:59:49,545 | INFO | Doing Productive work at:2026-02-01 14:59:49.520224
2026-02-01 14:59:49,591 | INFO | Doing Productive work at:2026-02-01 14:59:49.560100
2026-02-01 14:59:49,631 | INFO | Doing Productive work at:2026-02-01 14:59:49.597623
2026-02-01 14:59:49,715 | INFO | Doing Productive work at:2026-02-01 14:59:49.684095
2026-02-01 14:59:49,801 | INFO | Doing Productive work at:2026-02-01 14:59:49.761969
2026-02-01 14:59:49,854 | INFO | Doing UNProductive work at:2026-02-01 14:59:49.823569
2026-02-01 14:59:49,949 | INFO | Doing UNProductive work at:2026-02-01 14:59:49.916860
2026-02-01 14:59:50,011 | INFO | Doing UNProductive work at:2026-02-01 14:59:49.980068
2026-02-01 14:59:50,059 | INFO | Doing UNProductive work at:2026-02-01 14:59:50.043331
2026-02-01 14:59:50,124 | INFO | Doing UNProductive work at:2026-02-01 14:59:50.106141
2026-02-01 14:59:50,185 | INFO | Doing UNProductive work at:2026-02-01 14:59:50.168504
2026-02-01 14:59:50,251 | INFO | Doing UNProductive work at:2026-02-01 14:59:50.232320
2026-02-01 14:59:50,311 | INFO | Doing UNProductive work at:2026-02-01 14:59:50.294265
2026-02-01 14:59:50,386 | INFO | Doing UNProductive work at:2026-02-01 14:59:50.356311
2026-02-01 14:59:50,462 | INFO | Doing UNProductive work at:2026-02-01 14:59:50.433960
2026-02-01 14:59:50,523 | INFO | Doing UNProductive work at:2026-02-01 14:59:50.495625
2026-02-01 14:59:50,603 | INFO | Doing UNProductive work at:2026-02-01 14:59:50.574715
2026-02-01 14:59:50,666 | INFO | Doing UNProductive work at:2026-02-01 14:59:50.636649
2026-02-01 14:59:50,717 | INFO | Doing UNProductive work at:2026-02-01 14:59:50.699866
2026-02-01 14:59:50,777 | INFO | Doing UNProductive work at:2026-02-01 14:59:50.763051
2026-02-01 14:59:50,854 | INFO | Doing UNProductive work at:2026-02-01 14:59:50.826560
2026-02-01 14:59:50,902 | INFO | Doing UNProductive work at:2026-02-01 14:59:50.889287
2026-02-01 14:59:50,994 | INFO | Doing UNProductive work at:2026-02-01 14:59:50.966992
2026-02-01 14:59:51,055 | INFO | Doing UNProductive work at:2026-02-01 14:59:51.028635
2026-02-01 14:59:51,110 | INFO | Doing UNProductive work at:2026-02-01 14:59:51.091071
2026-02-01 14:59:51,185 | INFO | Doing UNProductive work at:2026-02-01 14:59:51.153988
2026-02-01 14:59:51,235 | INFO | Doing UNProductive work at:2026-02-01 14:59:51.216126
2026-02-01 14:59:51,312 | INFO | Doing UNProductive work at:2026-02-01 14:59:51.294642
2026-02-01 14:59:51,390 | INFO | Doing UNProductive work at:2026-02-01 14:59:51.357206
2026-02-01 14:59:51,479 | INFO | Doing UNProductive work at:2026-02-01 14:59:51.450831
2026-02-01 14:59:51,559 | INFO | Doing UNProductive work at:2026-02-01 14:59:51.528766
2026-02-01 14:59:51,635 | INFO | Doing UNProductive work at:2026-02-01 14:59:51.620124
2026-02-01 14:59:51,714 | INFO | Doing UNProductive work at:2026-02-01 14:59:51.683467
2026-02-01 14:59:51,788 | INFO | Doing Productive work at:2026-02-01 14:59:51.746111
2026-02-01 14:59:51,834 | INFO | Doing Productive work at:2026-02-01 14:59:51.807540
2026-02-01 14:59:51,925 | INFO | Doing Productive work at:2026-02-01 14:59:51.886040
2026-02-01 14:59:52,006 | INFO | Doing Productive work at:2026-02-01 14:59:51.980330
2026-02-01 14:59:52,101 | INFO | Doing Productive work at:2026-02-01 14:59:52.057846
2026-02-01 14:59:52,180 | INFO | Doing Productive work at:2026-02-01 14:59:52.152350
2026-02-01 14:59:52,252 | INFO | Doing Productive work at:2026-02-01 14:59:52.214429
2026-02-01 14:59:52,316 | INFO | Doing Productive work at:2026-02-01 14:59:52.277194
2026-02-01 14:59:52,378 | INFO | Doing Productive work at:2026-02-01 14:59:52.339377
2026-02-01 14:59:52,441 | INFO | Doing Productive work at:2026-02-01 14:59:52.402379
2026-02-01 14:59:52,491 | INFO | Doing Productive work at:2026-02-01 14:59:52.464849
2026-02-01 14:59:52,583 | INFO | Doing Productive work at:2026-02-01 14:59:52.543738
2026-02-01 14:59:52,646 | INFO | Doing Productive work at:2026-02-01 14:59:52.620837
2026-02-01 14:59:52,723 | INFO | Doing Productive work at:2026-02-01 14:59:52.683386
2026-02-01 14:59:52,818 | INFO | Doing Productive work at:2026-02-01 14:59:52.778037
2026-02-01 14:59:52,913 | INFO | Doing Productive work at:2026-02-01 14:59:52.871682
2026-02-01 14:59:53,006 | INFO | Doing Productive work at:2026-02-01 14:59:52.966073
2026-02-01 14:59:53,082 | INFO | Doing Productive work at:2026-02-01 14:59:53.059211
2026-02-01 14:59:53,162 | INFO | Doing Productive work at:2026-02-01 14:59:53.136175
2026-02-01 14:59:53,241 | INFO | Doing Productive work at:2026-02-01 14:59:53.198866
2026-02-01 14:59:53,315 | INFO | Doing Productive work at:2026-02-01 14:59:53.275803
2026-02-01 14:59:53,412 | INFO | Doing Productive work at:2026-02-01 14:59:53.369719
2026-02-01 14:59:53,505 | INFO | Doing Productive work at:2026-02-01 14:59:53.463532
2026-02-01 14:59:53,562 | INFO | Doing Productive work at:2026-02-01 14:59:53.526992
2026-02-01 14:59:53,644 | INFO | Doing Productive work at:2026-02-01 14:59:53.605799
2026-02-01 14:59:53,709 | INFO | Doing Productive work at:2026-02-01 14:59:53.667851
2026-02-01 14:59:53,769 | INFO | Doing Productive work at:2026-02-01 14:59:53.729003
2026-02-01 14:59:53,829 | INFO | Doing Productive work at:2026-02-01 14:59:53.791859
2026-02-01 14:59:53,909 | INFO | Doing Productive work at:2026-02-01 14:59:53.869325
2026-02-01 14:59:54,004 | INFO | Doing Productive work at:2026-02-01 14:59:53.961828
2026-02-01 14:59:54,077 | INFO | Doing Productive work at:2026-02-01 14:59:54.054922
2026-02-01 14:59:54,163 | INFO | Doing Productive work at:2026-02-01 14:59:54.133735
2026-02-01 14:59:54,235 | INFO | Doing Productive work at:2026-02-01 14:59:54.196207
2026-02-01 14:59:54,282 | INFO | Doing Productive work at:2026-02-01 14:59:54.257170
2026-02-01 14:59:54,374 | INFO | Doing Productive work at:2026-02-01 14:59:54.335090
2026-02-01 14:59:54,470 | INFO | Doing Productive work at:2026-02-01 14:59:54.429255
2026-02-01 14:59:54,548 | INFO | Doing Productive work at:2026-02-01 14:59:54.522318
2026-02-01 14:59:54,623 | INFO | Doing Productive work at:2026-02-01 14:59:54.598837
2026-02-01 14:59:54,702 | INFO | Doing Productive work at:2026-02-01 14:59:54.661201
2026-02-01 14:59:54,747 | INFO | Doing Productive work at:2026-02-01 14:59:54.722447
2026-02-01 14:59:54,824 | INFO | Doing Productive work at:2026-02-01 14:59:54.784434
2026-02-01 14:59:54,887 | INFO | Doing Productive work at:2026-02-01 14:59:54.862070
2026-02-01 14:59:54,964 | INFO | Doing Productive work at:2026-02-01 14:59:54.924733
2026-02-01 14:59:55,059 | INFO | Doing Productive work at:2026-02-01 14:59:55.019837
2026-02-01 14:59:55,154 | INFO | Doing Productive work at:2026-02-01 14:59:55.113174
2026-02-01 14:59:55,231 | INFO | Doing Productive work at:2026-02-01 14:59:55.190745
2026-02-01 14:59:55,324 | INFO | Doing Productive work at:2026-02-01 14:59:55.283702
2026-02-01 14:59:55,403 | INFO | Doing Productive work at:2026-02-01 14:59:55.376919
2026-02-01 14:59:55,478 | INFO | Doing Productive work at:2026-02-01 14:59:55.439650
2026-02-01 14:59:55,541 | INFO | Doing Productive work at:2026-02-01 14:59:55.518307
2026-02-01 14:59:55,622 | INFO | Doing Productive work at:2026-02-01 14:59:55.581992
2026-02-01 14:59:55,703 | INFO | Doing Productive work at:2026-02-01 14:59:55.659406
2026-02-01 14:59:55,795 | INFO | Doing Productive work at:2026-02-01 14:59:55.753921
2026-02-01 14:59:55,885 | INFO | Doing Productive work at:2026-02-01 14:59:55.846802
2026-02-01 14:59:55,947 | INFO | Doing Productive work at:2026-02-01 14:59:55.908719
2026-02-01 14:59:56,013 | INFO | Doing Productive work at:2026-02-01 14:59:55.971290
2026-02-01 14:59:56,072 | INFO | Doing Productive work at:2026-02-01 14:59:56.034172
2026-02-01 14:59:56,140 | INFO | Doing Productive work at:2026-02-01 14:59:56.096526
2026-02-01 14:59:56,215 | INFO | Doing Productive work at:2026-02-01 14:59:56.174850
2026-02-01 14:59:56,291 | INFO | Doing Productive work at:2026-02-01 14:59:56.253827
2026-02-01 14:59:56,387 | INFO | Doing Productive work at:2026-02-01 14:59:56.348136
2026-02-01 14:59:56,469 | INFO | Doing Productive work at:2026-02-01 14:59:56.442080
2026-02-01 14:59:56,545 | INFO | Doing Productive work at:2026-02-01 14:59:56.504770
2026-02-01 14:59:56,638 | INFO | Doing Productive work at:2026-02-01 14:59:56.598872
2026-02-01 14:59:56,734 | INFO | Doing Productive work at:2026-02-01 14:59:56.691899
2026-02-01 14:59:56,810 | INFO | Doing Productive work at:2026-02-01 14:59:56.770201
2026-02-01 14:59:56,869 | INFO | Doing Productive work at:2026-02-01 14:59:56.832482
2026-02-01 14:59:56,947 | INFO | Doing Productive work at:2026-02-01 14:59:56.910254
2026-02-01 14:59:57,039 | INFO | Doing Productive work at:2026-02-01 14:59:57.002197
2026-02-01 14:59:57,134 | INFO | Doing Productive work at:2026-02-01 14:59:57.095590
2026-02-01 14:59:57,229 | INFO | Doing Productive work at:2026-02-01 14:59:57.189544
2026-02-01 14:59:57,320 | INFO | Doing Productive work at:2026-02-01 14:59:57.283461
2026-02-01 14:59:57,399 | INFO | Doing Productive work at:2026-02-01 14:59:57.361254
2026-02-01 14:59:57,462 | INFO | Doing Productive work at:2026-02-01 14:59:57.423620
2026-02-01 14:59:57,526 | INFO | Doing Productive work at:2026-02-01 14:59:57.502024
2026-02-01 14:59:57,606 | INFO | Doing Productive work at:2026-02-01 14:59:57.564114
2026-02-01 14:59:57,697 | INFO | Doing Productive work at:2026-02-01 14:59:57.657416
2026-02-01 14:59:57,795 | INFO | Doing Productive work at:2026-02-01 14:59:57.750600
2026-02-01 14:59:57,871 | INFO | Doing Productive work at:2026-02-01 14:59:57.829584
2026-02-01 14:59:57,931 | INFO | Doing Productive work at:2026-02-01 14:59:57.891421
2026-02-01 14:59:57,978 | INFO | Doing Productive work at:2026-02-01 14:59:57.954207
2026-02-01 14:59:58,058 | INFO | Doing Productive work at:2026-02-01 14:59:58.016550
2026-02-01 14:59:58,131 | INFO | Doing Productive work at:2026-02-01 14:59:58.093718
2026-02-01 14:59:58,228 | INFO | Doing Productive work at:2026-02-01 14:59:58.187214
2026-02-01 14:59:58,307 | INFO | Doing Productive work at:2026-02-01 14:59:58.280307
2026-02-01 14:59:58,398 | INFO | Doing Productive work at:2026-02-01 14:59:58.357829
2026-02-01 14:59:58,458 | INFO | Doing Productive work at:2026-02-01 14:59:58.420567
2026-02-01 14:59:58,523 | INFO | Doing Productive work at:2026-02-01 14:59:58.483753
2026-02-01 14:59:58,584 | INFO | Doing Productive work at:2026-02-01 14:59:58.546031
2026-02-01 14:59:58,649 | INFO | Doing Productive work at:2026-02-01 14:59:58.608748
2026-02-01 14:59:58,731 | INFO | Doing Productive work at:2026-02-01 14:59:58.685309
2026-02-01 14:59:58,836 | INFO | Doing Productive work at:2026-02-01 14:59:58.795037
2026-02-01 14:59:58,929 | INFO | Doing Productive work at:2026-02-01 14:59:58.888421
2026-02-01 14:59:59,007 | INFO | Doing Productive work at:2026-02-01 14:59:58.981643
2026-02-01 14:59:59,099 | INFO | Doing Productive work at:2026-02-01 14:59:59.060365
2026-02-01 14:59:59,179 | INFO | Doing Productive work at:2026-02-01 14:59:59.138334
2026-02-01 14:59:59,238 | INFO | Doing Productive work at:2026-02-01 14:59:59.200694
2026-02-01 14:59:59,327 | INFO | Doing Productive work at:2026-02-01 14:59:59.293714
2026-02-01 14:59:59,398 | INFO | Doing Productive work at:2026-02-01 14:59:59.356010
2026-02-01 14:59:59,488 | INFO | Doing Productive work at:2026-02-01 14:59:59.449826
2026-02-01 14:59:59,580 | INFO | Doing Productive work at:2026-02-01 14:59:59.543690
2026-02-01 14:59:59,647 | INFO | Doing Productive work at:2026-02-01 14:59:59.605930
2026-02-01 14:59:59,709 | INFO | Doing Productive work at:2026-02-01 14:59:59.668442
2026-02-01 14:59:59,773 | INFO | Doing Productive work at:2026-02-01 14:59:59.730269
2026-02-01 14:59:59,847 | INFO | Doing Productive work at:2026-02-01 14:59:59.808403
2026-02-01 14:59:59,924 | INFO | Doing Productive work at:2026-02-01 14:59:59.885918
2026-02-01 15:00:00,021 | INFO | Doing Productive work at:2026-02-01 14:59:59.980453
2026-02-01 15:00:00,114 | INFO | Doing Productive work at:2026-02-01 15:00:00.074937
2026-02-01 15:00:00,206 | INFO | Doing Productive work at:2026-02-01 15:00:00.167904
2026-02-01 15:00:00,300 | INFO | Doing Productive work at:2026-02-01 15:00:00.262506
2026-02-01 15:00:00,378 | INFO | Doing Productive work at:2026-02-01 15:00:00.340983
2026-02-01 15:00:00,440 | INFO | Doing Productive work at:2026-02-01 15:00:00.402301
2026-02-01 15:00:00,519 | INFO | Doing Productive work at:2026-02-01 15:00:00.480323
2026-02-01 15:00:00,614 | INFO | Doing Productive work at:2026-02-01 15:00:00.574099
2026-02-01 15:00:00,706 | INFO | Doing Productive work at:2026-02-01 15:00:00.668303
2026-02-01 15:00:00,798 | INFO | Doing Productive work at:2026-02-01 15:00:00.760831
2026-02-01 15:00:00,897 | INFO | Doing Productive work at:2026-02-01 15:00:00.854774
2026-02-01 15:00:00,959 | INFO | Doing Productive work at:2026-02-01 15:00:00.932959
2026-02-01 15:00:01,036 | INFO | Doing Productive work at:2026-02-01 15:00:00.996510
2026-02-01 15:00:01,098 | INFO | Doing Productive work at:2026-02-01 15:00:01.058355
2026-02-01 15:00:01,162 | INFO | Doing Productive work at:2026-02-01 15:00:01.120446
2026-02-01 15:00:01,223 | INFO | Doing Productive work at:2026-02-01 15:00:01.182786
2026-02-01 15:00:01,300 | INFO | Doing Productive work at:2026-02-01 15:00:01.260637
2026-02-01 15:00:01,395 | INFO | Doing Productive work at:2026-02-01 15:00:01.353114
2026-02-01 15:00:01,474 | INFO | Doing Productive work at:2026-02-01 15:00:01.445837
2026-02-01 15:00:01,553 | INFO | Doing Productive work at:2026-02-01 15:00:01.523640
2026-02-01 15:00:01,629 | INFO | Doing Productive work at:2026-02-01 15:00:01.586528
2026-02-01 15:00:01,689 | INFO | Doing Productive work at:2026-02-01 15:00:01.649245
2026-02-01 15:00:01,750 | INFO | Doing Productive work at:2026-02-01 15:00:01.711592
2026-02-01 15:00:01,830 | INFO | Doing Productive work at:2026-02-01 15:00:01.790532
2026-02-01 15:00:01,923 | INFO | Doing Productive work at:2026-02-01 15:00:01.884116
2026-02-01 15:00:02,023 | INFO | Doing Productive work at:2026-02-01 15:00:01.977573
2026-02-01 15:00:02,093 | INFO | Doing Productive work at:2026-02-01 15:00:02.056580
2026-02-01 15:00:02,185 | INFO | Doing Productive work at:2026-02-01 15:00:02.150800
2026-02-01 15:00:02,284 | INFO | Doing Productive work at:2026-02-01 15:00:02.244986
2026-02-01 15:00:02,347 | INFO | Doing Productive work at:2026-02-01 15:00:02.307183
2026-02-01 15:00:02,396 | INFO | Doing Productive work at:2026-02-01 15:00:02.369381
2026-02-01 15:00:02,490 | INFO | Doing Productive work at:2026-02-01 15:00:02.447994
2026-02-01 15:00:02,566 | INFO | Doing Productive work at:2026-02-01 15:00:02.525465
2026-02-01 15:00:02,652 | INFO | Doing Productive work at:2026-02-01 15:00:02.620209
2026-02-01 15:00:02,756 | INFO | Doing Productive work at:2026-02-01 15:00:02.714598
2026-02-01 15:00:02,850 | INFO | Doing Productive work at:2026-02-01 15:00:02.807954
2026-02-01 15:00:02,944 | INFO | Doing Productive work at:2026-02-01 15:00:02.901257
2026-02-01 15:00:03,020 | INFO | Doing Productive work at:2026-02-01 15:00:02.979928
2026-02-01 15:00:03,077 | INFO | Doing Productive work at:2026-02-01 15:00:03.041371
2026-02-01 15:00:03,143 | INFO | Doing Productive work at:2026-02-01 15:00:03.103264
2026-02-01 15:00:03,207 | INFO | Doing Productive work at:2026-02-01 15:00:03.166327
2026-02-01 15:00:03,283 | INFO | Doing Productive work at:2026-02-01 15:00:03.243459
2026-02-01 15:00:03,377 | INFO | Doing Productive work at:2026-02-01 15:00:03.338191
2026-02-01 15:00:03,475 | INFO | Doing Productive work at:2026-02-01 15:00:03.432135
2026-02-01 15:00:03,536 | INFO | Doing Productive work at:2026-02-01 15:00:03.509812
2026-02-01 15:00:03,612 | INFO | Doing Productive work at:2026-02-01 15:00:03.572744
2026-02-01 15:00:03,674 | INFO | Doing Productive work at:2026-02-01 15:00:03.634795
2026-02-01 15:00:03,722 | INFO | Doing Productive work at:2026-02-01 15:00:03.696964
2026-02-01 15:00:03,802 | INFO | Doing Productive work at:2026-02-01 15:00:03.759621
2026-02-01 15:00:03,874 | INFO | Doing Productive work at:2026-02-01 15:00:03.837653
2026-02-01 15:00:03,955 | INFO | Doing Productive work at:2026-02-01 15:00:03.930638
2026-02-01 15:00:04,035 | INFO | Doing Productive work at:2026-02-01 15:00:04.009712
2026-02-01 15:00:04,126 | INFO | Doing Productive work at:2026-02-01 15:00:04.087782
2026-02-01 15:00:04,201 | INFO | Doing Productive work at:2026-02-01 15:00:04.165175
2026-02-01 15:00:04,264 | INFO | Doing Productive work at:2026-02-01 15:00:04.226330
2026-02-01 15:00:04,326 | INFO | Doing Productive work at:2026-02-01 15:00:04.287958
2026-02-01 15:00:04,403 | INFO | Doing Productive work at:2026-02-01 15:00:04.364817
2026-02-01 15:00:04,483 | INFO | Doing Productive work at:2026-02-01 15:00:04.459017
2026-02-01 15:00:04,558 | INFO | Doing Productive work at:2026-02-01 15:00:04.536587
2026-02-01 15:00:04,640 | INFO | Doing Productive work at:2026-02-01 15:00:04.615007
2026-02-01 15:00:04,765 | INFO | Doing Productive work at:2026-02-01 15:00:04.692211
2026-02-01 15:00:04,841 | INFO | Doing Productive work at:2026-02-01 15:00:04.818014
2026-02-01 15:00:04,868 | INFO | Doing Productive work at:2026-02-01 15:00:04.849234
2026-02-01 15:00:04,894 | INFO | Doing Productive work at:2026-02-01 15:00:04.874064
2026-02-01 15:00:04,926 | INFO | Doing Productive work at:2026-02-01 15:00:04.902635
2026-02-01 15:00:04,958 | INFO | Doing Productive work at:2026-02-01 15:00:04.933659
2026-02-01 15:00:04,987 | INFO | Doing Productive work at:2026-02-01 15:00:04.966342
2026-02-01 15:00:05,035 | INFO | Doing Productive work at:2026-02-01 15:00:05.012963
2026-02-01 15:00:05,060 | INFO | Doing Productive work at:2026-02-01 15:00:05.043170
2026-02-01 15:00:05,098 | INFO | Doing Productive work at:2026-02-01 15:00:05.064471
2026-02-01 15:00:05,128 | INFO | Doing Productive work at:2026-02-01 15:00:05.103957
2026-02-01 15:00:05,162 | INFO | Doing Productive work at:2026-02-01 15:00:05.137967
2026-02-01 15:00:05,193 | INFO | Doing Productive work at:2026-02-01 15:00:05.171576
2026-02-01 15:00:05,222 | INFO | Doing Productive work at:2026-02-01 15:00:05.201757
2026-02-01 15:00:05,255 | INFO | Doing Productive work at:2026-02-01 15:00:05.230581
2026-02-01 15:00:05,286 | INFO | Doing Productive work at:2026-02-01 15:00:05.263174
2026-02-01 15:00:05,317 | INFO | Doing Productive work at:2026-02-01 15:00:05.294349
2026-02-01 15:00:05,351 | INFO | Doing Productive work at:2026-02-01 15:00:05.333858
2026-02-01 15:00:05,381 | INFO | Doing Productive work at:2026-02-01 15:00:05.359724
2026-02-01 15:00:05,428 | INFO | Doing Productive work at:2026-02-01 15:00:05.398050
2026-02-01 15:00:30,441 | INFO | Doing UNProductive work at:2026-02-01 15:00:30.391122
2026-02-01 15:00:30,455 | INFO | Doing UNProductive work at:2026-02-01 15:00:30.449922
2026-02-01 15:00:30,467 | INFO | Doing UNProductive work at:2026-02-01 15:00:30.460726
2026-02-01 15:00:30,483 | INFO | Doing UNProductive work at:2026-02-01 15:00:30.476593
2026-02-01 15:00:30,498 | INFO | Doing UNProductive work at:2026-02-01 15:00:30.491784
2026-02-01 15:00:30,543 | INFO | Doing UNProductive work at:2026-02-01 15:00:30.532721
2026-02-01 15:00:30,557 | INFO | Doing UNProductive work at:2026-02-01 15:00:30.551925
2026-02-01 15:00:30,607 | INFO | Doing UNProductive work at:2026-02-01 15:00:30.595294
2026-02-01 15:00:30,622 | INFO | Doing UNProductive work at:2026-02-01 15:00:30.613593
2026-02-01 15:00:30,669 | INFO | Doing UNProductive work at:2026-02-01 15:00:30.658459
2026-02-01 15:00:30,686 | INFO | Doing UNProductive work at:2026-02-01 15:00:30.676802
2026-02-01 15:00:30,730 | INFO | Doing UNProductive work at:2026-02-01 15:00:30.722626
2026-02-01 15:00:30,746 | INFO | Doing UNProductive work at:2026-02-01 15:00:30.737982
2026-02-01 15:00:30,809 | INFO | Doing UNProductive work at:2026-02-01 15:00:30.801254
2026-02-01 15:00:30,825 | INFO | Doing UNProductive work at:2026-02-01 15:00:30.818384
2026-02-01 15:00:30,872 | INFO | Doing UNProductive work at:2026-02-01 15:00:30.864494
2026-02-01 15:00:30,888 | INFO | Doing UNProductive work at:2026-02-01 15:00:30.877592
2026-02-01 15:00:30,950 | INFO | Doing UNProductive work at:2026-02-01 15:00:30.932131
2026-02-01 15:00:30,960 | INFO | Doing UNProductive work at:2026-02-01 15:00:30.955547
2026-02-01 15:00:31,013 | INFO | Doing UNProductive work at:2026-02-01 15:00:30.993629
2026-02-01 15:00:31,028 | INFO | Doing UNProductive work at:2026-02-01 15:00:31.019152
2026-02-01 15:00:31,077 | INFO | Doing UNProductive work at:2026-02-01 15:00:31.060087
2026-02-01 15:00:31,091 | INFO | Doing UNProductive work at:2026-02-01 15:00:31.085017
2026-02-01 15:00:31,150 | INFO | Doing UNProductive work at:2026-02-01 15:00:31.120732
2026-02-01 15:00:31,175 | INFO | Doing UNProductive work at:2026-02-01 15:00:31.158770
2026-02-01 15:00:31,221 | INFO | Doing UNProductive work at:2026-02-01 15:00:31.200876
2026-02-01 15:00:31,252 | INFO | Doing UNProductive work at:2026-02-01 15:00:31.229498
2026-02-01 15:00:31,283 | INFO | Doing UNProductive work at:2026-02-01 15:00:31.263060
2026-02-01 15:00:31,314 | INFO | Doing UNProductive work at:2026-02-01 15:00:31.289491
2026-02-01 15:00:31,347 | INFO | Doing UNProductive work at:2026-02-01 15:00:31.326745
2026-02-01 15:00:31,377 | INFO | Doing UNProductive work at:2026-02-01 15:00:31.354700
2026-02-01 15:00:31,408 | INFO | Doing UNProductive work at:2026-02-01 15:00:31.390186
2026-02-01 15:00:31,440 | INFO | Doing UNProductive work at:2026-02-01 15:00:31.414992
2026-02-01 15:00:31,470 | INFO | Doing UNProductive work at:2026-02-01 15:00:31.458104
2026-02-01 15:00:31,501 | INFO | Doing UNProductive work at:2026-02-01 15:00:31.479710
2026-02-01 15:00:31,547 | INFO | Doing UNProductive work at:2026-02-01 15:00:31.523198
2026-02-01 15:00:31,578 | INFO | Doing UNProductive work at:2026-02-01 15:00:31.554331
2026-02-01 15:00:31,625 | INFO | Doing UNProductive work at:2026-02-01 15:00:31.602764
2026-02-01 15:00:31,656 | INFO | Doing UNProductive work at:2026-02-01 15:00:31.629733
2026-02-01 15:00:31,696 | INFO | Doing UNProductive work at:2026-02-01 15:00:31.662649
2026-02-01 15:00:31,726 | INFO | Doing UNProductive work at:2026-02-01 15:00:31.703973
2026-02-01 15:00:31,756 | INFO | Doing UNProductive work at:2026-02-01 15:00:31.732970
2026-02-01 15:00:31,789 | INFO | Doing UNProductive work at:2026-02-01 15:00:31.763137
2026-02-01 15:00:31,820 | INFO | Doing UNProductive work at:2026-02-01 15:00:31.797444
2026-02-01 15:00:31,853 | INFO | Doing UNProductive work at:2026-02-01 15:00:31.825466
2026-02-01 15:00:31,882 | INFO | Doing UNProductive work at:2026-02-01 15:00:31.857758
2026-02-01 15:00:31,912 | INFO | Doing UNProductive work at:2026-02-01 15:00:31.886117
2026-02-01 15:00:31,944 | INFO | Doing UNProductive work at:2026-02-01 15:00:31.916046
2026-02-01 15:00:31,964 | INFO | Doing UNProductive work at:2026-02-01 15:00:31.947884
2026-02-01 15:00:31,988 | INFO | Doing UNProductive work at:2026-02-01 15:00:31.972088
2026-02-01 15:00:32,023 | INFO | Doing UNProductive work at:2026-02-01 15:00:31.999370
2026-02-01 15:00:32,055 | INFO | Doing UNProductive work at:2026-02-01 15:00:32.034704
2026-02-01 15:00:32,085 | INFO | Doing UNProductive work at:2026-02-01 15:00:32.064847
2026-02-01 15:00:32,116 | INFO | Doing UNProductive work at:2026-02-01 15:00:32.096767
2026-02-01 15:00:32,147 | INFO | Doing UNProductive work at:2026-02-01 15:00:32.127543
2026-02-01 15:00:32,179 | INFO | Doing UNProductive work at:2026-02-01 15:00:32.159415
2026-02-01 15:00:32,210 | INFO | Doing UNProductive work at:2026-02-01 15:00:32.191579
2026-02-01 15:00:32,241 | INFO | Doing UNProductive work at:2026-02-01 15:00:32.223097
2026-02-01 15:00:32,287 | INFO | Doing UNProductive work at:2026-02-01 15:00:32.256880
2026-02-01 15:00:32,320 | INFO | Doing UNProductive work at:2026-02-01 15:00:32.295291
2026-02-01 15:00:32,350 | INFO | Doing UNProductive work at:2026-02-01 15:00:32.326072
2026-02-01 15:00:32,382 | INFO | Doing UNProductive work at:2026-02-01 15:00:32.357773
2026-02-01 15:00:32,430 | INFO | Doing UNProductive work at:2026-02-01 15:00:32.398798
2026-02-01 15:00:32,461 | INFO | Doing UNProductive work at:2026-02-01 15:00:32.437996
2026-02-01 15:00:32,493 | INFO | Doing UNProductive work at:2026-02-01 15:00:32.469059
2026-02-01 15:00:32,526 | INFO | Doing UNProductive work at:2026-02-01 15:00:32.500962
2026-02-01 15:00:32,553 | INFO | Doing UNProductive work at:2026-02-01 15:00:32.533469
2026-02-01 15:00:32,585 | INFO | Doing UNProductive work at:2026-02-01 15:00:32.562444
2026-02-01 15:00:32,616 | INFO | Doing UNProductive work at:2026-02-01 15:00:32.591645
2026-02-01 15:00:32,646 | INFO | Doing UNProductive work at:2026-02-01 15:00:32.626481
2026-02-01 15:00:32,677 | INFO | Doing UNProductive work at:2026-02-01 15:00:32.655334
2026-02-01 15:00:32,707 | INFO | Doing UNProductive work at:2026-02-01 15:00:32.690893
2026-02-01 15:00:32,739 | INFO | Doing UNProductive work at:2026-02-01 15:00:32.720576
2026-02-01 15:00:32,771 | INFO | Doing UNProductive work at:2026-02-01 15:00:32.752708
2026-02-01 15:00:32,818 | INFO | Doing UNProductive work at:2026-02-01 15:00:32.799504
2026-02-01 15:00:32,849 | INFO | Doing UNProductive work at:2026-02-01 15:00:32.831994
2026-02-01 15:00:32,895 | INFO | Doing UNProductive work at:2026-02-01 15:00:32.864544
2026-02-01 15:00:32,927 | INFO | Doing UNProductive work at:2026-02-01 15:00:32.903463
2026-02-01 15:00:32,958 | INFO | Doing UNProductive work at:2026-02-01 15:00:32.935545
2026-02-01 15:00:32,991 | INFO | Doing UNProductive work at:2026-02-01 15:00:32.967237
2026-02-01 15:00:33,025 | INFO | Doing UNProductive work at:2026-02-01 15:00:32.998263
2026-02-01 15:00:33,053 | INFO | Doing UNProductive work at:2026-02-01 15:00:33.031458
2026-02-01 15:00:33,085 | INFO | Doing UNProductive work at:2026-02-01 15:00:33.061200
2026-02-01 15:00:33,118 | INFO | Doing UNProductive work at:2026-02-01 15:00:33.093211
2026-02-01 15:00:33,146 | INFO | Doing UNProductive work at:2026-02-01 15:00:33.126193
2026-02-01 15:00:33,177 | INFO | Doing UNProductive work at:2026-02-01 15:00:33.153964
2026-02-01 15:00:33,227 | INFO | Doing UNProductive work at:2026-02-01 15:00:33.202282
2026-02-01 15:00:33,256 | INFO | Doing UNProductive work at:2026-02-01 15:00:33.235669
2026-02-01 15:00:33,286 | INFO | Doing UNProductive work at:2026-02-01 15:00:33.266655
2026-02-01 15:00:33,318 | INFO | Doing UNProductive work at:2026-02-01 15:00:33.296263
2026-02-01 15:00:33,349 | INFO | Doing UNProductive work at:2026-02-01 15:00:33.329144
2026-02-01 15:00:33,395 | INFO | Doing UNProductive work at:2026-02-01 15:00:33.363652
2026-02-01 15:00:33,428 | INFO | Doing UNProductive work at:2026-02-01 15:00:33.404019
2026-02-01 15:00:33,457 | INFO | Doing UNProductive work at:2026-02-01 15:00:33.436678
2026-02-01 15:00:33,489 | INFO | Doing UNProductive work at:2026-02-01 15:00:33.464791
2026-02-01 15:00:33,523 | INFO | Doing UNProductive work at:2026-02-01 15:00:33.496820
2026-02-01 15:00:33,547 | INFO | Doing UNProductive work at:2026-02-01 15:00:33.531703
2026-02-01 15:00:33,582 | INFO | Doing UNProductive work at:2026-02-01 15:00:33.556257
2026-02-01 15:00:33,630 | INFO | Doing UNProductive work at:2026-02-01 15:00:33.599664
2026-02-01 15:00:33,660 | INFO | Doing UNProductive work at:2026-02-01 15:00:33.638440
2026-02-01 15:00:33,691 | INFO | Doing UNProductive work at:2026-02-01 15:00:33.665107
2026-02-01 15:00:33,722 | INFO | Doing UNProductive work at:2026-02-01 15:00:33.697600
2026-02-01 15:00:33,752 | INFO | Doing UNProductive work at:2026-02-01 15:00:33.728959
2026-02-01 15:00:33,783 | INFO | Doing UNProductive work at:2026-02-01 15:00:33.757332
2026-02-01 15:00:33,817 | INFO | Doing UNProductive work at:2026-02-01 15:00:33.793858
2026-02-01 15:00:33,847 | INFO | Doing UNProductive work at:2026-02-01 15:00:33.824667
2026-02-01 15:00:33,877 | INFO | Doing UNProductive work at:2026-02-01 15:00:33.859848
2026-02-01 15:00:33,909 | INFO | Doing UNProductive work at:2026-02-01 15:00:33.889294
2026-02-01 15:00:33,941 | INFO | Doing UNProductive work at:2026-02-01 15:00:33.922309
2026-02-01 15:00:33,970 | INFO | Doing UNProductive work at:2026-02-01 15:00:33.952680
2026-02-01 15:00:34,020 | INFO | Doing UNProductive work at:2026-02-01 15:00:33.985689
2026-02-01 15:00:34,066 | INFO | Doing UNProductive work at:2026-02-01 15:00:34.035711
2026-02-01 15:00:34,096 | INFO | Doing UNProductive work at:2026-02-01 15:00:34.074007
2026-02-01 15:00:34,128 | INFO | Doing UNProductive work at:2026-02-01 15:00:34.104270
2026-02-01 15:00:34,158 | INFO | Doing UNProductive work at:2026-02-01 15:00:34.136670
2026-02-01 15:00:34,183 | INFO | Doing UNProductive work at:2026-02-01 15:00:34.167173
2026-02-01 15:00:34,213 | INFO | Doing UNProductive work at:2026-02-01 15:00:34.195221
2026-02-01 15:00:34,243 | INFO | Doing UNProductive work at:2026-02-01 15:00:34.225279
2026-02-01 15:00:34,275 | INFO | Doing UNProductive work at:2026-02-01 15:00:34.257906
2026-02-01 15:00:34,305 | INFO | Doing UNProductive work at:2026-02-01 15:00:34.287697
2026-02-01 15:00:34,333 | INFO | Doing UNProductive work at:2026-02-01 15:00:34.318176
2026-02-01 15:00:34,373 | INFO | Doing UNProductive work at:2026-02-01 15:00:34.356523
2026-02-01 15:00:34,408 | INFO | Doing UNProductive work at:2026-02-01 15:00:34.385936
2026-02-01 15:00:34,449 | INFO | Doing UNProductive work at:2026-02-01 15:00:34.433658
2026-02-01 15:00:34,485 | INFO | Doing UNProductive work at:2026-02-01 15:00:34.465126
2026-02-01 15:00:34,517 | INFO | Doing UNProductive work at:2026-02-01 15:00:34.497806
2026-02-01 15:00:34,544 | INFO | Doing UNProductive work at:2026-02-01 15:00:34.528077
2026-02-01 15:00:34,578 | INFO | Doing UNProductive work at:2026-02-01 15:00:34.561366
2026-02-01 15:00:34,610 | INFO | Doing UNProductive work at:2026-02-01 15:00:34.593418
2026-02-01 15:00:34,641 | INFO | Doing UNProductive work at:2026-02-01 15:00:34.625357
2026-02-01 15:00:34,688 | INFO | Doing UNProductive work at:2026-02-01 15:00:34.658165
2026-02-01 15:00:34,710 | INFO | Doing UNProductive work at:2026-02-01 15:00:34.694948
2026-02-01 15:00:34,750 | INFO | Doing UNProductive work at:2026-02-01 15:00:34.721365
2026-02-01 15:00:34,781 | INFO | Doing UNProductive work at:2026-02-01 15:00:34.757610
2026-02-01 15:00:34,812 | INFO | Doing UNProductive work at:2026-02-01 15:00:34.789366
2026-02-01 15:00:34,860 | INFO | Doing UNProductive work at:2026-02-01 15:00:34.832903
2026-02-01 15:00:34,889 | INFO | Doing UNProductive work at:2026-02-01 15:00:34.867545
2026-02-01 15:00:34,922 | INFO | Doing UNProductive work at:2026-02-01 15:00:34.895119
2026-02-01 15:00:34,952 | INFO | Doing UNProductive work at:2026-02-01 15:00:34.929909
2026-02-01 15:00:34,982 | INFO | Doing UNProductive work at:2026-02-01 15:00:34.959924
2026-02-01 15:00:35,015 | INFO | Doing UNProductive work at:2026-02-01 15:00:34.991350
2026-02-01 15:00:35,046 | INFO | Doing UNProductive work at:2026-02-01 15:00:35.025966
2026-02-01 15:00:35,092 | INFO | Doing UNProductive work at:2026-02-01 15:00:35.058133
2026-02-01 15:00:35,122 | INFO | Doing UNProductive work at:2026-02-01 15:00:35.098734
2026-02-01 15:00:35,152 | INFO | Doing UNProductive work at:2026-02-01 15:00:35.130358
2026-02-01 15:00:35,184 | INFO | Doing UNProductive work at:2026-02-01 15:00:35.160350
2026-02-01 15:00:35,215 | INFO | Doing UNProductive work at:2026-02-01 15:00:35.192793
2026-02-01 15:00:35,262 | INFO | Doing UNProductive work at:2026-02-01 15:00:35.230487
2026-02-01 15:00:35,293 | INFO | Doing UNProductive work at:2026-02-01 15:00:35.267196
2026-02-01 15:00:35,326 | INFO | Doing UNProductive work at:2026-02-01 15:00:35.297942
2026-02-01 15:00:35,356 | INFO | Doing UNProductive work at:2026-02-01 15:00:35.334749
2026-02-01 15:00:35,386 | INFO | Doing UNProductive work at:2026-02-01 15:00:35.362525
2026-02-01 15:00:35,416 | INFO | Doing UNProductive work at:2026-02-01 15:00:35.393994
2026-02-01 15:00:35,448 | INFO | Doing UNProductive work at:2026-02-01 15:00:35.426125
2026-02-01 15:00:35,481 | INFO | Doing UNProductive work at:2026-02-01 15:00:35.457049
2026-02-01 15:00:35,511 | INFO | Doing UNProductive work at:2026-02-01 15:00:35.489114
2026-02-01 15:00:35,538 | INFO | Doing UNProductive work at:2026-02-01 15:00:35.522808
2026-02-01 15:00:35,567 | INFO | Doing UNProductive work at:2026-02-01 15:00:35.551491
2026-02-01 15:00:35,602 | INFO | Doing UNProductive work at:2026-02-01 15:00:35.584713
2026-02-01 15:00:35,665 | INFO | Doing UNProductive work at:2026-02-01 15:00:35.633769
2026-02-01 15:00:35,699 | INFO | Doing UNProductive work at:2026-02-01 15:00:35.673721
2026-02-01 15:00:35,725 | INFO | Doing UNProductive work at:2026-02-01 15:00:35.707911
2026-02-01 15:00:35,749 | INFO | Doing UNProductive work at:2026-02-01 15:00:35.733764
2026-02-01 15:00:35,792 | INFO | Doing UNProductive work at:2026-02-01 15:00:35.761802
2026-02-01 15:00:35,814 | INFO | Doing UNProductive work at:2026-02-01 15:00:35.797902
2026-02-01 15:00:35,852 | INFO | Doing UNProductive work at:2026-02-01 15:00:35.824724
2026-02-01 15:00:35,877 | INFO | Doing UNProductive work at:2026-02-01 15:00:35.860153
2026-02-01 15:00:35,906 | INFO | Doing UNProductive work at:2026-02-01 15:00:35.888930
2026-02-01 15:00:35,936 | INFO | Doing UNProductive work at:2026-02-01 15:00:35.920664
2026-02-01 15:00:35,971 | INFO | Doing UNProductive work at:2026-02-01 15:00:35.953388
2026-02-01 15:00:36,009 | INFO | Doing UNProductive work at:2026-02-01 15:00:35.986072
2026-02-01 15:00:36,056 | INFO | Doing UNProductive work at:2026-02-01 15:00:36.034076
2026-02-01 15:00:36,087 | INFO | Doing UNProductive work at:2026-02-01 15:00:36.063937
2026-02-01 15:00:36,118 | INFO | Doing UNProductive work at:2026-02-01 15:00:36.097797
2026-02-01 15:00:36,145 | INFO | Doing UNProductive work at:2026-02-01 15:00:36.128642
2026-02-01 15:00:36,180 | INFO | Doing UNProductive work at:2026-02-01 15:00:36.159719
2026-02-01 15:00:36,213 | INFO | Doing UNProductive work at:2026-02-01 15:00:36.195069
2026-02-01 15:00:36,243 | INFO | Doing UNProductive work at:2026-02-01 15:00:36.225038
2026-02-01 15:00:36,273 | INFO | Doing UNProductive work at:2026-02-01 15:00:36.256433
2026-02-01 15:00:36,319 | INFO | Doing UNProductive work at:2026-02-01 15:00:36.290362
2026-02-01 15:00:36,343 | INFO | Doing UNProductive work at:2026-02-01 15:00:36.326021
2026-02-01 15:00:36,569 | INFO | Doing UNProductive work at:2026-02-01 15:00:36.356772
2026-02-01 15:00:36,598 | INFO | Doing UNProductive work at:2026-02-01 15:00:36.575747
2026-02-01 15:00:36,631 | INFO | Doing UNProductive work at:2026-02-01 15:00:36.607632
2026-02-01 15:00:36,661 | INFO | Doing UNProductive work at:2026-02-01 15:00:36.639247
2026-02-01 15:00:36,686 | INFO | Doing UNProductive work at:2026-02-01 15:00:36.669341
2026-02-01 15:00:36,712 | INFO | Doing UNProductive work at:2026-02-01 15:00:36.694529
2026-02-01 15:00:36,738 | INFO | Doing UNProductive work at:2026-02-01 15:00:36.717556
2026-02-01 15:00:36,772 | INFO | Doing UNProductive work at:2026-02-01 15:00:36.744939
2026-02-01 15:00:36,802 | INFO | Doing UNProductive work at:2026-02-01 15:00:36.779683
2026-02-01 15:00:36,833 | INFO | Doing UNProductive work at:2026-02-01 15:00:36.808676
2026-02-01 15:00:36,867 | INFO | Doing UNProductive work at:2026-02-01 15:00:36.841756
2026-02-01 15:00:36,896 | INFO | Doing UNProductive work at:2026-02-01 15:00:36.874366
2026-02-01 15:00:36,927 | INFO | Doing UNProductive work at:2026-02-01 15:00:36.903844
2026-02-01 15:00:36,958 | INFO | Doing UNProductive work at:2026-02-01 15:00:36.933865
2026-02-01 15:00:36,981 | INFO | Doing UNProductive work at:2026-02-01 15:00:36.965182
2026-02-01 15:00:37,003 | INFO | Doing UNProductive work at:2026-02-01 15:00:36.988558
2026-02-01 15:00:37,036 | INFO | Doing UNProductive work at:2026-02-01 15:00:37.012054
2026-02-01 15:00:37,058 | INFO | Doing UNProductive work at:2026-02-01 15:00:37.042386
2026-02-01 15:00:37,098 | INFO | Doing UNProductive work at:2026-02-01 15:00:37.067959
2026-02-01 15:00:37,132 | INFO | Doing UNProductive work at:2026-02-01 15:00:37.105028
2026-02-01 15:00:37,160 | INFO | Doing UNProductive work at:2026-02-01 15:00:37.137690
2026-02-01 15:00:37,192 | INFO | Doing UNProductive work at:2026-02-01 15:00:37.166984
2026-02-01 15:00:37,224 | INFO | Doing UNProductive work at:2026-02-01 15:00:37.200655
2026-02-01 15:00:37,254 | INFO | Doing UNProductive work at:2026-02-01 15:00:37.231071
2026-02-01 15:00:37,274 | INFO | Doing UNProductive work at:2026-02-01 15:00:37.259508
2026-02-01 15:00:37,314 | INFO | Doing UNProductive work at:2026-02-01 15:00:37.298124
2026-02-01 15:00:37,344 | INFO | Doing UNProductive work at:2026-02-01 15:00:37.328727
2026-02-01 15:00:37,396 | INFO | Doing UNProductive work at:2026-02-01 15:00:37.363810
2026-02-01 15:00:37,427 | INFO | Doing UNProductive work at:2026-02-01 15:00:37.401653
2026-02-01 15:00:37,448 | INFO | Doing UNProductive work at:2026-02-01 15:00:37.432826
2026-02-01 15:00:37,470 | INFO | Doing UNProductive work at:2026-02-01 15:00:37.455400
2026-02-01 15:00:37,506 | INFO | Doing UNProductive work at:2026-02-01 15:00:37.487109
2026-02-01 15:00:37,550 | INFO | Doing UNProductive work at:2026-02-01 15:00:37.520558
2026-02-01 15:00:37,581 | INFO | Doing UNProductive work at:2026-02-01 15:00:37.556436
2026-02-01 15:00:37,613 | INFO | Doing UNProductive work at:2026-02-01 15:00:37.587364
2026-02-01 15:00:37,638 | INFO | Doing UNProductive work at:2026-02-01 15:00:37.621446
2026-02-01 15:00:37,663 | INFO | Doing UNProductive work at:2026-02-01 15:00:37.646770
2026-02-01 15:00:37,700 | INFO | Doing UNProductive work at:2026-02-01 15:00:37.683750
2026-02-01 15:00:37,754 | INFO | Doing UNProductive work at:2026-02-01 15:00:37.728173
2026-02-01 15:00:37,785 | INFO | Doing UNProductive work at:2026-02-01 15:00:37.762988
2026-02-01 15:00:37,817 | INFO | Doing UNProductive work at:2026-02-01 15:00:37.790876
2026-02-01 15:00:37,846 | INFO | Doing UNProductive work at:2026-02-01 15:00:37.824829
2026-02-01 15:00:37,876 | INFO | Doing UNProductive work at:2026-02-01 15:00:37.858381
2026-02-01 15:00:37,910 | INFO | Doing UNProductive work at:2026-02-01 15:00:37.887321
2026-02-01 15:00:37,940 | INFO | Doing UNProductive work at:2026-02-01 15:00:37.919575
2026-02-01 15:00:37,970 | INFO | Doing UNProductive work at:2026-02-01 15:00:37.951381
2026-02-01 15:00:38,004 | INFO | Doing UNProductive work at:2026-02-01 15:00:37.983920
2026-02-01 15:00:38,049 | INFO | Doing UNProductive work at:2026-02-01 15:00:38.020540
2026-02-01 15:00:38,082 | INFO | Doing UNProductive work at:2026-02-01 15:00:38.057676
2026-02-01 15:00:38,113 | INFO | Doing UNProductive work at:2026-02-01 15:00:38.087630
2026-02-01 15:00:38,144 | INFO | Doing UNProductive work at:2026-02-01 15:00:38.118428
2026-02-01 15:00:38,454 | INFO | Doing UNProductive work at:2026-02-01 15:00:38.157956
2026-02-01 15:00:38,484 | INFO | Doing UNProductive work at:2026-02-01 15:00:38.462194
2026-02-01 15:00:38,516 | INFO | Doing UNProductive work at:2026-02-01 15:00:38.490112
2026-02-01 15:00:38,540 | INFO | Doing UNProductive work at:2026-02-01 15:00:38.523682
2026-02-01 15:00:38,561 | INFO | Doing UNProductive work at:2026-02-01 15:00:38.545356
2026-02-01 15:00:38,587 | INFO | Doing UNProductive work at:2026-02-01 15:00:38.569980
2026-02-01 15:00:38,609 | INFO | Doing UNProductive work at:2026-02-01 15:00:38.593630
2026-02-01 15:00:38,634 | INFO | Doing UNProductive work at:2026-02-01 15:00:38.616017
2026-02-01 15:00:38,670 | INFO | Doing UNProductive work at:2026-02-01 15:00:38.640226
2026-02-01 15:00:38,701 | INFO | Doing UNProductive work at:2026-02-01 15:00:38.679126
2026-02-01 15:00:38,725 | INFO | Doing UNProductive work at:2026-02-01 15:00:38.709021
2026-02-01 15:00:38,749 | INFO | Doing UNProductive work at:2026-02-01 15:00:38.733475
2026-02-01 15:00:38,778 | INFO | Doing UNProductive work at:2026-02-01 15:00:38.756248
2026-02-01 15:00:38,802 | INFO | Doing UNProductive work at:2026-02-01 15:00:38.784769
2026-02-01 15:00:38,839 | INFO | Doing UNProductive work at:2026-02-01 15:00:38.817874
2026-02-01 15:00:38,869 | INFO | Doing UNProductive work at:2026-02-01 15:00:38.851170
2026-02-01 15:00:38,898 | INFO | Doing UNProductive work at:2026-02-01 15:00:38.880286
2026-02-01 15:00:38,928 | INFO | Doing UNProductive work at:2026-02-01 15:00:38.912176
2026-02-01 15:00:38,963 | INFO | Doing UNProductive work at:2026-02-01 15:00:38.946095
2026-02-01 15:00:38,992 | INFO | Doing UNProductive work at:2026-02-01 15:00:38.975754
2026-02-01 15:00:39,043 | INFO | Doing UNProductive work at:2026-02-01 15:00:39.027323
2026-02-01 15:00:39,073 | INFO | Doing UNProductive work at:2026-02-01 15:00:39.057404
2026-02-01 15:00:39,108 | INFO | Doing UNProductive work at:2026-02-01 15:00:39.089036
2026-02-01 15:00:39,151 | INFO | Doing UNProductive work at:2026-02-01 15:00:39.121287
2026-02-01 15:00:39,183 | INFO | Doing UNProductive work at:2026-02-01 15:00:39.160659
2026-02-01 15:00:39,208 | INFO | Doing UNProductive work at:2026-02-01 15:00:39.191324
2026-02-01 15:00:39,233 | INFO | Doing UNProductive work at:2026-02-01 15:00:39.216364
2026-02-01 15:00:39,264 | INFO | Doing UNProductive work at:2026-02-01 15:00:39.247952
2026-02-01 15:00:39,308 | INFO | Doing UNProductive work at:2026-02-01 15:00:39.281745
2026-02-01 15:00:39,332 | INFO | Doing UNProductive work at:2026-02-01 15:00:39.315660
2026-02-01 15:00:39,363 | INFO | Doing UNProductive work at:2026-02-01 15:00:39.347673
2026-02-01 15:00:39,403 | INFO | Doing UNProductive work at:2026-02-01 15:00:39.376742
2026-02-01 15:00:39,425 | INFO | Doing UNProductive work at:2026-02-01 15:00:39.409493
2026-02-01 15:00:39,475 | INFO | Doing UNProductive work at:2026-02-01 15:00:39.458683
2026-02-01 15:00:39,516 | INFO | Doing UNProductive work at:2026-02-01 15:00:39.490306
2026-02-01 15:00:39,546 | INFO | Doing UNProductive work at:2026-02-01 15:00:39.524406
2026-02-01 15:00:39,577 | INFO | Doing UNProductive work at:2026-02-01 15:00:39.554598
2026-02-01 15:00:39,602 | INFO | Doing UNProductive work at:2026-02-01 15:00:39.585377
2026-02-01 15:00:39,636 | INFO | Doing UNProductive work at:2026-02-01 15:00:39.616354
2026-02-01 15:00:39,670 | INFO | Doing UNProductive work at:2026-02-01 15:00:39.649716
2026-02-01 15:00:39,718 | INFO | Doing UNProductive work at:2026-02-01 15:00:39.684980
2026-02-01 15:00:39,743 | INFO | Doing Productive work at:2026-02-01 15:00:39.725876
2026-02-01 15:00:39,770 | INFO | Doing Productive work at:2026-02-01 15:00:39.750755
2026-02-01 15:00:39,812 | INFO | Doing Productive work at:2026-02-01 15:00:39.778551
2026-02-01 15:00:39,845 | INFO | Doing Productive work at:2026-02-01 15:00:39.820952
2026-02-01 15:00:39,874 | INFO | Doing Productive work at:2026-02-01 15:00:39.853207
2026-02-01 15:00:39,923 | INFO | Doing Productive work at:2026-02-01 15:00:39.888009
2026-02-01 15:02:03,850 | INFO | Doing UNProductive work at:2026-02-01 15:02:03.805816
2026-02-01 15:02:03,865 | INFO | Doing UNProductive work at:2026-02-01 15:02:03.858305
2026-02-01 15:02:03,888 | INFO | Doing UNProductive work at:2026-02-01 15:02:03.873910
2026-02-01 15:02:03,919 | INFO | Doing UNProductive work at:2026-02-01 15:02:03.902829
2026-02-01 15:02:03,934 | INFO | Doing UNProductive work at:2026-02-01 15:02:03.925720
2026-02-01 15:02:03,981 | INFO | Doing UNProductive work at:2026-02-01 15:02:03.969033
2026-02-01 15:02:03,998 | INFO | Doing UNProductive work at:2026-02-01 15:02:03.989108
2026-02-01 15:02:04,045 | INFO | Doing UNProductive work at:2026-02-01 15:02:04.032516
2026-02-01 15:02:04,062 | INFO | Doing UNProductive work at:2026-02-01 15:02:04.051843
2026-02-01 15:02:04,108 | INFO | Doing UNProductive work at:2026-02-01 15:02:04.096470
2026-02-01 15:02:04,122 | INFO | Doing UNProductive work at:2026-02-01 15:02:04.114253
2026-02-01 15:02:04,170 | INFO | Doing UNProductive work at:2026-02-01 15:02:04.158922
2026-02-01 15:02:04,184 | INFO | Doing UNProductive work at:2026-02-01 15:02:04.177121
2026-02-01 15:02:04,232 | INFO | Doing UNProductive work at:2026-02-01 15:02:04.223352
2026-02-01 15:02:04,247 | INFO | Doing UNProductive work at:2026-02-01 15:02:04.239279
2026-02-01 15:02:04,311 | INFO | Doing UNProductive work at:2026-02-01 15:02:04.303503
2026-02-01 15:02:04,323 | INFO | Doing UNProductive work at:2026-02-01 15:02:04.319192
2026-02-01 15:02:04,372 | INFO | Doing UNProductive work at:2026-02-01 15:02:04.366875
2026-02-01 15:02:04,388 | INFO | Doing UNProductive work at:2026-02-01 15:02:04.378886
2026-02-01 15:02:04,438 | INFO | Doing UNProductive work at:2026-02-01 15:02:04.433455
2026-02-01 15:02:04,464 | INFO | Doing UNProductive work at:2026-02-01 15:02:04.446900
2026-02-01 15:02:04,512 | INFO | Doing UNProductive work at:2026-02-01 15:02:04.494781
2026-02-01 15:02:04,540 | INFO | Doing UNProductive work at:2026-02-01 15:02:04.520601
2026-02-01 15:02:04,582 | INFO | Doing UNProductive work at:2026-02-01 15:02:04.559939
2026-02-01 15:02:04,613 | INFO | Doing UNProductive work at:2026-02-01 15:02:04.589726
2026-02-01 15:02:04,644 | INFO | Doing UNProductive work at:2026-02-01 15:02:04.627657
2026-02-01 15:02:04,677 | INFO | Doing UNProductive work at:2026-02-01 15:02:04.652687
2026-02-01 15:02:04,707 | INFO | Doing UNProductive work at:2026-02-01 15:02:04.690688
2026-02-01 15:02:04,739 | INFO | Doing UNProductive work at:2026-02-01 15:02:04.714884
2026-02-01 15:02:04,785 | INFO | Doing UNProductive work at:2026-02-01 15:02:04.768977
2026-02-01 15:02:04,816 | INFO | Doing UNProductive work at:2026-02-01 15:02:04.792769
2026-02-01 15:02:04,862 | INFO | Doing UNProductive work at:2026-02-01 15:02:04.834826
2026-02-01 15:02:04,894 | INFO | Doing UNProductive work at:2026-02-01 15:02:04.868356
2026-02-01 15:02:04,924 | INFO | Doing UNProductive work at:2026-02-01 15:02:04.900875
2026-02-01 15:02:04,956 | INFO | Doing UNProductive work at:2026-02-01 15:02:04.931332
2026-02-01 15:02:04,986 | INFO | Doing UNProductive work at:2026-02-01 15:02:04.964873
2026-02-01 15:02:05,020 | INFO | Doing UNProductive work at:2026-02-01 15:02:04.993711
2026-02-01 15:02:05,062 | INFO | Doing UNProductive work at:2026-02-01 15:02:05.029056
2026-02-01 15:02:05,102 | INFO | Doing UNProductive work at:2026-02-01 15:02:05.068234
2026-02-01 15:02:05,132 | INFO | Doing UNProductive work at:2026-02-01 15:02:05.110712
2026-02-01 15:02:05,163 | INFO | Doing UNProductive work at:2026-02-01 15:02:05.139792
2026-02-01 15:02:05,195 | INFO | Doing UNProductive work at:2026-02-01 15:02:05.171785
2026-02-01 15:02:05,226 | INFO | Doing UNProductive work at:2026-02-01 15:02:05.200820
2026-02-01 15:02:05,254 | INFO | Doing UNProductive work at:2026-02-01 15:02:05.234568
2026-02-01 15:02:05,318 | INFO | Doing UNProductive work at:2026-02-01 15:02:05.292430
2026-02-01 15:02:05,343 | INFO | Doing UNProductive work at:2026-02-01 15:02:05.327104
2026-02-01 15:02:05,382 | INFO | Doing UNProductive work at:2026-02-01 15:02:05.349657
2026-02-01 15:02:05,413 | INFO | Doing UNProductive work at:2026-02-01 15:02:05.388795
2026-02-01 15:02:05,443 | INFO | Doing UNProductive work at:2026-02-01 15:02:05.421709
2026-02-01 15:02:05,477 | INFO | Doing UNProductive work at:2026-02-01 15:02:05.450126
2026-02-01 15:02:05,508 | INFO | Doing UNProductive work at:2026-02-01 15:02:05.484276
2026-02-01 15:02:05,541 | INFO | Doing UNProductive work at:2026-02-01 15:02:05.516606
2026-02-01 15:02:05,569 | INFO | Doing UNProductive work at:2026-02-01 15:02:05.548250
2026-02-01 15:02:05,602 | INFO | Doing UNProductive work at:2026-02-01 15:02:05.577423
2026-02-01 15:02:05,634 | INFO | Doing UNProductive work at:2026-02-01 15:02:05.609002
2026-02-01 15:02:05,664 | INFO | Doing UNProductive work at:2026-02-01 15:02:05.642394
2026-02-01 15:02:05,711 | INFO | Doing UNProductive work at:2026-02-01 15:02:05.680539
2026-02-01 15:02:05,741 | INFO | Doing UNProductive work at:2026-02-01 15:02:05.719542
2026-02-01 15:02:05,773 | INFO | Doing UNProductive work at:2026-02-01 15:02:05.747703
2026-02-01 15:02:05,805 | INFO | Doing UNProductive work at:2026-02-01 15:02:05.781672
2026-02-01 15:02:05,851 | INFO | Doing UNProductive work at:2026-02-01 15:02:05.823357
2026-02-01 15:02:05,882 | INFO | Doing UNProductive work at:2026-02-01 15:02:05.858874
2026-02-01 15:02:05,915 | INFO | Doing UNProductive work at:2026-02-01 15:02:05.891918
2026-02-01 15:02:05,946 | INFO | Doing UNProductive work at:2026-02-01 15:02:05.923863
2026-02-01 15:02:05,969 | INFO | Doing UNProductive work at:2026-02-01 15:02:05.953101
2026-02-01 15:02:06,008 | INFO | Doing UNProductive work at:2026-02-01 15:02:05.978006
2026-02-01 15:02:06,033 | INFO | Doing UNProductive work at:2026-02-01 15:02:06.015716
2026-02-01 15:02:06,056 | INFO | Doing UNProductive work at:2026-02-01 15:02:06.039553
2026-02-01 15:02:06,102 | INFO | Doing UNProductive work at:2026-02-01 15:02:06.080036
2026-02-01 15:02:06,132 | INFO | Doing UNProductive work at:2026-02-01 15:02:06.110173
2026-02-01 15:02:06,165 | INFO | Doing UNProductive work at:2026-02-01 15:02:06.145318
2026-02-01 15:02:06,195 | INFO | Doing UNProductive work at:2026-02-01 15:02:06.172598
2026-02-01 15:02:06,241 | INFO | Doing UNProductive work at:2026-02-01 15:02:06.210129
2026-02-01 15:02:06,272 | INFO | Doing UNProductive work at:2026-02-01 15:02:06.247978
2026-02-01 15:02:06,305 | INFO | Doing UNProductive work at:2026-02-01 15:02:06.279237
2026-02-01 15:02:06,332 | INFO | Doing UNProductive work at:2026-02-01 15:02:06.315211
2026-02-01 15:02:06,366 | INFO | Doing UNProductive work at:2026-02-01 15:02:06.339061
2026-02-01 15:02:06,392 | INFO | Doing Productive work at:2026-02-01 15:02:06.372802
2026-02-01 15:02:06,427 | INFO | Doing Productive work at:2026-02-01 15:02:06.401201
2026-02-01 15:02:06,461 | INFO | Doing Productive work at:2026-02-01 15:02:06.435108
2026-02-01 15:02:06,491 | INFO | Doing Productive work at:2026-02-01 15:02:06.467492
2026-02-01 15:02:06,518 | INFO | Doing Productive work at:2026-02-01 15:02:06.499960
2026-02-01 15:02:06,554 | INFO | Doing Productive work at:2026-02-01 15:02:06.526723
2026-02-01 15:02:06,584 | INFO | Doing Productive work at:2026-02-01 15:02:06.562587
2026-02-01 15:02:06,615 | INFO | Doing Productive work at:2026-02-01 15:02:06.591736
2026-02-01 15:02:06,646 | INFO | Doing Productive work at:2026-02-01 15:02:06.623597
2026-02-01 15:02:06,676 | INFO | Doing Productive work at:2026-02-01 15:02:06.653067
2026-02-01 15:02:06,710 | INFO | Doing Productive work at:2026-02-01 15:02:06.685471
2026-02-01 15:02:06,739 | INFO | Doing Productive work at:2026-02-01 15:02:06.718259
2026-02-01 15:02:06,770 | INFO | Doing Productive work at:2026-02-01 15:02:06.750699
2026-02-01 15:02:06,803 | INFO | Doing Productive work at:2026-02-01 15:02:06.778775
2026-02-01 15:02:06,851 | INFO | Doing Productive work at:2026-02-01 15:02:06.814979
2026-02-01 15:02:06,883 | INFO | Doing Productive work at:2026-02-01 15:02:06.859746
2026-02-01 15:02:06,923 | INFO | Doing Productive work at:2026-02-01 15:02:06.891739
2026-02-01 15:02:06,955 | INFO | Doing Productive work at:2026-02-01 15:02:06.930653
2026-02-01 15:02:06,986 | INFO | Doing Productive work at:2026-02-01 15:02:06.963896
2026-02-01 15:02:07,018 | INFO | Doing Productive work at:2026-02-01 15:02:06.993215
2026-02-01 15:02:07,051 | INFO | Doing Productive work at:2026-02-01 15:02:07.026314
2026-02-01 15:02:07,082 | INFO | Doing Productive work at:2026-02-01 15:02:07.059934
2026-02-01 15:02:07,112 | INFO | Doing Productive work at:2026-02-01 15:02:07.090102
2026-02-01 15:02:07,143 | INFO | Doing Productive work at:2026-02-01 15:02:07.119694
2026-02-01 15:02:07,174 | INFO | Doing Productive work at:2026-02-01 15:02:07.150859
2026-02-01 15:02:07,205 | INFO | Doing Productive work at:2026-02-01 15:02:07.185529
2026-02-01 15:02:07,237 | INFO | Doing Productive work at:2026-02-01 15:02:07.216238
2026-02-01 15:02:07,270 | INFO | Doing Productive work at:2026-02-01 15:02:07.248326
2026-02-01 15:02:07,300 | INFO | Doing Productive work at:2026-02-01 15:02:07.280530
2026-02-01 15:02:07,332 | INFO | Doing Productive work at:2026-02-01 15:02:07.312274
2026-02-01 15:02:07,362 | INFO | Doing Productive work at:2026-02-01 15:02:07.344319
2026-02-01 15:02:07,409 | INFO | Doing Productive work at:2026-02-01 15:02:07.377482
2026-02-01 15:02:07,440 | INFO | Doing Productive work at:2026-02-01 15:02:07.417660
2026-02-01 15:02:07,472 | INFO | Doing Productive work at:2026-02-01 15:02:07.449301
2026-02-01 15:02:07,503 | INFO | Doing Productive work at:2026-02-01 15:02:07.479515
2026-02-01 15:02:07,535 | INFO | Doing Productive work at:2026-02-01 15:02:07.512163
2026-02-01 15:02:07,565 | INFO | Doing Productive work at:2026-02-01 15:02:07.543484
2026-02-01 15:02:07,591 | INFO | Doing Productive work at:2026-02-01 15:02:07.573333
2026-02-01 15:02:07,645 | INFO | Doing Productive work at:2026-02-01 15:02:07.617370
2026-02-01 15:02:07,676 | INFO | Doing UNProductive work at:2026-02-01 15:02:07.653228
2026-02-01 15:02:07,706 | INFO | Doing UNProductive work at:2026-02-01 15:02:07.681528
2026-02-01 15:02:07,739 | INFO | Doing UNProductive work at:2026-02-01 15:02:07.712392
2026-02-01 15:02:07,770 | INFO | Doing UNProductive work at:2026-02-01 15:02:07.747271
2026-02-01 15:02:07,800 | INFO | Doing UNProductive work at:2026-02-01 15:02:07.778206
2026-02-01 15:02:07,832 | INFO | Doing UNProductive work at:2026-02-01 15:02:07.809254
2026-02-01 15:02:07,863 | INFO | Doing UNProductive work at:2026-02-01 15:02:07.841224
2026-02-01 15:02:07,892 | INFO | Doing UNProductive work at:2026-02-01 15:02:07.874983
2026-02-01 15:02:07,924 | INFO | Doing UNProductive work at:2026-02-01 15:02:07.903497
2026-02-01 15:02:07,955 | INFO | Doing UNProductive work at:2026-02-01 15:02:07.936501
2026-02-01 15:02:07,987 | INFO | Doing UNProductive work at:2026-02-01 15:02:07.967734
2026-02-01 15:02:08,019 | INFO | Doing UNProductive work at:2026-02-01 15:02:07.998423
2026-02-01 15:02:08,081 | INFO | Doing UNProductive work at:2026-02-01 15:02:08.052220
2026-02-01 15:02:08,112 | INFO | Doing UNProductive work at:2026-02-01 15:02:08.088867
2026-02-01 15:02:08,144 | INFO | Doing UNProductive work at:2026-02-01 15:02:08.118437
2026-02-01 15:02:08,178 | INFO | Doing UNProductive work at:2026-02-01 15:02:08.151964
2026-02-01 15:02:08,208 | INFO | Doing UNProductive work at:2026-02-01 15:02:08.184531
2026-02-01 15:02:08,238 | INFO | Doing UNProductive work at:2026-02-01 15:02:08.216479
2026-02-01 15:02:08,270 | INFO | Doing UNProductive work at:2026-02-01 15:02:08.244158
2026-02-01 15:02:08,301 | INFO | Doing UNProductive work at:2026-02-01 15:02:08.276390
2026-02-01 15:02:08,331 | INFO | Doing UNProductive work at:2026-02-01 15:02:08.307627
2026-02-01 15:02:08,366 | INFO | Doing Productive work at:2026-02-01 15:02:08.338953
2026-02-01 15:02:08,395 | INFO | Doing Productive work at:2026-02-01 15:02:08.374799
2026-02-01 15:02:08,428 | INFO | Doing Productive work at:2026-02-01 15:02:08.402768
2026-02-01 15:02:08,458 | INFO | Doing Productive work at:2026-02-01 15:02:08.433831
2026-02-01 15:02:08,503 | INFO | Doing Productive work at:2026-02-01 15:02:08.479598
2026-02-01 15:02:08,535 | INFO | Doing Productive work at:2026-02-01 15:02:08.511562
2026-02-01 15:02:08,562 | INFO | Doing Productive work at:2026-02-01 15:02:08.545274
2026-02-01 15:02:08,594 | INFO | Doing Productive work at:2026-02-01 15:02:08.573884
2026-02-01 15:02:08,628 | INFO | Doing Productive work at:2026-02-01 15:02:08.608132
2026-02-01 15:02:08,658 | INFO | Doing Productive work at:2026-02-01 15:02:08.639758
2026-02-01 15:02:08,691 | INFO | Doing Productive work at:2026-02-01 15:02:08.672429
2026-02-01 15:02:08,737 | INFO | Doing Productive work at:2026-02-01 15:02:08.707249
2026-02-01 15:02:08,769 | INFO | Doing Productive work at:2026-02-01 15:02:08.743755
2026-02-01 15:02:08,800 | INFO | Doing Productive work at:2026-02-01 15:02:08.776721
2026-02-01 15:02:08,832 | INFO | Doing Productive work at:2026-02-01 15:02:08.806718
2026-02-01 15:02:08,864 | INFO | Doing Productive work at:2026-02-01 15:02:08.840381
2026-02-01 15:02:08,894 | INFO | Doing Productive work at:2026-02-01 15:02:08.873311
2026-02-01 15:02:08,940 | INFO | Doing Productive work at:2026-02-01 15:02:08.912072
2026-02-01 15:02:08,974 | INFO | Doing Productive work at:2026-02-01 15:02:08.947519
2026-02-01 15:02:09,004 | INFO | Doing Productive work at:2026-02-01 15:02:08.979549
2026-02-01 15:02:09,036 | INFO | Doing Productive work at:2026-02-01 15:02:09.012417
2026-02-01 15:02:09,068 | INFO | Doing Productive work at:2026-02-01 15:02:09.044448
2026-02-01 15:02:09,098 | INFO | Doing Productive work at:2026-02-01 15:02:09.073741
2026-02-01 15:02:09,126 | INFO | Doing Productive work at:2026-02-01 15:02:09.104696
2026-02-01 15:02:09,157 | INFO | Doing Productive work at:2026-02-01 15:02:09.135194
2026-02-01 15:02:09,188 | INFO | Doing Productive work at:2026-02-01 15:02:09.166882
2026-02-01 15:02:09,228 | INFO | Doing UNProductive work at:2026-02-01 15:02:09.201541
2026-02-01 15:02:09,259 | INFO | Doing UNProductive work at:2026-02-01 15:02:09.233829
2026-02-01 15:02:09,291 | INFO | Doing UNProductive work at:2026-02-01 15:02:09.267566
2026-02-01 15:02:09,307 | INFO | Doing UNProductive work at:2026-02-01 15:02:09.296709
2026-02-01 15:02:09,370 | INFO | Doing UNProductive work at:2026-02-01 15:02:09.345049
2026-02-01 15:02:09,400 | INFO | Doing UNProductive work at:2026-02-01 15:02:09.378238
2026-02-01 15:02:09,416 | INFO | Doing UNProductive work at:2026-02-01 15:02:09.405954
2026-02-01 15:02:09,461 | INFO | Doing UNProductive work at:2026-02-01 15:02:09.438021
2026-02-01 15:02:09,493 | INFO | Doing UNProductive work at:2026-02-01 15:02:09.471833
2026-02-01 15:02:09,527 | INFO | Doing UNProductive work at:2026-02-01 15:02:09.503409
2026-02-01 15:02:09,556 | INFO | Doing UNProductive work at:2026-02-01 15:02:09.536753
2026-02-01 15:02:09,589 | INFO | Doing UNProductive work at:2026-02-01 15:02:09.566571
2026-02-01 15:02:09,620 | INFO | Doing UNProductive work at:2026-02-01 15:02:09.599790
2026-02-01 15:02:09,650 | INFO | Doing UNProductive work at:2026-02-01 15:02:09.632259
2026-02-01 15:02:09,682 | INFO | Doing UNProductive work at:2026-02-01 15:02:09.664890
2026-02-01 15:02:09,712 | INFO | Doing UNProductive work at:2026-02-01 15:02:09.698272
2026-02-01 15:02:09,738 | INFO | Doing UNProductive work at:2026-02-01 15:02:09.727505
2026-02-01 15:02:09,791 | INFO | Doing UNProductive work at:2026-02-01 15:02:09.775909
2026-02-01 15:02:09,821 | INFO | Doing UNProductive work at:2026-02-01 15:02:09.807064
2026-02-01 15:02:09,853 | INFO | Doing UNProductive work at:2026-02-01 15:02:09.840431
2026-02-01 15:02:09,900 | INFO | Doing UNProductive work at:2026-02-01 15:02:09.874212
2026-02-01 15:02:09,932 | INFO | Doing UNProductive work at:2026-02-01 15:02:09.907611
2026-02-01 15:02:09,965 | INFO | Doing UNProductive work at:2026-02-01 15:02:09.938961
2026-02-01 15:02:09,995 | INFO | Doing UNProductive work at:2026-02-01 15:02:09.971139
2026-02-01 15:02:10,027 | INFO | Doing UNProductive work at:2026-02-01 15:02:10.001593
2026-02-01 15:02:10,057 | INFO | Doing UNProductive work at:2026-02-01 15:02:10.033822
2026-02-01 15:02:10,089 | INFO | Doing UNProductive work at:2026-02-01 15:02:10.062640
2026-02-01 15:02:10,123 | INFO | Doing UNProductive work at:2026-02-01 15:02:10.098367
2026-02-01 15:02:10,151 | INFO | Doing UNProductive work at:2026-02-01 15:02:10.130531
2026-02-01 15:02:10,182 | INFO | Doing UNProductive work at:2026-02-01 15:02:10.160722
2026-02-01 15:02:10,228 | INFO | Doing UNProductive work at:2026-02-01 15:02:10.209425
2026-02-01 15:02:10,258 | INFO | Doing UNProductive work at:2026-02-01 15:02:10.238857
2026-02-01 15:02:10,289 | INFO | Doing UNProductive work at:2026-02-01 15:02:10.271451
2026-02-01 15:02:10,321 | INFO | Doing UNProductive work at:2026-02-01 15:02:10.300909
2026-02-01 15:02:10,347 | INFO | Doing UNProductive work at:2026-02-01 15:02:10.337597
2026-02-01 15:02:10,382 | INFO | Doing UNProductive work at:2026-02-01 15:02:10.368880
2026-02-01 15:02:10,415 | INFO | Doing UNProductive work at:2026-02-01 15:02:10.400693
2026-02-01 15:02:10,449 | INFO | Doing UNProductive work at:2026-02-01 15:02:10.433044
2026-02-01 15:02:10,487 | INFO | Doing Productive work at:2026-02-01 15:02:10.461498
2026-02-01 15:02:10,515 | INFO | Doing Productive work at:2026-02-01 15:02:10.496478
2026-02-01 15:02:10,560 | INFO | Doing Productive work at:2026-02-01 15:02:10.528101
2026-02-01 15:02:10,593 | INFO | Doing Productive work at:2026-02-01 15:02:10.567337
2026-02-01 15:02:10,623 | INFO | Doing Productive work at:2026-02-01 15:02:10.600638
2026-02-01 15:02:10,674 | INFO | Doing Productive work at:2026-02-01 15:02:10.640144
2026-02-01 15:02:10,704 | INFO | Doing Productive work at:2026-02-01 15:02:10.681636
2026-02-01 15:02:10,732 | INFO | Doing Productive work at:2026-02-01 15:02:10.712062
2026-02-01 15:02:10,765 | INFO | Doing Productive work at:2026-02-01 15:02:10.738838
2026-02-01 15:02:10,795 | INFO | Doing Productive work at:2026-02-01 15:02:10.773047
2026-02-01 15:02:10,825 | INFO | Doing Productive work at:2026-02-01 15:02:10.802806
2026-02-01 15:02:10,850 | INFO | Doing Productive work at:2026-02-01 15:02:10.833976
2026-02-01 15:02:10,888 | INFO | Doing Productive work at:2026-02-01 15:02:10.866077
2026-02-01 15:02:10,922 | INFO | Doing Productive work at:2026-02-01 15:02:10.894724
2026-02-01 15:02:10,954 | INFO | Doing Productive work at:2026-02-01 15:02:10.930292
2026-02-01 15:02:10,986 | INFO | Doing Productive work at:2026-02-01 15:02:10.959740
2026-02-01 15:02:11,014 | INFO | Doing Productive work at:2026-02-01 15:02:10.994018
2026-02-01 15:02:11,044 | INFO | Doing Productive work at:2026-02-01 15:02:11.026783
2026-02-01 15:02:11,090 | INFO | Doing Productive work at:2026-02-01 15:02:11.071295
2026-02-01 15:02:11,121 | INFO | Doing Productive work at:2026-02-01 15:02:11.104641
2026-02-01 15:02:49,995 | INFO | Doing UNProductive work at:2026-02-01 15:02:49.939617
2026-02-01 15:02:50,011 | INFO | Doing UNProductive work at:2026-02-01 15:02:50.003131
2026-02-01 15:02:50,029 | INFO | Doing UNProductive work at:2026-02-01 15:02:50.019153
2026-02-01 15:02:50,044 | INFO | Doing UNProductive work at:2026-02-01 15:02:50.036648
2026-02-01 15:02:50,074 | INFO | Doing UNProductive work at:2026-02-01 15:02:50.060774
2026-02-01 15:02:50,106 | INFO | Doing UNProductive work at:2026-02-01 15:02:50.092130
2026-02-01 15:02:50,136 | INFO | Doing UNProductive work at:2026-02-01 15:02:50.126873
2026-02-01 15:02:50,170 | INFO | Doing UNProductive work at:2026-02-01 15:02:50.156616
2026-02-01 15:02:50,201 | INFO | Doing UNProductive work at:2026-02-01 15:02:50.188267
2026-02-01 15:02:50,232 | INFO | Doing UNProductive work at:2026-02-01 15:02:50.218614
2026-02-01 15:02:50,263 | INFO | Doing UNProductive work at:2026-02-01 15:02:50.251757
2026-02-01 15:02:50,311 | INFO | Doing UNProductive work at:2026-02-01 15:02:50.302674
2026-02-01 15:02:50,342 | INFO | Doing UNProductive work at:2026-02-01 15:02:50.331644
2026-02-01 15:02:50,369 | INFO | Doing UNProductive work at:2026-02-01 15:02:50.364390
2026-02-01 15:02:50,405 | INFO | Doing UNProductive work at:2026-02-01 15:02:50.395776
2026-02-01 15:02:50,436 | INFO | Doing UNProductive work at:2026-02-01 15:02:50.429736
2026-02-01 15:02:50,483 | INFO | Doing UNProductive work at:2026-02-01 15:02:50.463418
2026-02-01 15:02:50,513 | INFO | Doing UNProductive work at:2026-02-01 15:02:50.493242
2026-02-01 15:02:50,543 | INFO | Doing UNProductive work at:2026-02-01 15:02:50.526195
2026-02-01 15:02:50,576 | INFO | Doing UNProductive work at:2026-02-01 15:02:50.557376
2026-02-01 15:02:50,606 | INFO | Doing UNProductive work at:2026-02-01 15:02:50.588379
2026-02-01 15:02:50,637 | INFO | Doing UNProductive work at:2026-02-01 15:02:50.622743
2026-02-01 15:02:50,680 | INFO | Doing UNProductive work at:2026-02-01 15:02:50.651959
2026-02-01 15:02:50,705 | INFO | Doing UNProductive work at:2026-02-01 15:02:50.689098
2026-02-01 15:02:50,751 | INFO | Doing UNProductive work at:2026-02-01 15:02:50.732415
2026-02-01 15:02:50,781 | INFO | Doing UNProductive work at:2026-02-01 15:02:50.764656
2026-02-01 15:02:50,812 | INFO | Doing UNProductive work at:2026-02-01 15:02:50.798285
2026-02-01 15:02:50,844 | INFO | Doing UNProductive work at:2026-02-01 15:02:50.826970
2026-02-01 15:02:50,875 | INFO | Doing UNProductive work at:2026-02-01 15:02:50.859655
2026-02-01 15:02:50,904 | INFO | Doing UNProductive work at:2026-02-01 15:02:50.892005
2026-02-01 15:02:50,936 | INFO | Doing UNProductive work at:2026-02-01 15:02:50.924104
2026-02-01 15:02:50,984 | INFO | Doing UNProductive work at:2026-02-01 15:02:50.958736
2026-02-01 15:02:51,015 | INFO | Doing UNProductive work at:2026-02-01 15:02:50.991121
2026-02-01 15:02:51,047 | INFO | Doing UNProductive work at:2026-02-01 15:02:51.023807
2026-02-01 15:02:51,077 | INFO | Doing UNProductive work at:2026-02-01 15:02:51.053519
2026-02-01 15:02:51,109 | INFO | Doing UNProductive work at:2026-02-01 15:02:51.085095
2026-02-01 15:02:51,138 | INFO | Doing UNProductive work at:2026-02-01 15:02:51.116398
2026-02-01 15:02:51,204 | INFO | Doing UNProductive work at:2026-02-01 15:02:51.165337
2026-02-01 15:02:51,242 | INFO | Doing UNProductive work at:2026-02-01 15:02:51.210749
2026-02-01 15:02:51,271 | INFO | Doing UNProductive work at:2026-02-01 15:02:51.250059
2026-02-01 15:02:51,304 | INFO | Doing UNProductive work at:2026-02-01 15:02:51.278228
2026-02-01 15:02:51,331 | INFO | Doing UNProductive work at:2026-02-01 15:02:51.311773
2026-02-01 15:02:51,362 | INFO | Doing UNProductive work at:2026-02-01 15:02:51.339407
2026-02-01 15:02:51,393 | INFO | Doing UNProductive work at:2026-02-01 15:02:51.369387
2026-02-01 15:02:51,426 | INFO | Doing UNProductive work at:2026-02-01 15:02:51.402598
2026-02-01 15:02:51,457 | INFO | Doing UNProductive work at:2026-02-01 15:02:51.432509
2026-02-01 15:02:51,489 | INFO | Doing UNProductive work at:2026-02-01 15:02:51.465799
2026-02-01 15:02:51,520 | INFO | Doing UNProductive work at:2026-02-01 15:02:51.497464
2026-02-01 15:02:51,550 | INFO | Doing UNProductive work at:2026-02-01 15:02:51.527331
2026-02-01 15:02:51,582 | INFO | Doing UNProductive work at:2026-02-01 15:02:51.559329
2026-02-01 15:02:51,628 | INFO | Doing UNProductive work at:2026-02-01 15:02:51.596288
2026-02-01 15:02:51,663 | INFO | Doing UNProductive work at:2026-02-01 15:02:51.636489
2026-02-01 15:02:51,694 | INFO | Doing UNProductive work at:2026-02-01 15:02:51.671553
2026-02-01 15:02:51,722 | INFO | Doing UNProductive work at:2026-02-01 15:02:51.700599
2026-02-01 15:02:51,752 | INFO | Doing UNProductive work at:2026-02-01 15:02:51.730844
2026-02-01 15:02:51,783 | INFO | Doing UNProductive work at:2026-02-01 15:02:51.760497
2026-02-01 15:02:51,814 | INFO | Doing UNProductive work at:2026-02-01 15:02:51.790922
2026-02-01 15:02:51,838 | INFO | Doing UNProductive work at:2026-02-01 15:02:51.821413
2026-02-01 15:02:51,877 | INFO | Doing UNProductive work at:2026-02-01 15:02:51.852468
2026-02-01 15:02:51,908 | INFO | Doing UNProductive work at:2026-02-01 15:02:51.885097
2026-02-01 15:02:51,939 | INFO | Doing UNProductive work at:2026-02-01 15:02:51.918837
2026-02-01 15:02:51,971 | INFO | Doing UNProductive work at:2026-02-01 15:02:51.950720
2026-02-01 15:02:52,002 | INFO | Doing UNProductive work at:2026-02-01 15:02:51.979633
2026-02-01 15:02:52,049 | INFO | Doing UNProductive work at:2026-02-01 15:02:52.027788
2026-02-01 15:02:52,082 | INFO | Doing UNProductive work at:2026-02-01 15:02:52.061029
2026-02-01 15:02:52,112 | INFO | Doing UNProductive work at:2026-02-01 15:02:52.092952
2026-02-01 15:02:52,158 | INFO | Doing UNProductive work at:2026-02-01 15:02:52.128804
2026-02-01 15:02:52,191 | INFO | Doing UNProductive work at:2026-02-01 15:02:52.166150
2026-02-01 15:02:52,223 | INFO | Doing UNProductive work at:2026-02-01 15:02:52.195851
2026-02-01 15:02:52,253 | INFO | Doing UNProductive work at:2026-02-01 15:02:52.232131
2026-02-01 15:02:52,279 | INFO | Doing UNProductive work at:2026-02-01 15:02:52.260907
2026-02-01 15:02:52,316 | INFO | Doing UNProductive work at:2026-02-01 15:02:52.286375
2026-02-01 15:02:52,350 | INFO | Doing UNProductive work at:2026-02-01 15:02:52.324791
2026-02-01 15:02:52,381 | INFO | Doing UNProductive work at:2026-02-01 15:02:52.357889
2026-02-01 15:02:52,410 | INFO | Doing UNProductive work at:2026-02-01 15:02:52.388403
2026-02-01 15:02:52,440 | INFO | Doing UNProductive work at:2026-02-01 15:02:52.414624
2026-02-01 15:02:52,486 | INFO | Doing UNProductive work at:2026-02-01 15:02:52.461912
2026-02-01 15:02:52,518 | INFO | Doing UNProductive work at:2026-02-01 15:02:52.494077
2026-02-01 15:02:52,547 | INFO | Doing UNProductive work at:2026-02-01 15:02:52.526995
2026-02-01 15:02:52,580 | INFO | Doing UNProductive work at:2026-02-01 15:02:52.556089
2026-02-01 15:02:52,612 | INFO | Doing UNProductive work at:2026-02-01 15:02:52.589789
2026-02-01 15:02:52,641 | INFO | Doing UNProductive work at:2026-02-01 15:02:52.621604
2026-02-01 15:02:52,672 | INFO | Doing UNProductive work at:2026-02-01 15:02:52.652507
2026-02-01 15:02:52,703 | INFO | Doing UNProductive work at:2026-02-01 15:02:52.683248
2026-02-01 15:02:52,750 | INFO | Doing UNProductive work at:2026-02-01 15:02:52.717542
2026-02-01 15:02:52,777 | INFO | Doing UNProductive work at:2026-02-01 15:02:52.757684
2026-02-01 15:02:52,814 | INFO | Doing UNProductive work at:2026-02-01 15:02:52.785207
2026-02-01 15:02:52,875 | INFO | Doing UNProductive work at:2026-02-01 15:02:52.844946
2026-02-01 15:02:52,906 | INFO | Doing UNProductive work at:2026-02-01 15:02:52.884284
2026-02-01 15:02:52,952 | INFO | Doing UNProductive work at:2026-02-01 15:02:52.923880
2026-02-01 15:02:52,988 | INFO | Doing UNProductive work at:2026-02-01 15:02:52.960013
2026-02-01 15:02:53,013 | INFO | Doing UNProductive work at:2026-02-01 15:02:52.996637
2026-02-01 15:02:53,046 | INFO | Doing UNProductive work at:2026-02-01 15:02:53.021580
2026-02-01 15:02:53,076 | INFO | Doing UNProductive work at:2026-02-01 15:02:53.054491
2026-02-01 15:02:53,108 | INFO | Doing UNProductive work at:2026-02-01 15:02:53.083883
2026-02-01 15:02:53,139 | INFO | Doing UNProductive work at:2026-02-01 15:02:53.116636
2026-02-01 15:02:53,170 | INFO | Doing UNProductive work at:2026-02-01 15:02:53.145367
2026-02-01 15:02:53,201 | INFO | Doing UNProductive work at:2026-02-01 15:02:53.182042
2026-02-01 15:02:53,233 | INFO | Doing UNProductive work at:2026-02-01 15:02:53.207881
2026-02-01 15:02:53,263 | INFO | Doing UNProductive work at:2026-02-01 15:02:53.243507
2026-02-01 15:02:53,295 | INFO | Doing UNProductive work at:2026-02-01 15:02:53.271080
2026-02-01 15:02:53,340 | INFO | Doing UNProductive work at:2026-02-01 15:02:53.308587
2026-02-01 15:02:53,374 | INFO | Doing UNProductive work at:2026-02-01 15:02:53.348939
2026-02-01 15:02:53,406 | INFO | Doing UNProductive work at:2026-02-01 15:02:53.381739
2026-02-01 15:02:53,435 | INFO | Doing UNProductive work at:2026-02-01 15:02:53.412782
2026-02-01 15:02:53,481 | INFO | Doing UNProductive work at:2026-02-01 15:02:53.452261
2026-02-01 15:02:53,513 | INFO | Doing UNProductive work at:2026-02-01 15:02:53.489469
2026-02-01 15:02:53,544 | INFO | Doing UNProductive work at:2026-02-01 15:02:53.522077
2026-02-01 15:02:53,578 | INFO | Doing UNProductive work at:2026-02-01 15:02:53.550556
2026-02-01 15:02:53,605 | INFO | Doing UNProductive work at:2026-02-01 15:02:53.584525
2026-02-01 15:02:53,637 | INFO | Doing UNProductive work at:2026-02-01 15:02:53.611998
2026-02-01 15:02:53,670 | INFO | Doing UNProductive work at:2026-02-01 15:02:53.647230
2026-02-01 15:02:53,701 | INFO | Doing UNProductive work at:2026-02-01 15:02:53.677572
2026-02-01 15:02:53,731 | INFO | Doing UNProductive work at:2026-02-01 15:02:53.709250
2026-02-01 15:02:53,763 | INFO | Doing UNProductive work at:2026-02-01 15:02:53.739077
2026-02-01 15:02:53,796 | INFO | Doing UNProductive work at:2026-02-01 15:02:53.775299
2026-02-01 15:02:53,856 | INFO | Doing UNProductive work at:2026-02-01 15:02:53.836687
2026-02-01 15:02:53,888 | INFO | Doing UNProductive work at:2026-02-01 15:02:53.864789
2026-02-01 15:02:53,920 | INFO | Doing UNProductive work at:2026-02-01 15:02:53.896647
2026-02-01 15:02:53,950 | INFO | Doing UNProductive work at:2026-02-01 15:02:53.928325
2026-02-01 15:02:53,984 | INFO | Doing UNProductive work at:2026-02-01 15:02:53.958603
2026-02-01 15:02:54,013 | INFO | Doing UNProductive work at:2026-02-01 15:02:53.992283
2026-02-01 15:02:54,045 | INFO | Doing UNProductive work at:2026-02-01 15:02:54.021060
2026-02-01 15:02:54,075 | INFO | Doing UNProductive work at:2026-02-01 15:02:54.052647
2026-02-01 15:02:54,105 | INFO | Doing UNProductive work at:2026-02-01 15:02:54.081941
2026-02-01 15:02:54,138 | INFO | Doing UNProductive work at:2026-02-01 15:02:54.113960
2026-02-01 15:02:54,169 | INFO | Doing UNProductive work at:2026-02-01 15:02:54.145462
2026-02-01 15:02:54,194 | INFO | Doing Productive work at:2026-02-01 15:02:54.177058
2026-02-01 15:02:54,262 | INFO | Doing Productive work at:2026-02-01 15:02:54.235704
2026-02-01 15:02:54,291 | INFO | Doing Productive work at:2026-02-01 15:02:54.270741
2026-02-01 15:02:54,323 | INFO | Doing Productive work at:2026-02-01 15:02:54.300640
2026-02-01 15:02:54,354 | INFO | Doing Productive work at:2026-02-01 15:02:54.330770
2026-02-01 15:02:54,400 | INFO | Doing Productive work at:2026-02-01 15:02:54.369112
2026-02-01 15:02:54,432 | INFO | Doing Productive work at:2026-02-01 15:02:54.409374
2026-02-01 15:02:54,465 | INFO | Doing Productive work at:2026-02-01 15:02:54.441970
2026-02-01 15:02:54,497 | INFO | Doing Productive work at:2026-02-01 15:02:54.473087
2026-02-01 15:02:54,529 | INFO | Doing Productive work at:2026-02-01 15:02:54.503909
2026-02-01 15:02:54,561 | INFO | Doing Productive work at:2026-02-01 15:02:54.537070
2026-02-01 15:02:54,589 | INFO | Doing Productive work at:2026-02-01 15:02:54.569049
2026-02-01 15:02:54,622 | INFO | Doing Productive work at:2026-02-01 15:02:54.596385
2026-02-01 15:02:54,668 | INFO | Doing Productive work at:2026-02-01 15:02:54.636840
2026-02-01 15:02:54,701 | INFO | Doing Productive work at:2026-02-01 15:02:54.677649
2026-02-01 15:02:54,729 | INFO | Doing Productive work at:2026-02-01 15:02:54.709642
2026-02-01 15:02:54,763 | INFO | Doing Productive work at:2026-02-01 15:02:54.736541
2026-02-01 15:02:54,795 | INFO | Doing Productive work at:2026-02-01 15:02:54.773152
2026-02-01 15:02:54,826 | INFO | Doing Productive work at:2026-02-01 15:02:54.801824
2026-02-01 15:02:54,857 | INFO | Doing Productive work at:2026-02-01 15:02:54.834414
2026-02-01 15:02:54,890 | INFO | Doing Productive work at:2026-02-01 15:02:54.865620
2026-02-01 15:02:54,919 | INFO | Doing Productive work at:2026-02-01 15:02:54.897720
2026-02-01 15:02:54,949 | INFO | Doing Productive work at:2026-02-01 15:02:54.925327
2026-02-01 15:02:54,995 | INFO | Doing Productive work at:2026-02-01 15:02:54.974776
2026-02-01 15:02:55,027 | INFO | Doing Productive work at:2026-02-01 15:02:55.002866
2026-02-01 15:02:55,057 | INFO | Doing Productive work at:2026-02-01 15:02:55.037350
2026-02-01 15:02:55,089 | INFO | Doing Productive work at:2026-02-01 15:02:55.064284
2026-02-01 15:02:55,121 | INFO | Doing Productive work at:2026-02-01 15:02:55.100564
2026-02-01 15:02:55,153 | INFO | Doing Productive work at:2026-02-01 15:02:55.129100
2026-02-01 15:02:55,199 | INFO | Doing Productive work at:2026-02-01 15:02:55.166895
2026-02-01 15:02:55,233 | INFO | Doing Productive work at:2026-02-01 15:02:55.206483
2026-02-01 15:02:55,262 | INFO | Doing Productive work at:2026-02-01 15:02:55.241106
2026-02-01 15:02:55,292 | INFO | Doing Productive work at:2026-02-01 15:02:55.270289
2026-02-01 15:02:55,324 | INFO | Doing UNProductive work at:2026-02-01 15:02:55.299142
2026-02-01 15:02:55,357 | INFO | Doing UNProductive work at:2026-02-01 15:02:55.332905
2026-02-01 15:02:55,387 | INFO | Doing UNProductive work at:2026-02-01 15:02:55.366149
2026-02-01 15:02:55,415 | INFO | Doing UNProductive work at:2026-02-01 15:02:55.395505
2026-02-01 15:02:55,448 | INFO | Doing UNProductive work at:2026-02-01 15:02:55.422899
2026-02-01 15:02:55,479 | INFO | Doing UNProductive work at:2026-02-01 15:02:55.456006
2026-02-01 15:02:55,525 | INFO | Doing UNProductive work at:2026-02-01 15:02:55.500491
2026-02-01 15:02:55,558 | INFO | Doing UNProductive work at:2026-02-01 15:02:55.533127
2026-02-01 15:02:55,587 | INFO | Doing UNProductive work at:2026-02-01 15:02:55.567806
2026-02-01 15:02:55,620 | INFO | Doing UNProductive work at:2026-02-01 15:02:55.596839
2026-02-01 15:02:55,651 | INFO | Doing UNProductive work at:2026-02-01 15:02:55.629051
2026-02-01 15:02:55,681 | INFO | Doing Productive work at:2026-02-01 15:02:55.658974
2026-02-01 15:02:55,714 | INFO | Doing Productive work at:2026-02-01 15:02:55.693014
2026-02-01 15:02:55,745 | INFO | Doing Productive work at:2026-02-01 15:02:55.722383
2026-02-01 15:02:55,790 | INFO | Doing Productive work at:2026-02-01 15:02:55.758527
2026-02-01 15:02:55,824 | INFO | Doing Productive work at:2026-02-01 15:02:55.798835
2026-02-01 15:02:55,855 | INFO | Doing Productive work at:2026-02-01 15:02:55.832967
2026-02-01 15:02:55,886 | INFO | Doing Productive work at:2026-02-01 15:02:55.860864
2026-02-01 15:02:55,915 | INFO | Doing Productive work at:2026-02-01 15:02:55.894481
2026-02-01 15:02:55,949 | INFO | Doing Productive work at:2026-02-01 15:02:55.925114
2026-02-01 15:02:55,980 | INFO | Doing Productive work at:2026-02-01 15:02:55.956565
2026-02-01 15:02:56,010 | INFO | Doing Productive work at:2026-02-01 15:02:55.987470
2026-02-01 15:02:56,055 | INFO | Doing Productive work at:2026-02-01 15:02:56.028753
2026-02-01 15:02:56,087 | INFO | Doing Productive work at:2026-02-01 15:02:56.064212
2026-02-01 15:02:56,118 | INFO | Doing Productive work at:2026-02-01 15:02:56.095292
2026-02-01 15:02:56,153 | INFO | Doing Productive work at:2026-02-01 15:02:56.126513
2026-02-01 15:02:56,182 | INFO | Doing Productive work at:2026-02-01 15:02:56.159665
2026-02-01 15:02:56,214 | INFO | Doing Productive work at:2026-02-01 15:02:56.190717
2026-02-01 15:02:56,243 | INFO | Doing Productive work at:2026-02-01 15:02:56.222656
2026-02-01 15:02:56,267 | INFO | Doing Productive work at:2026-02-01 15:02:56.251212
2026-02-01 15:02:56,308 | INFO | Doing Productive work at:2026-02-01 15:02:56.285490
2026-02-01 15:02:56,339 | INFO | Doing Productive work at:2026-02-01 15:02:56.316772
2026-02-01 15:02:56,371 | INFO | Doing Productive work at:2026-02-01 15:02:56.350811
2026-02-01 15:02:56,403 | INFO | Doing Productive work at:2026-02-01 15:02:56.379354
2026-02-01 15:02:56,434 | INFO | Doing Productive work at:2026-02-01 15:02:56.411683
2026-02-01 15:02:56,466 | INFO | Doing Productive work at:2026-02-01 15:02:56.442722
2026-02-01 15:02:56,498 | INFO | Doing Productive work at:2026-02-01 15:02:56.476834
2026-02-01 15:02:56,531 | INFO | Doing Productive work at:2026-02-01 15:02:56.506424
2026-02-01 15:02:56,577 | INFO | Doing Productive work at:2026-02-01 15:02:56.558889
2026-02-01 15:02:56,604 | INFO | Doing Productive work at:2026-02-01 15:02:56.585545
2026-02-01 15:02:56,639 | INFO | Doing Productive work at:2026-02-01 15:02:56.620929
2026-02-01 15:02:56,671 | INFO | Doing Productive work at:2026-02-01 15:02:56.648962
2026-02-01 15:02:56,719 | INFO | Doing Productive work at:2026-02-01 15:02:56.684875
2026-02-01 15:02:56,751 | INFO | Doing Productive work at:2026-02-01 15:02:56.727279
2026-02-01 15:02:56,783 | INFO | Doing Productive work at:2026-02-01 15:02:56.760480
2026-02-01 15:02:56,814 | INFO | Doing Productive work at:2026-02-01 15:02:56.790520
2026-02-01 15:02:56,845 | INFO | Doing Productive work at:2026-02-01 15:02:56.822718
2026-02-01 15:02:56,876 | INFO | Doing Productive work at:2026-02-01 15:02:56.854001
2026-02-01 15:02:56,908 | INFO | Doing Productive work at:2026-02-01 15:02:56.884882
2026-02-01 15:02:56,939 | INFO | Doing Productive work at:2026-02-01 15:02:56.916183
2026-02-01 15:02:56,969 | INFO | Doing Productive work at:2026-02-01 15:02:56.947299
2026-02-01 15:02:57,031 | INFO | Doing Productive work at:2026-02-01 15:02:57.004121
2026-02-01 15:02:57,064 | INFO | Doing Productive work at:2026-02-01 15:02:57.039206
2026-02-01 15:02:57,109 | INFO | Doing Productive work at:2026-02-01 15:02:57.081163
2026-02-01 15:02:57,139 | INFO | Doing Productive work at:2026-02-01 15:02:57.118465
2026-02-01 15:02:57,172 | INFO | Doing Productive work at:2026-02-01 15:02:57.145499
2026-02-01 15:02:57,203 | INFO | Doing Productive work at:2026-02-01 15:02:57.180284
2026-02-01 15:02:57,234 | INFO | Doing Productive work at:2026-02-01 15:02:57.209559
2026-02-01 15:02:57,268 | INFO | Doing Productive work at:2026-02-01 15:02:57.242593
2026-02-01 15:02:57,298 | INFO | Doing Productive work at:2026-02-01 15:02:57.276700
2026-02-01 15:02:57,330 | INFO | Doing Productive work at:2026-02-01 15:02:57.306301
2026-02-01 15:02:57,361 | INFO | Doing Productive work at:2026-02-01 15:02:57.339019
2026-02-01 15:02:57,392 | INFO | Doing Productive work at:2026-02-01 15:02:57.369882
2026-02-01 15:02:57,423 | INFO | Doing Productive work at:2026-02-01 15:02:57.404480
2026-02-01 15:02:57,457 | INFO | Doing Productive work at:2026-02-01 15:02:57.431856
2026-02-01 15:02:57,485 | INFO | Doing Productive work at:2026-02-01 15:02:57.463745
2026-02-01 15:02:57,518 | INFO | Doing Productive work at:2026-02-01 15:02:57.493784
2026-02-01 15:02:57,563 | INFO | Doing Productive work at:2026-02-01 15:02:57.531072
2026-02-01 15:02:57,595 | INFO | Doing Productive work at:2026-02-01 15:02:57.571894
2026-02-01 15:02:57,625 | INFO | Doing Productive work at:2026-02-01 15:02:57.603895
2026-02-01 15:02:57,656 | INFO | Doing Productive work at:2026-02-01 15:02:57.633507
2026-02-01 15:02:57,687 | INFO | Doing Productive work at:2026-02-01 15:02:57.664544
2026-02-01 15:02:57,719 | INFO | Doing Productive work at:2026-02-01 15:02:57.695334
2026-02-01 15:02:57,749 | INFO | Doing Productive work at:2026-02-01 15:02:57.727156
2026-02-01 15:02:57,783 | INFO | Doing Productive work at:2026-02-01 15:02:57.758472
2026-02-01 15:02:57,820 | INFO | Doing Productive work at:2026-02-01 15:02:57.803681
2026-02-01 15:02:57,844 | INFO | Doing Productive work at:2026-02-01 15:02:57.828001
2026-02-01 15:02:57,889 | INFO | Doing Productive work at:2026-02-01 15:02:57.868100
2026-02-01 15:02:57,920 | INFO | Doing Productive work at:2026-02-01 15:02:57.898843
2026-02-01 15:02:57,967 | INFO | Doing Productive work at:2026-02-01 15:02:57.934945
2026-02-01 15:02:57,999 | INFO | Doing Productive work at:2026-02-01 15:02:57.976046
2026-02-01 15:02:58,029 | INFO | Doing Productive work at:2026-02-01 15:02:58.007760
2026-02-01 15:02:58,061 | INFO | Doing Productive work at:2026-02-01 15:02:58.037864
2026-02-01 15:02:58,091 | INFO | Doing Productive work at:2026-02-01 15:02:58.070333
2026-02-01 15:02:58,126 | INFO | Doing Productive work at:2026-02-01 15:02:58.100741
2026-02-01 15:02:58,156 | INFO | Doing Productive work at:2026-02-01 15:02:58.134443
2026-02-01 15:02:58,187 | INFO | Doing Productive work at:2026-02-01 15:02:58.163131
2026-02-01 15:02:58,232 | INFO | Doing Productive work at:2026-02-01 15:02:58.204745
2026-02-01 15:02:58,263 | INFO | Doing Productive work at:2026-02-01 15:02:58.240375
2026-02-01 15:02:58,294 | INFO | Doing Productive work at:2026-02-01 15:02:58.271518
2026-02-01 15:02:58,327 | INFO | Doing Productive work at:2026-02-01 15:02:58.301726
2026-02-01 15:02:58,358 | INFO | Doing Productive work at:2026-02-01 15:02:58.336354
2026-02-01 15:02:58,390 | INFO | Doing Productive work at:2026-02-01 15:02:58.367477
2026-02-01 15:02:58,421 | INFO | Doing Productive work at:2026-02-01 15:02:58.398077
2026-02-01 15:02:58,451 | INFO | Doing Productive work at:2026-02-01 15:02:58.429259
2026-02-01 15:02:58,483 | INFO | Doing Productive work at:2026-02-01 15:02:58.460442
2026-02-01 15:02:58,513 | INFO | Doing Productive work at:2026-02-01 15:02:58.490821
2026-02-01 15:02:58,546 | INFO | Doing Productive work at:2026-02-01 15:02:58.525952
2026-02-01 15:02:58,577 | INFO | Doing Productive work at:2026-02-01 15:02:58.554579
2026-02-01 15:02:58,609 | INFO | Doing Productive work at:2026-02-01 15:02:58.588794
2026-02-01 15:02:58,639 | INFO | Doing Productive work at:2026-02-01 15:02:58.617341
2026-02-01 15:02:58,694 | INFO | Doing UNProductive work at:2026-02-01 15:02:58.668629
2026-02-01 15:02:58,726 | INFO | Doing UNProductive work at:2026-02-01 15:02:58.702228
2026-02-01 15:02:58,758 | INFO | Doing UNProductive work at:2026-02-01 15:02:58.734824
2026-02-01 15:02:58,789 | INFO | Doing UNProductive work at:2026-02-01 15:02:58.766994
2026-02-01 15:02:58,820 | INFO | Doing UNProductive work at:2026-02-01 15:02:58.798632
2026-02-01 15:02:58,852 | INFO | Doing UNProductive work at:2026-02-01 15:02:58.828369
2026-02-01 15:02:58,884 | INFO | Doing UNProductive work at:2026-02-01 15:02:58.860539
2026-02-01 15:02:58,915 | INFO | Doing UNProductive work at:2026-02-01 15:02:58.892141
2026-02-01 15:02:58,946 | INFO | Doing UNProductive work at:2026-02-01 15:02:58.927325
2026-02-01 15:02:58,978 | INFO | Doing UNProductive work at:2026-02-01 15:02:58.954951
2026-02-01 15:02:59,009 | INFO | Doing UNProductive work at:2026-02-01 15:02:58.985108
2026-02-01 15:02:59,041 | INFO | Doing UNProductive work at:2026-02-01 15:02:59.016324
2026-02-01 15:02:59,072 | INFO | Doing UNProductive work at:2026-02-01 15:02:59.052944
2026-02-01 15:02:59,104 | INFO | Doing UNProductive work at:2026-02-01 15:02:59.081132
2026-02-01 15:02:59,136 | INFO | Doing UNProductive work at:2026-02-01 15:02:59.119752
2026-02-01 15:02:59,154 | INFO | Doing UNProductive work at:2026-02-01 15:02:59.144373
2026-02-01 15:02:59,214 | INFO | Doing UNProductive work at:2026-02-01 15:02:59.197144
2026-02-01 15:02:59,245 | INFO | Doing UNProductive work at:2026-02-01 15:02:59.223302
2026-02-01 15:02:59,274 | INFO | Doing UNProductive work at:2026-02-01 15:02:59.262060
2026-02-01 15:02:59,307 | INFO | Doing UNProductive work at:2026-02-01 15:02:59.282109
2026-02-01 15:02:59,339 | INFO | Doing UNProductive work at:2026-02-01 15:02:59.326308
2026-02-01 15:02:59,369 | INFO | Doing UNProductive work at:2026-02-01 15:02:59.347347
2026-02-01 15:02:59,402 | INFO | Doing UNProductive work at:2026-02-01 15:02:59.388152
2026-02-01 15:02:59,434 | INFO | Doing UNProductive work at:2026-02-01 15:02:59.410728
2026-02-01 15:02:59,465 | INFO | Doing UNProductive work at:2026-02-01 15:02:59.451951
2026-02-01 15:02:59,496 | INFO | Doing UNProductive work at:2026-02-01 15:02:59.474087
2026-02-01 15:02:59,527 | INFO | Doing UNProductive work at:2026-02-01 15:02:59.514300
2026-02-01 15:02:59,559 | INFO | Doing UNProductive work at:2026-02-01 15:02:59.535299
2026-02-01 15:02:59,607 | INFO | Doing UNProductive work at:2026-02-01 15:02:59.581068
2026-02-01 15:02:59,639 | INFO | Doing UNProductive work at:2026-02-01 15:02:59.615650
2026-02-01 15:02:59,685 | INFO | Doing UNProductive work at:2026-02-01 15:02:59.660446
2026-02-01 15:02:59,716 | INFO | Doing UNProductive work at:2026-02-01 15:02:59.693633
2026-02-01 15:02:59,747 | INFO | Doing UNProductive work at:2026-02-01 15:02:59.726822
2026-02-01 15:02:59,780 | INFO | Doing UNProductive work at:2026-02-01 15:02:59.755413
2026-02-01 15:02:59,811 | INFO | Doing UNProductive work at:2026-02-01 15:02:59.788559
2026-02-01 15:02:59,842 | INFO | Doing UNProductive work at:2026-02-01 15:02:59.819697
2026-02-01 15:02:59,874 | INFO | Doing UNProductive work at:2026-02-01 15:02:59.852278
2026-02-01 15:02:59,906 | INFO | Doing UNProductive work at:2026-02-01 15:02:59.883423
2026-02-01 15:02:59,938 | INFO | Doing UNProductive work at:2026-02-01 15:02:59.920021
2026-02-01 15:02:59,971 | INFO | Doing UNProductive work at:2026-02-01 15:02:59.946638
2026-02-01 15:03:00,000 | INFO | Doing UNProductive work at:2026-02-01 15:02:59.981326
2026-02-01 15:03:00,033 | INFO | Doing UNProductive work at:2026-02-01 15:03:00.008942
2026-02-01 15:03:00,056 | INFO | Doing UNProductive work at:2026-02-01 15:03:00.045591
2026-02-01 15:03:00,079 | INFO | Doing UNProductive work at:2026-02-01 15:03:00.063693
2026-02-01 15:03:00,127 | INFO | Doing UNProductive work at:2026-02-01 15:03:00.112431
2026-02-01 15:03:00,159 | INFO | Doing UNProductive work at:2026-02-01 15:03:00.135475
2026-02-01 15:03:00,206 | INFO | Doing UNProductive work at:2026-02-01 15:03:00.189218
2026-02-01 15:03:00,236 | INFO | Doing UNProductive work at:2026-02-01 15:03:00.214771
2026-02-01 15:03:00,267 | INFO | Doing UNProductive work at:2026-02-01 15:03:00.250937
2026-02-01 15:03:00,299 | INFO | Doing UNProductive work at:2026-02-01 15:03:00.275097
2026-02-01 15:03:00,331 | INFO | Doing UNProductive work at:2026-02-01 15:03:00.318313
2026-02-01 15:03:00,362 | INFO | Doing UNProductive work at:2026-02-01 15:03:00.339360
2026-02-01 15:03:00,394 | INFO | Doing UNProductive work at:2026-02-01 15:03:00.382107
2026-02-01 15:03:00,424 | INFO | Doing UNProductive work at:2026-02-01 15:03:00.401727
2026-02-01 15:03:00,457 | INFO | Doing UNProductive work at:2026-02-01 15:03:00.445361
2026-02-01 15:03:00,488 | INFO | Doing UNProductive work at:2026-02-01 15:03:00.466524
2026-02-01 15:03:00,519 | INFO | Doing UNProductive work at:2026-02-01 15:03:00.506702
2026-02-01 15:03:00,551 | INFO | Doing UNProductive work at:2026-02-01 15:03:00.528283
2026-02-01 15:03:00,598 | INFO | Doing UNProductive work at:2026-02-01 15:03:00.572064
2026-02-01 15:03:00,660 | INFO | Doing UNProductive work at:2026-02-01 15:03:00.637337
2026-02-01 15:03:00,692 | INFO | Doing UNProductive work at:2026-02-01 15:03:00.668067
2026-02-01 15:03:00,740 | INFO | Doing UNProductive work at:2026-02-01 15:03:00.716690
2026-02-01 15:03:00,772 | INFO | Doing UNProductive work at:2026-02-01 15:03:00.749293
2026-02-01 15:03:00,802 | INFO | Doing UNProductive work at:2026-02-01 15:03:00.776055
2026-02-01 15:03:00,835 | INFO | Doing UNProductive work at:2026-02-01 15:03:00.810669
2026-02-01 15:03:00,867 | INFO | Doing UNProductive work at:2026-02-01 15:03:00.839297
2026-02-01 15:03:00,889 | INFO | Doing UNProductive work at:2026-02-01 15:03:00.876053
2026-02-01 15:03:00,913 | INFO | Doing UNProductive work at:2026-02-01 15:03:00.897088
2026-02-01 15:03:00,945 | INFO | Doing UNProductive work at:2026-02-01 15:03:00.921257
2026-02-01 15:03:00,976 | INFO | Doing UNProductive work at:2026-02-01 15:03:00.951885
2026-02-01 15:03:01,006 | INFO | Doing UNProductive work at:2026-02-01 15:03:00.984025
2026-02-01 15:03:01,053 | INFO | Doing UNProductive work at:2026-02-01 15:03:01.036263
2026-02-01 15:03:01,086 | INFO | Doing UNProductive work at:2026-02-01 15:03:01.060434
2026-02-01 15:03:01,118 | INFO | Doing UNProductive work at:2026-02-01 15:03:01.101644
2026-02-01 15:03:01,149 | INFO | Doing UNProductive work at:2026-02-01 15:03:01.126224
2026-02-01 15:03:01,181 | INFO | Doing UNProductive work at:2026-02-01 15:03:01.164435
2026-02-01 15:03:01,212 | INFO | Doing UNProductive work at:2026-02-01 15:03:01.190032
2026-02-01 15:03:01,259 | INFO | Doing UNProductive work at:2026-02-01 15:03:01.241243
2026-02-01 15:03:01,290 | INFO | Doing UNProductive work at:2026-02-01 15:03:01.267403
2026-02-01 15:03:01,322 | INFO | Doing UNProductive work at:2026-02-01 15:03:01.299038
2026-02-01 15:03:01,350 | INFO | Doing UNProductive work at:2026-02-01 15:03:01.330206
2026-02-01 15:03:01,382 | INFO | Doing UNProductive work at:2026-02-01 15:03:01.359370
2026-02-01 15:03:01,413 | INFO | Doing UNProductive work at:2026-02-01 15:03:01.390028
2026-02-01 15:03:01,461 | INFO | Doing UNProductive work at:2026-02-01 15:03:01.436220
2026-02-01 15:03:01,493 | INFO | Doing UNProductive work at:2026-02-01 15:03:01.469953
2026-02-01 15:03:01,523 | INFO | Doing UNProductive work at:2026-02-01 15:03:01.502546
2026-02-01 15:03:01,555 | INFO | Doing UNProductive work at:2026-02-01 15:03:01.532127
2026-02-01 15:03:01,586 | INFO | Doing UNProductive work at:2026-02-01 15:03:01.564337
2026-02-01 15:03:01,618 | INFO | Doing UNProductive work at:2026-02-01 15:03:01.594960
2026-02-01 15:03:01,649 | INFO | Doing UNProductive work at:2026-02-01 15:03:01.624087
2026-02-01 15:03:01,680 | INFO | Doing UNProductive work at:2026-02-01 15:03:01.657716
2026-02-01 15:03:01,712 | INFO | Doing UNProductive work at:2026-02-01 15:03:01.694899
2026-02-01 15:03:01,743 | INFO | Doing UNProductive work at:2026-02-01 15:03:01.722034
2026-02-01 15:03:01,792 | INFO | Doing UNProductive work at:2026-02-01 15:03:01.773859
2026-02-01 15:03:01,822 | INFO | Doing UNProductive work at:2026-02-01 15:03:01.800898
2026-02-01 15:03:01,854 | INFO | Doing UNProductive work at:2026-02-01 15:03:01.836076
2026-02-01 15:03:01,886 | INFO | Doing UNProductive work at:2026-02-01 15:03:01.861212
2026-02-01 15:03:01,916 | INFO | Doing UNProductive work at:2026-02-01 15:03:01.902368
2026-02-01 15:03:01,946 | INFO | Doing UNProductive work at:2026-02-01 15:03:01.924929
2026-02-01 15:03:01,977 | INFO | Doing UNProductive work at:2026-02-01 15:03:01.960060
2026-02-01 15:03:02,009 | INFO | Doing UNProductive work at:2026-02-01 15:03:01.986705
2026-02-01 15:03:02,055 | INFO | Doing UNProductive work at:2026-02-01 15:03:02.028841
2026-02-01 15:03:02,089 | INFO | Doing UNProductive work at:2026-02-01 15:03:02.061982
2026-02-01 15:03:02,119 | INFO | Doing UNProductive work at:2026-02-01 15:03:02.097587
2026-02-01 15:03:02,151 | INFO | Doing UNProductive work at:2026-02-01 15:03:02.127734
2026-02-01 15:03:02,182 | INFO | Doing UNProductive work at:2026-02-01 15:03:02.159333
2026-02-01 15:03:02,215 | INFO | Doing UNProductive work at:2026-02-01 15:03:02.190474
2026-02-01 15:03:02,245 | INFO | Doing UNProductive work at:2026-02-01 15:03:02.223607
2026-02-01 15:03:02,280 | INFO | Doing UNProductive work at:2026-02-01 15:03:02.254173
2026-02-01 15:03:02,326 | INFO | Doing UNProductive work at:2026-02-01 15:03:02.304904
2026-02-01 15:03:02,358 | INFO | Doing UNProductive work at:2026-02-01 15:03:02.334497
2026-02-01 15:03:02,377 | INFO | Doing UNProductive work at:2026-02-01 15:03:02.365639
2026-02-01 15:03:02,403 | INFO | Doing UNProductive work at:2026-02-01 15:03:02.385224
2026-02-01 15:03:02,453 | INFO | Doing UNProductive work at:2026-02-01 15:03:02.428433
2026-02-01 15:03:02,484 | INFO | Doing UNProductive work at:2026-02-01 15:03:02.460575
2026-02-01 15:03:02,512 | INFO | Doing UNProductive work at:2026-02-01 15:03:02.492175
2026-02-01 15:03:02,544 | INFO | Doing UNProductive work at:2026-02-01 15:03:02.521336
2026-02-01 15:03:02,568 | INFO | Doing UNProductive work at:2026-02-01 15:03:02.555958
2026-02-01 15:03:02,592 | INFO | Doing UNProductive work at:2026-02-01 15:03:02.576553
2026-02-01 15:03:02,639 | INFO | Doing UNProductive work at:2026-02-01 15:03:02.618186
2026-02-01 15:03:02,669 | INFO | Doing UNProductive work at:2026-02-01 15:03:02.647816
2026-02-01 15:03:02,703 | INFO | Doing UNProductive work at:2026-02-01 15:03:02.686570
2026-02-01 15:03:02,722 | INFO | Doing UNProductive work at:2026-02-01 15:03:02.711120
2026-02-01 15:03:02,764 | INFO | Doing UNProductive work at:2026-02-01 15:03:02.749757
2026-02-01 15:03:02,795 | INFO | Doing UNProductive work at:2026-02-01 15:03:02.772446
2026-02-01 15:03:02,858 | INFO | Doing UNProductive work at:2026-02-01 15:03:02.830644
2026-02-01 15:03:02,876 | INFO | Doing UNProductive work at:2026-02-01 15:03:02.864812
2026-02-01 15:03:02,919 | INFO | Doing UNProductive work at:2026-02-01 15:03:02.894443
2026-02-01 15:03:02,951 | INFO | Doing UNProductive work at:2026-02-01 15:03:02.927604
2026-02-01 15:03:02,981 | INFO | Doing UNProductive work at:2026-02-01 15:03:02.959743
2026-02-01 15:03:03,013 | INFO | Doing UNProductive work at:2026-02-01 15:03:02.989425
2026-02-01 15:03:03,044 | INFO | Doing UNProductive work at:2026-02-01 15:03:03.021590
2026-02-01 15:03:03,075 | INFO | Doing UNProductive work at:2026-02-01 15:03:03.052083
2026-02-01 15:03:03,106 | INFO | Doing UNProductive work at:2026-02-01 15:03:03.087246
2026-02-01 15:03:03,137 | INFO | Doing UNProductive work at:2026-02-01 15:03:03.114312
2026-02-01 15:03:03,168 | INFO | Doing UNProductive work at:2026-02-01 15:03:03.148876
2026-02-01 15:03:03,199 | INFO | Doing UNProductive work at:2026-02-01 15:03:03.177191
2026-02-01 15:03:03,231 | INFO | Doing UNProductive work at:2026-02-01 15:03:03.212742
2026-02-01 15:03:03,262 | INFO | Doing UNProductive work at:2026-02-01 15:03:03.239338
2026-02-01 15:03:03,292 | INFO | Doing UNProductive work at:2026-02-01 15:03:03.280030
2026-02-01 15:03:03,323 | INFO | Doing UNProductive work at:2026-02-01 15:03:03.300614
2026-02-01 15:03:03,370 | INFO | Doing UNProductive work at:2026-02-01 15:03:03.355865
2026-02-01 15:03:03,402 | INFO | Doing UNProductive work at:2026-02-01 15:03:03.378868
2026-02-01 15:03:03,434 | INFO | Doing UNProductive work at:2026-02-01 15:03:03.420059
2026-02-01 15:03:03,464 | INFO | Doing UNProductive work at:2026-02-01 15:03:03.442094
2026-02-01 15:03:03,512 | INFO | Doing UNProductive work at:2026-02-01 15:03:03.488436
2026-02-01 15:03:03,544 | INFO | Doing UNProductive work at:2026-02-01 15:03:03.518590
2026-02-01 15:03:03,575 | INFO | Doing UNProductive work at:2026-02-01 15:03:03.552185
2026-02-01 15:03:03,606 | INFO | Doing UNProductive work at:2026-02-01 15:03:03.583298
2026-02-01 15:03:03,638 | INFO | Doing UNProductive work at:2026-02-01 15:03:03.614908
2026-02-01 15:03:03,668 | INFO | Doing UNProductive work at:2026-02-01 15:03:03.646549
2026-02-01 15:03:03,698 | INFO | Doing UNProductive work at:2026-02-01 15:03:03.675235
2026-02-01 15:03:03,729 | INFO | Doing UNProductive work at:2026-02-01 15:03:03.705867
2026-02-01 15:03:03,751 | INFO | Doing UNProductive work at:2026-02-01 15:03:03.740497
2026-02-01 15:03:03,824 | INFO | Doing UNProductive work at:2026-02-01 15:03:03.800841
2026-02-01 15:03:03,856 | INFO | Doing UNProductive work at:2026-02-01 15:03:03.831512
2026-02-01 15:03:03,886 | INFO | Doing UNProductive work at:2026-02-01 15:03:03.863686
2026-02-01 15:03:03,920 | INFO | Doing UNProductive work at:2026-02-01 15:03:03.894319
2026-02-01 15:03:03,952 | INFO | Doing UNProductive work at:2026-02-01 15:03:03.928490
2026-02-01 15:03:03,974 | INFO | Doing UNProductive work at:2026-02-01 15:03:03.960084
2026-02-01 15:03:03,996 | INFO | Doing UNProductive work at:2026-02-01 15:03:03.982195
2026-02-01 15:03:04,032 | INFO | Doing UNProductive work at:2026-02-01 15:03:04.012813
2026-02-01 15:03:04,058 | INFO | Doing UNProductive work at:2026-02-01 15:03:04.040422
2026-02-01 15:03:04,092 | INFO | Doing UNProductive work at:2026-02-01 15:03:04.079627
2026-02-01 15:03:04,124 | INFO | Doing UNProductive work at:2026-02-01 15:03:04.101205
2026-02-01 15:03:04,158 | INFO | Doing UNProductive work at:2026-02-01 15:03:04.140882
2026-02-01 15:03:04,216 | INFO | Doing UNProductive work at:2026-02-01 15:03:04.204428
2026-02-01 15:03:04,249 | INFO | Doing UNProductive work at:2026-02-01 15:03:04.225009
2026-02-01 15:03:04,295 | INFO | Doing UNProductive work at:2026-02-01 15:03:04.269781
2026-02-01 15:03:04,324 | INFO | Doing UNProductive work at:2026-02-01 15:03:04.302374
2026-02-01 15:03:04,346 | INFO | Doing UNProductive work at:2026-02-01 15:03:04.329980
2026-02-01 15:03:04,372 | INFO | Doing UNProductive work at:2026-02-01 15:03:04.354611
2026-02-01 15:03:04,409 | INFO | Doing UNProductive work at:2026-02-01 15:03:04.379791
2026-02-01 15:03:04,436 | INFO | Doing UNProductive work at:2026-02-01 15:03:04.417391
2026-02-01 15:03:04,469 | INFO | Doing UNProductive work at:2026-02-01 15:03:04.444021
2026-02-01 15:03:04,502 | INFO | Doing UNProductive work at:2026-02-01 15:03:04.478750
2026-02-01 15:03:04,530 | INFO | Doing UNProductive work at:2026-02-01 15:03:04.510350
2026-02-01 15:03:04,562 | INFO | Doing UNProductive work at:2026-02-01 15:03:04.539982
2026-02-01 15:03:04,624 | INFO | Doing UNProductive work at:2026-02-01 15:03:04.606349
2026-02-01 15:03:04,654 | INFO | Doing UNProductive work at:2026-02-01 15:03:04.633933
2026-02-01 15:03:04,685 | INFO | Doing UNProductive work at:2026-02-01 15:03:04.671688
2026-02-01 15:03:04,717 | INFO | Doing UNProductive work at:2026-02-01 15:03:04.694723
2026-02-01 15:03:04,748 | INFO | Doing UNProductive work at:2026-02-01 15:03:04.732864
2026-02-01 15:03:04,779 | INFO | Doing UNProductive work at:2026-02-01 15:03:04.756449
2026-02-01 15:03:04,812 | INFO | Doing UNProductive work at:2026-02-01 15:03:04.797582
2026-02-01 15:03:04,843 | INFO | Doing UNProductive work at:2026-02-01 15:03:04.820721
2026-02-01 15:03:04,905 | INFO | Doing UNProductive work at:2026-02-01 15:03:04.876488
2026-02-01 15:03:04,934 | INFO | Doing UNProductive work at:2026-02-01 15:03:04.913087
2026-02-01 15:03:04,966 | INFO | Doing UNProductive work at:2026-02-01 15:03:04.942728
2026-02-01 15:03:04,996 | INFO | Doing UNProductive work at:2026-02-01 15:03:04.974416
2026-02-01 15:03:05,027 | INFO | Doing UNProductive work at:2026-02-01 15:03:05.005019
2026-02-01 15:03:05,060 | INFO | Doing UNProductive work at:2026-02-01 15:03:05.036648
2026-02-01 15:03:05,090 | INFO | Doing UNProductive work at:2026-02-01 15:03:05.071784
2026-02-01 15:03:05,110 | INFO | Doing UNProductive work at:2026-02-01 15:03:05.099400
2026-02-01 15:03:05,144 | INFO | Doing UNProductive work at:2026-02-01 15:03:05.132575
2026-02-01 15:03:05,164 | INFO | Doing UNProductive work at:2026-02-01 15:03:05.152161
2026-02-01 15:03:05,217 | INFO | Doing UNProductive work at:2026-02-01 15:03:05.193337
2026-02-01 15:03:05,245 | INFO | Doing UNProductive work at:2026-02-01 15:03:05.225515
2026-02-01 15:03:05,278 | INFO | Doing UNProductive work at:2026-02-01 15:03:05.262657
2026-02-01 15:03:05,308 | INFO | Doing UNProductive work at:2026-02-01 15:03:05.286258
2026-02-01 15:03:05,341 | INFO | Doing UNProductive work at:2026-02-01 15:03:05.325381
2026-02-01 15:03:05,370 | INFO | Doing UNProductive work at:2026-02-01 15:03:05.349470
2026-02-01 15:03:05,421 | INFO | Doing UNProductive work at:2026-02-01 15:03:05.405764
2026-02-01 15:03:05,452 | INFO | Doing UNProductive work at:2026-02-01 15:03:05.429340
2026-02-01 15:03:05,498 | INFO | Doing UNProductive work at:2026-02-01 15:03:05.471677
2026-02-01 15:03:05,529 | INFO | Doing UNProductive work at:2026-02-01 15:03:05.506276
2026-02-01 15:03:05,562 | INFO | Doing UNProductive work at:2026-02-01 15:03:05.537909
2026-02-01 15:03:05,592 | INFO | Doing UNProductive work at:2026-02-01 15:03:05.570588
2026-02-01 15:03:05,612 | INFO | Doing UNProductive work at:2026-02-01 15:03:05.600634
2026-02-01 15:03:05,638 | INFO | Doing UNProductive work at:2026-02-01 15:03:05.621196
2026-02-01 15:03:05,687 | INFO | Doing UNProductive work at:2026-02-01 15:03:05.661957
2026-02-01 15:03:05,718 | INFO | Doing UNProductive work at:2026-02-01 15:03:05.695585
2026-02-01 15:03:05,750 | INFO | Doing UNProductive work at:2026-02-01 15:03:05.726730
2026-02-01 15:03:05,782 | INFO | Doing UNProductive work at:2026-02-01 15:03:05.759310
2026-02-01 15:03:05,813 | INFO | Doing UNProductive work at:2026-02-01 15:03:05.790475
2026-02-01 15:03:05,844 | INFO | Doing UNProductive work at:2026-02-01 15:03:05.821648
2026-02-01 15:03:05,875 | INFO | Doing UNProductive work at:2026-02-01 15:03:05.854231
2026-02-01 15:03:05,905 | INFO | Doing UNProductive work at:2026-02-01 15:03:05.883373
2026-02-01 15:03:05,953 | INFO | Doing UNProductive work at:2026-02-01 15:03:05.934573
2026-02-01 15:03:05,986 | INFO | Doing UNProductive work at:2026-02-01 15:03:05.961162
2026-02-01 15:03:06,013 | INFO | Doing UNProductive work at:2026-02-01 15:03:05.993314
2026-02-01 15:03:06,052 | INFO | Doing UNProductive work at:2026-02-01 15:03:06.022495
2026-02-01 15:03:06,080 | INFO | Doing UNProductive work at:2026-02-01 15:03:06.059078
2026-02-01 15:03:06,112 | INFO | Doing UNProductive work at:2026-02-01 15:03:06.088233
2026-02-01 15:03:06,143 | INFO | Doing UNProductive work at:2026-02-01 15:03:06.126381
2026-02-01 15:03:06,175 | INFO | Doing UNProductive work at:2026-02-01 15:03:06.150954
2026-02-01 15:03:06,205 | INFO | Doing UNProductive work at:2026-02-01 15:03:06.189152
2026-02-01 15:03:06,225 | INFO | Doing UNProductive work at:2026-02-01 15:03:06.213770
2026-02-01 15:03:06,265 | INFO | Doing UNProductive work at:2026-02-01 15:03:06.254985
2026-02-01 15:03:06,284 | INFO | Doing UNProductive work at:2026-02-01 15:03:06.273087
2026-02-01 15:03:06,332 | INFO | Doing UNProductive work at:2026-02-01 15:03:06.313707
2026-02-01 15:03:06,351 | INFO | Doing UNProductive work at:2026-02-01 15:03:06.340309
2026-02-01 15:03:06,397 | INFO | Doing UNProductive work at:2026-02-01 15:03:06.380013
2026-02-01 15:03:06,417 | INFO | Doing UNProductive work at:2026-02-01 15:03:06.404646
2026-02-01 15:03:06,488 | INFO | Doing UNProductive work at:2026-02-01 15:03:06.462342
2026-02-01 15:03:06,521 | INFO | Doing UNProductive work at:2026-02-01 15:03:06.496837
2026-02-01 15:03:06,552 | INFO | Doing UNProductive work at:2026-02-01 15:03:06.529981
2026-02-01 15:03:06,584 | INFO | Doing UNProductive work at:2026-02-01 15:03:06.561146
2026-02-01 15:03:06,613 | INFO | Doing UNProductive work at:2026-02-01 15:03:06.592837
2026-02-01 15:03:06,647 | INFO | Doing UNProductive work at:2026-02-01 15:03:06.621975
2026-02-01 15:03:06,676 | INFO | Doing UNProductive work at:2026-02-01 15:03:06.654610
2026-02-01 15:03:06,707 | INFO | Doing UNProductive work at:2026-02-01 15:03:06.685754
2026-02-01 15:03:06,739 | INFO | Doing UNProductive work at:2026-02-01 15:03:06.717354
2026-02-01 15:03:06,759 | INFO | Doing UNProductive work at:2026-02-01 15:03:06.747983
2026-02-01 15:03:06,801 | INFO | Doing UNProductive work at:2026-02-01 15:03:06.781732
2026-02-01 15:03:06,835 | INFO | Doing UNProductive work at:2026-02-01 15:03:06.809333
2026-02-01 15:03:06,865 | INFO | Doing UNProductive work at:2026-02-01 15:03:06.847966
2026-02-01 15:03:06,896 | INFO | Doing UNProductive work at:2026-02-01 15:03:06.871617
2026-02-01 15:03:06,927 | INFO | Doing UNProductive work at:2026-02-01 15:03:06.910226
2026-02-01 15:03:06,960 | INFO | Doing UNProductive work at:2026-02-01 15:03:06.935801
2026-02-01 15:03:06,999 | INFO | Doing UNProductive work at:2026-02-01 15:03:06.989048
2026-02-01 15:03:07,021 | INFO | Doing UNProductive work at:2026-02-01 15:03:07.007630
2026-02-01 15:03:07,069 | INFO | Doing UNProductive work at:2026-02-01 15:03:07.054842
2026-02-01 15:03:07,100 | INFO | Doing UNProductive work at:2026-02-01 15:03:07.078011
2026-02-01 15:03:07,132 | INFO | Doing UNProductive work at:2026-02-01 15:03:07.117180
2026-02-01 15:03:07,163 | INFO | Doing UNProductive work at:2026-02-01 15:03:07.140274
2026-02-01 15:03:07,194 | INFO | Doing UNProductive work at:2026-02-01 15:03:07.181999
2026-02-01 15:03:07,225 | INFO | Doing UNProductive work at:2026-02-01 15:03:07.201620
2026-02-01 15:03:07,272 | INFO | Doing UNProductive work at:2026-02-01 15:03:07.248220
2026-02-01 15:03:07,303 | INFO | Doing UNProductive work at:2026-02-01 15:03:07.279945
2026-02-01 15:03:07,334 | INFO | Doing UNProductive work at:2026-02-01 15:03:07.311568
2026-02-01 15:03:07,367 | INFO | Doing UNProductive work at:2026-02-01 15:03:07.342200
2026-02-01 15:03:07,396 | INFO | Doing UNProductive work at:2026-02-01 15:03:07.375934
2026-02-01 15:03:07,475 | INFO | Doing UNProductive work at:2026-02-01 15:03:07.451725
2026-02-01 15:03:07,507 | INFO | Doing UNProductive work at:2026-02-01 15:03:07.483205
2026-02-01 15:03:07,537 | INFO | Doing UNProductive work at:2026-02-01 15:03:07.511800
2026-02-01 15:03:07,569 | INFO | Doing UNProductive work at:2026-02-01 15:03:07.545427
2026-02-01 15:03:07,599 | INFO | Doing UNProductive work at:2026-02-01 15:03:07.578155
2026-02-01 15:03:07,632 | INFO | Doing UNProductive work at:2026-02-01 15:03:07.607373
2026-02-01 15:03:07,665 | INFO | Doing UNProductive work at:2026-02-01 15:03:07.640376
2026-02-01 15:03:07,694 | INFO | Doing UNProductive work at:2026-02-01 15:03:07.672114
2026-02-01 15:03:07,726 | INFO | Doing UNProductive work at:2026-02-01 15:03:07.701738
2026-02-01 15:03:07,756 | INFO | Doing UNProductive work at:2026-02-01 15:03:07.734336
2026-02-01 15:03:07,788 | INFO | Doing UNProductive work at:2026-02-01 15:03:07.765566
2026-02-01 15:03:07,818 | INFO | Doing UNProductive work at:2026-02-01 15:03:07.796201
2026-02-01 15:03:07,855 | INFO | Doing UNProductive work at:2026-02-01 15:03:07.827378
2026-02-01 15:03:07,906 | INFO | Doing Productive work at:2026-02-01 15:03:07.871137
2026-02-01 15:03:07,936 | INFO | Doing Productive work at:2026-02-01 15:03:07.914307
2026-02-01 15:03:07,966 | INFO | Doing Productive work at:2026-02-01 15:03:07.944390
2026-02-01 15:03:07,999 | INFO | Doing Productive work at:2026-02-01 15:03:07.974569
2026-02-01 15:03:08,029 | INFO | Doing Productive work at:2026-02-01 15:03:08.008161
2026-02-01 15:03:08,065 | INFO | Doing Productive work at:2026-02-01 15:03:08.036776
2026-02-01 15:03:08,093 | INFO | Doing Productive work at:2026-02-01 15:03:08.072783
2026-02-01 15:03:08,124 | INFO | Doing Productive work at:2026-02-01 15:03:08.102038
2026-02-01 15:03:08,156 | INFO | Doing Productive work at:2026-02-01 15:03:08.133154
2026-02-01 15:03:08,189 | INFO | Doing Productive work at:2026-02-01 15:03:08.164210
2026-02-01 15:03:08,235 | INFO | Doing Productive work at:2026-02-01 15:03:08.205652
2026-02-01 15:03:08,266 | INFO | Doing Productive work at:2026-02-01 15:03:08.241618
2026-02-01 15:03:08,295 | INFO | Doing Productive work at:2026-02-01 15:03:08.274352
2026-02-01 15:03:08,327 | INFO | Doing Productive work at:2026-02-01 15:03:08.302722
2026-02-01 15:03:08,373 | INFO | Doing Productive work at:2026-02-01 15:03:08.344001
2026-02-01 15:03:08,404 | INFO | Doing Productive work at:2026-02-01 15:03:08.382153
2026-02-01 15:03:08,437 | INFO | Doing Productive work at:2026-02-01 15:03:08.408702
2026-02-01 15:03:08,469 | INFO | Doing Productive work at:2026-02-01 15:03:08.445303
2026-02-01 15:03:08,499 | INFO | Doing Productive work at:2026-02-01 15:03:08.475008
2026-02-01 15:03:08,529 | INFO | Doing Productive work at:2026-02-01 15:03:08.506406
2026-02-01 15:03:08,561 | INFO | Doing Productive work at:2026-02-01 15:03:08.537766
2026-02-01 15:03:08,589 | INFO | Doing Productive work at:2026-02-01 15:03:08.567868
2026-02-01 15:03:08,623 | INFO | Doing Productive work at:2026-02-01 15:03:08.598331
2026-02-01 15:03:08,653 | INFO | Doing Productive work at:2026-02-01 15:03:08.631043
2026-02-01 15:03:08,686 | INFO | Doing Productive work at:2026-02-01 15:03:08.660301
2026-02-01 15:03:08,716 | INFO | Doing Productive work at:2026-02-01 15:03:08.694158
2026-02-01 15:03:08,747 | INFO | Doing Productive work at:2026-02-01 15:03:08.724151
2026-02-01 15:03:08,793 | INFO | Doing Productive work at:2026-02-01 15:03:08.764859
2026-02-01 15:03:08,825 | INFO | Doing Productive work at:2026-02-01 15:03:08.800614
2026-02-01 15:03:08,855 | INFO | Doing Productive work at:2026-02-01 15:03:08.833578
2026-02-01 15:03:08,889 | INFO | Doing Productive work at:2026-02-01 15:03:08.863228
2026-02-01 15:03:08,917 | INFO | Doing Productive work at:2026-02-01 15:03:08.896295
2026-02-01 15:03:08,950 | INFO | Doing Productive work at:2026-02-01 15:03:08.925626
2026-02-01 15:03:08,994 | INFO | Doing Productive work at:2026-02-01 15:03:08.973583
2026-02-01 15:03:09,026 | INFO | Doing Productive work at:2026-02-01 15:03:09.001822
2026-02-01 15:03:09,056 | INFO | Doing Productive work at:2026-02-01 15:03:09.035272
2026-02-01 15:03:09,087 | INFO | Doing Productive work at:2026-02-01 15:03:09.063258
2026-02-01 15:03:09,133 | INFO | Doing Productive work at:2026-02-01 15:03:09.104695
2026-02-01 15:03:09,159 | INFO | Doing Productive work at:2026-02-01 15:03:09.141118
2026-02-01 15:03:09,196 | INFO | Doing Productive work at:2026-02-01 15:03:09.176709
2026-02-01 15:03:09,227 | INFO | Doing Productive work at:2026-02-01 15:03:09.203278
2026-02-01 15:03:09,259 | INFO | Doing Productive work at:2026-02-01 15:03:09.232816
2026-02-01 15:03:09,282 | INFO | Doing Productive work at:2026-02-01 15:03:09.264859
2026-02-01 15:03:09,320 | INFO | Doing Productive work at:2026-02-01 15:03:09.288973
2026-02-01 15:03:09,351 | INFO | Doing Productive work at:2026-02-01 15:03:09.326900
2026-02-01 15:03:09,383 | INFO | Doing Productive work at:2026-02-01 15:03:09.359813
2026-02-01 15:03:09,414 | INFO | Doing Productive work at:2026-02-01 15:03:09.390047
2026-02-01 15:03:09,446 | INFO | Doing Productive work at:2026-02-01 15:03:09.423527
2026-02-01 15:03:09,477 | INFO | Doing Productive work at:2026-02-01 15:03:09.455004
2026-02-01 15:03:09,508 | INFO | Doing Productive work at:2026-02-01 15:03:09.485426
2026-02-01 15:03:09,539 | INFO | Doing Productive work at:2026-02-01 15:03:09.518442
2026-02-01 15:03:09,563 | INFO | Doing UNProductive work at:2026-02-01 15:03:09.546441
2026-02-01 15:03:09,596 | INFO | Doing UNProductive work at:2026-02-01 15:03:09.580807
2026-02-01 15:03:09,626 | INFO | Doing UNProductive work at:2026-02-01 15:03:09.603936
2026-02-01 15:03:09,683 | INFO | Doing UNProductive work at:2026-02-01 15:03:09.660750
2026-02-01 15:03:09,715 | INFO | Doing Productive work at:2026-02-01 15:03:09.690034
2026-02-01 15:03:09,761 | INFO | Doing Productive work at:2026-02-01 15:03:09.728433
2026-02-01 15:03:09,791 | INFO | Doing Productive work at:2026-02-01 15:03:09.769834
2026-02-01 15:03:09,819 | INFO | Doing Productive work at:2026-02-01 15:03:09.801249
2026-02-01 15:03:09,850 | INFO | Doing Productive work at:2026-02-01 15:03:09.826113
2026-02-01 15:03:09,897 | INFO | Doing Productive work at:2026-02-01 15:03:09.865893
2026-02-01 15:03:09,932 | INFO | Doing Productive work at:2026-02-01 15:03:09.906121
2026-02-01 15:03:09,962 | INFO | Doing Productive work at:2026-02-01 15:03:09.939167
2026-02-01 15:03:09,986 | INFO | Doing Productive work at:2026-02-01 15:03:09.968156
2026-02-01 15:03:10,024 | INFO | Doing Productive work at:2026-02-01 15:03:09.996509
2026-02-01 15:03:10,055 | INFO | Doing Productive work at:2026-02-01 15:03:10.030830
2026-02-01 15:03:10,100 | INFO | Doing Productive work at:2026-02-01 15:03:10.073675
2026-02-01 15:03:10,132 | INFO | Doing Productive work at:2026-02-01 15:03:10.108938
2026-02-01 15:03:10,164 | INFO | Doing Productive work at:2026-02-01 15:03:10.138696
2026-02-01 15:03:10,194 | INFO | Doing Productive work at:2026-02-01 15:03:10.169135
2026-02-01 15:03:10,226 | INFO | Doing Productive work at:2026-02-01 15:03:10.199753
2026-02-01 15:03:10,259 | INFO | Doing Productive work at:2026-02-01 15:03:10.231510
2026-02-01 15:03:10,288 | INFO | Doing Productive work at:2026-02-01 15:03:10.263354
2026-02-01 15:03:10,321 | INFO | Doing Productive work at:2026-02-01 15:03:10.295407
2026-02-01 15:03:10,352 | INFO | Doing Productive work at:2026-02-01 15:03:10.327117
2026-02-01 15:03:10,385 | INFO | Doing Productive work at:2026-02-01 15:03:10.360313
2026-02-01 15:03:10,407 | INFO | Doing Productive work at:2026-02-01 15:03:10.391665
2026-02-01 15:03:10,430 | INFO | Doing Productive work at:2026-02-01 15:03:10.414100
2026-02-01 15:03:10,460 | INFO | Doing Productive work at:2026-02-01 15:03:10.438321
2026-02-01 15:03:10,492 | INFO | Doing Productive work at:2026-02-01 15:03:10.466916
2026-02-01 15:03:10,522 | INFO | Doing Productive work at:2026-02-01 15:03:10.498840
2026-02-01 15:03:10,553 | INFO | Doing Productive work at:2026-02-01 15:03:10.528761
2026-02-01 15:03:10,600 | INFO | Doing Productive work at:2026-02-01 15:03:10.571716
2026-02-01 15:03:10,632 | INFO | Doing Productive work at:2026-02-01 15:03:10.608546
2026-02-01 15:03:10,663 | INFO | Doing Productive work at:2026-02-01 15:03:10.641042
2026-02-01 15:03:10,694 | INFO | Doing Productive work at:2026-02-01 15:03:10.670926
2026-02-01 15:03:10,726 | INFO | Doing Productive work at:2026-02-01 15:03:10.699517
2026-02-01 15:03:10,756 | INFO | Doing Productive work at:2026-02-01 15:03:10.733864
2026-02-01 15:03:10,802 | INFO | Doing Productive work at:2026-02-01 15:03:10.781524
2026-02-01 15:03:10,834 | INFO | Doing Productive work at:2026-02-01 15:03:10.810086
2026-02-01 15:03:10,867 | INFO | Doing Productive work at:2026-02-01 15:03:10.839486
2026-02-01 15:03:10,897 | INFO | Doing Productive work at:2026-02-01 15:03:10.873757
2026-02-01 15:03:10,928 | INFO | Doing Productive work at:2026-02-01 15:03:10.905458
2026-02-01 15:03:10,961 | INFO | Doing Productive work at:2026-02-01 15:03:10.936454
2026-02-01 15:03:11,006 | INFO | Doing Productive work at:2026-02-01 15:03:10.974516
2026-02-01 15:03:11,039 | INFO | Doing Productive work at:2026-02-01 15:03:11.015236
2026-02-01 15:03:11,069 | INFO | Doing Productive work at:2026-02-01 15:03:11.047782
2026-02-01 15:03:11,101 | INFO | Doing Productive work at:2026-02-01 15:03:11.075668
2026-02-01 15:03:11,133 | INFO | Doing Productive work at:2026-02-01 15:03:11.109001
2026-02-01 15:03:11,162 | INFO | Doing Productive work at:2026-02-01 15:03:11.141552
2026-02-01 15:03:11,194 | INFO | Doing Productive work at:2026-02-01 15:03:11.169819
2026-02-01 15:03:11,223 | INFO | Doing Productive work at:2026-02-01 15:03:11.201594
2026-02-01 15:03:11,255 | INFO | Doing Productive work at:2026-02-01 15:03:11.231213
2026-02-01 15:03:11,287 | INFO | Doing Productive work at:2026-02-01 15:03:11.263883
2026-02-01 15:03:11,319 | INFO | Doing Productive work at:2026-02-01 15:03:11.295618
2026-02-01 15:03:11,351 | INFO | Doing Productive work at:2026-02-01 15:03:11.325620
2026-02-01 15:03:11,395 | INFO | Doing Productive work at:2026-02-01 15:03:11.372941
2026-02-01 15:03:11,427 | INFO | Doing Productive work at:2026-02-01 15:03:11.404101
2026-02-01 15:03:11,459 | INFO | Doing Productive work at:2026-02-01 15:03:11.436721
2026-02-01 15:03:11,488 | INFO | Doing Productive work at:2026-02-01 15:03:11.469452
2026-02-01 15:03:11,520 | INFO | Doing Productive work at:2026-02-01 15:03:11.501001
2026-02-01 15:03:11,552 | INFO | Doing Productive work at:2026-02-01 15:03:11.533597
2026-02-01 15:03:11,583 | INFO | Doing Productive work at:2026-02-01 15:03:11.563771
2026-02-01 15:03:11,614 | INFO | Doing Productive work at:2026-02-01 15:03:11.590365
2026-02-01 15:03:11,648 | INFO | Doing Productive work at:2026-02-01 15:03:11.622955
2026-02-01 15:03:11,676 | INFO | Doing Productive work at:2026-02-01 15:03:11.655804
2026-02-01 15:03:11,707 | INFO | Doing Productive work at:2026-02-01 15:03:11.684828
2026-02-01 15:03:11,739 | INFO | Doing Productive work at:2026-02-01 15:03:11.715105
2026-02-01 15:03:11,790 | INFO | Doing Productive work at:2026-02-01 15:03:11.774109
2026-02-01 15:03:11,834 | INFO | Doing Productive work at:2026-02-01 15:03:11.807824
2026-02-01 15:03:11,863 | INFO | Doing Productive work at:2026-02-01 15:03:11.843126
2026-02-01 15:03:11,894 | INFO | Doing Productive work at:2026-02-01 15:03:11.871967
2026-02-01 15:03:11,921 | INFO | Doing UNProductive work at:2026-02-01 15:03:11.902093
2026-02-01 15:03:11,949 | INFO | Doing UNProductive work at:2026-02-01 15:03:11.932589
2026-02-01 15:03:11,981 | INFO | Doing UNProductive work at:2026-02-01 15:03:11.966750
2026-02-01 15:03:12,011 | INFO | Doing UNProductive work at:2026-02-01 15:03:11.989123
2026-02-01 15:03:12,043 | INFO | Doing UNProductive work at:2026-02-01 15:03:12.019430
2026-02-01 15:03:12,074 | INFO | Doing UNProductive work at:2026-02-01 15:03:12.051031
2026-02-01 15:03:12,106 | INFO | Doing UNProductive work at:2026-02-01 15:03:12.082312
2026-02-01 15:03:12,139 | INFO | Doing UNProductive work at:2026-02-01 15:03:12.114110
2026-02-01 15:03:12,168 | INFO | Doing UNProductive work at:2026-02-01 15:03:12.146095
2026-02-01 15:03:12,215 | INFO | Doing UNProductive work at:2026-02-01 15:03:12.205073
2026-02-01 15:03:12,263 | INFO | Doing UNProductive work at:2026-02-01 15:03:12.237031
2026-02-01 15:03:12,296 | INFO | Doing UNProductive work at:2026-02-01 15:03:12.271577
2026-02-01 15:03:12,327 | INFO | Doing UNProductive work at:2026-02-01 15:03:12.304175
2026-02-01 15:03:12,358 | INFO | Doing UNProductive work at:2026-02-01 15:03:12.335774
2026-02-01 15:03:12,389 | INFO | Doing UNProductive work at:2026-02-01 15:03:12.366357
2026-02-01 15:03:12,420 | INFO | Doing UNProductive work at:2026-02-01 15:03:12.397195
2026-02-01 15:03:12,452 | INFO | Doing UNProductive work at:2026-02-01 15:03:12.428332
2026-02-01 15:03:12,484 | INFO | Doing UNProductive work at:2026-02-01 15:03:12.460954
2026-02-01 15:03:12,514 | INFO | Doing UNProductive work at:2026-02-01 15:03:12.492155
2026-02-01 15:03:12,548 | INFO | Doing UNProductive work at:2026-02-01 15:03:12.522295
2026-02-01 15:03:12,594 | INFO | Doing UNProductive work at:2026-02-01 15:03:12.572058
2026-02-01 15:03:12,626 | INFO | Doing UNProductive work at:2026-02-01 15:03:12.606679
2026-02-01 15:03:12,658 | INFO | Doing UNProductive work at:2026-02-01 15:03:12.639301
2026-02-01 15:03:12,688 | INFO | Doing UNProductive work at:2026-02-01 15:03:12.667466
2026-02-01 15:03:12,719 | INFO | Doing UNProductive work at:2026-02-01 15:03:12.700638
2026-02-01 15:03:12,751 | INFO | Doing UNProductive work at:2026-02-01 15:03:12.733270
2026-02-01 15:03:12,782 | INFO | Doing UNProductive work at:2026-02-01 15:03:12.764886
2026-02-01 15:03:12,828 | INFO | Doing UNProductive work at:2026-02-01 15:03:12.814189
2026-02-01 15:03:12,859 | INFO | Doing UNProductive work at:2026-02-01 15:03:12.836273
2026-02-01 15:03:12,891 | INFO | Doing UNProductive work at:2026-02-01 15:03:12.867999
2026-02-01 15:03:12,922 | INFO | Doing UNProductive work at:2026-02-01 15:03:12.899044
2026-02-01 15:03:12,953 | INFO | Doing UNProductive work at:2026-02-01 15:03:12.931181
2026-02-01 15:03:13,001 | INFO | Doing UNProductive work at:2026-02-01 15:03:12.975919
2026-02-01 15:03:13,033 | INFO | Doing UNProductive work at:2026-02-01 15:03:13.010513
2026-02-01 15:03:13,064 | INFO | Doing UNProductive work at:2026-02-01 15:03:13.042145
2026-02-01 15:03:13,095 | INFO | Doing UNProductive work at:2026-02-01 15:03:13.071923
2026-02-01 15:03:13,129 | INFO | Doing UNProductive work at:2026-02-01 15:03:13.102531
2026-02-01 15:03:13,157 | INFO | Doing UNProductive work at:2026-02-01 15:03:13.136152
2026-02-01 15:03:13,190 | INFO | Doing UNProductive work at:2026-02-01 15:03:13.165780
2026-02-01 15:03:13,238 | INFO | Doing UNProductive work at:2026-02-01 15:03:13.213484
2026-02-01 15:03:13,268 | INFO | Doing UNProductive work at:2026-02-01 15:03:13.246112
2026-02-01 15:03:13,281 | INFO | Doing UNProductive work at:2026-02-01 15:03:13.271850
2026-02-01 15:03:13,314 | INFO | Doing UNProductive work at:2026-02-01 15:03:13.289894
2026-02-01 15:03:13,336 | INFO | Doing UNProductive work at:2026-02-01 15:03:13.323027
2026-02-01 15:03:13,394 | INFO | Doing UNProductive work at:2026-02-01 15:03:13.372276
2026-02-01 15:03:13,428 | INFO | Doing UNProductive work at:2026-02-01 15:03:13.404908
2026-02-01 15:03:13,458 | INFO | Doing UNProductive work at:2026-02-01 15:03:13.437538
2026-02-01 15:03:13,490 | INFO | Doing UNProductive work at:2026-02-01 15:03:13.470682
2026-02-01 15:03:13,511 | INFO | Doing UNProductive work at:2026-02-01 15:03:13.500816
2026-02-01 15:03:13,550 | INFO | Doing UNProductive work at:2026-02-01 15:03:13.533418
2026-02-01 15:03:13,583 | INFO | Doing UNProductive work at:2026-02-01 15:03:13.565041
2026-02-01 15:03:13,613 | INFO | Doing UNProductive work at:2026-02-01 15:03:13.597222
2026-02-01 15:03:13,647 | INFO | Doing UNProductive work at:2026-02-01 15:03:13.622401
2026-02-01 15:03:13,677 | INFO | Doing UNProductive work at:2026-02-01 15:03:13.655029
2026-02-01 15:03:13,710 | INFO | Doing UNProductive work at:2026-02-01 15:03:13.686868
2026-02-01 15:03:13,742 | INFO | Doing UNProductive work at:2026-02-01 15:03:13.718429
2026-02-01 15:03:13,774 | INFO | Doing UNProductive work at:2026-02-01 15:03:13.750068
2026-02-01 15:03:13,834 | INFO | Doing UNProductive work at:2026-02-01 15:03:13.808346
2026-02-01 15:03:13,865 | INFO | Doing UNProductive work at:2026-02-01 15:03:13.842982
2026-02-01 15:03:13,895 | INFO | Doing UNProductive work at:2026-02-01 15:03:13.871675
2026-02-01 15:03:13,914 | INFO | Doing UNProductive work at:2026-02-01 15:03:13.904269
2026-02-01 15:03:13,959 | INFO | Doing UNProductive work at:2026-02-01 15:03:13.933823
2026-02-01 15:03:13,988 | INFO | Doing UNProductive work at:2026-02-01 15:03:13.967987
2026-02-01 15:03:14,008 | INFO | Doing UNProductive work at:2026-02-01 15:03:13.997584
2026-02-01 15:03:14,035 | INFO | Doing UNProductive work at:2026-02-01 15:03:14.016144
2026-02-01 15:03:14,055 | INFO | Doing UNProductive work at:2026-02-01 15:03:14.044758
2026-02-01 15:03:14,098 | INFO | Doing UNProductive work at:2026-02-01 15:03:14.078460
2026-02-01 15:03:14,129 | INFO | Doing UNProductive work at:2026-02-01 15:03:14.109059
2026-02-01 15:03:14,193 | INFO | Doing UNProductive work at:2026-02-01 15:03:14.172397
2026-02-01 15:03:14,224 | INFO | Doing UNProductive work at:2026-02-01 15:03:14.205042
2026-02-01 15:03:14,254 | INFO | Doing UNProductive work at:2026-02-01 15:03:14.236672
2026-02-01 15:03:14,285 | INFO | Doing UNProductive work at:2026-02-01 15:03:14.267813
2026-02-01 15:03:14,316 | INFO | Doing UNProductive work at:2026-02-01 15:03:14.302002
2026-02-01 15:03:14,347 | INFO | Doing UNProductive work at:2026-02-01 15:03:14.333578
2026-02-01 15:03:14,379 | INFO | Doing UNProductive work at:2026-02-01 15:03:14.365731
2026-02-01 15:03:14,410 | INFO | Doing UNProductive work at:2026-02-01 15:03:14.397373
2026-02-01 15:03:14,443 | INFO | Doing UNProductive work at:2026-02-01 15:03:14.419540
2026-02-01 15:03:14,474 | INFO | Doing UNProductive work at:2026-02-01 15:03:14.452128
2026-02-01 15:03:14,504 | INFO | Doing UNProductive work at:2026-02-01 15:03:14.481265
2026-02-01 15:03:14,535 | INFO | Doing UNProductive work at:2026-02-01 15:03:14.512893
2026-02-01 15:03:14,566 | INFO | Doing UNProductive work at:2026-02-01 15:03:14.543527
2026-02-01 15:03:14,630 | INFO | Doing UNProductive work at:2026-02-01 15:03:14.604508
2026-02-01 15:03:14,661 | INFO | Doing UNProductive work at:2026-02-01 15:03:14.638085
2026-02-01 15:03:14,693 | INFO | Doing UNProductive work at:2026-02-01 15:03:14.667885
2026-02-01 15:03:14,723 | INFO | Doing UNProductive work at:2026-02-01 15:03:14.702323
2026-02-01 15:03:14,754 | INFO | Doing UNProductive work at:2026-02-01 15:03:14.731305
2026-02-01 15:03:14,784 | INFO | Doing UNProductive work at:2026-02-01 15:03:14.762885
2026-02-01 15:03:14,816 | INFO | Doing UNProductive work at:2026-02-01 15:03:14.799947
2026-02-01 15:03:14,845 | INFO | Doing UNProductive work at:2026-02-01 15:03:14.823331
2026-02-01 15:03:14,878 | INFO | Doing UNProductive work at:2026-02-01 15:03:14.852687
2026-02-01 15:03:14,909 | INFO | Doing UNProductive work at:2026-02-01 15:03:14.886197
2026-02-01 15:03:14,926 | INFO | Doing UNProductive work at:2026-02-01 15:03:14.915516
2026-02-01 15:03:14,955 | INFO | Doing UNProductive work at:2026-02-01 15:03:14.940150
2026-02-01 15:03:15,014 | INFO | Doing UNProductive work at:2026-02-01 15:03:15.003590
2026-02-01 15:03:15,049 | INFO | Doing UNProductive work at:2026-02-01 15:03:15.034948
2026-02-01 15:03:15,080 | INFO | Doing UNProductive work at:2026-02-01 15:03:15.068100
2026-02-01 15:03:15,129 | INFO | Doing UNProductive work at:2026-02-01 15:03:15.101239
2026-02-01 15:03:15,160 | INFO | Doing UNProductive work at:2026-02-01 15:03:15.135184
2026-02-01 15:03:15,190 | INFO | Doing UNProductive work at:2026-02-01 15:03:15.167347
2026-02-01 15:03:15,220 | INFO | Doing UNProductive work at:2026-02-01 15:03:15.197179
2026-02-01 15:03:15,267 | INFO | Doing UNProductive work at:2026-02-01 15:03:15.243032
2026-02-01 15:03:15,298 | INFO | Doing UNProductive work at:2026-02-01 15:03:15.273138
2026-02-01 15:03:15,329 | INFO | Doing UNProductive work at:2026-02-01 15:03:15.306061
2026-02-01 15:03:15,359 | INFO | Doing UNProductive work at:2026-02-01 15:03:15.335750
2026-02-01 15:03:15,392 | INFO | Doing UNProductive work at:2026-02-01 15:03:15.372766
2026-02-01 15:03:15,421 | INFO | Doing UNProductive work at:2026-02-01 15:03:15.404932
2026-02-01 15:03:15,452 | INFO | Doing UNProductive work at:2026-02-01 15:03:15.435456
2026-02-01 15:03:15,482 | INFO | Doing UNProductive work at:2026-02-01 15:03:15.471454
2026-02-01 15:03:15,513 | INFO | Doing UNProductive work at:2026-02-01 15:03:15.500550
2026-02-01 15:03:15,547 | INFO | Doing UNProductive work at:2026-02-01 15:03:15.532499
2026-02-01 15:03:15,579 | INFO | Doing UNProductive work at:2026-02-01 15:03:15.566123
2026-02-01 15:03:15,627 | INFO | Doing UNProductive work at:2026-02-01 15:03:15.597702
2026-02-01 15:03:15,655 | INFO | Doing UNProductive work at:2026-02-01 15:03:15.646018
2026-02-01 15:03:15,691 | INFO | Doing UNProductive work at:2026-02-01 15:03:15.663491
2026-02-01 15:03:15,719 | INFO | Doing UNProductive work at:2026-02-01 15:03:15.698492
2026-02-01 15:03:15,750 | INFO | Doing UNProductive work at:2026-02-01 15:03:15.727578
2026-02-01 15:03:15,798 | INFO | Doing UNProductive work at:2026-02-01 15:03:15.772255
2026-02-01 15:03:15,828 | INFO | Doing UNProductive work at:2026-02-01 15:03:15.807197
2026-02-01 15:03:15,856 | INFO | Doing UNProductive work at:2026-02-01 15:03:15.836927
2026-02-01 15:03:15,891 | INFO | Doing UNProductive work at:2026-02-01 15:03:15.869135
2026-02-01 15:03:15,922 | INFO | Doing UNProductive work at:2026-02-01 15:03:15.900898
2026-02-01 15:03:15,949 | INFO | Doing UNProductive work at:2026-02-01 15:03:15.932935
2026-02-01 15:03:15,983 | INFO | Doing UNProductive work at:2026-02-01 15:03:15.968220
2026-02-01 15:03:16,016 | INFO | Doing UNProductive work at:2026-02-01 15:03:15.998058
2026-02-01 15:03:16,058 | INFO | Doing UNProductive work at:2026-02-01 15:03:16.044730
2026-02-01 15:03:16,093 | INFO | Doing UNProductive work at:2026-02-01 15:03:16.065855
2026-02-01 15:03:16,122 | INFO | Doing UNProductive work at:2026-02-01 15:03:16.100767
2026-02-01 15:03:16,153 | INFO | Doing UNProductive work at:2026-02-01 15:03:16.130532
2026-02-01 15:03:16,188 | INFO | Doing UNProductive work at:2026-02-01 15:03:16.162134
2026-02-01 15:03:16,231 | INFO | Doing UNProductive work at:2026-02-01 15:03:16.205273
2026-02-01 15:03:16,261 | INFO | Doing UNProductive work at:2026-02-01 15:03:16.239818
2026-02-01 15:03:16,297 | INFO | Doing UNProductive work at:2026-02-01 15:03:16.269485
2026-02-01 15:03:16,326 | INFO | Doing UNProductive work at:2026-02-01 15:03:16.303055
2026-02-01 15:03:16,356 | INFO | Doing UNProductive work at:2026-02-01 15:03:16.333405
2026-02-01 15:03:16,388 | INFO | Doing UNProductive work at:2026-02-01 15:03:16.365449
2026-02-01 15:03:16,421 | INFO | Doing UNProductive work at:2026-02-01 15:03:16.395937
2026-02-01 15:03:16,450 | INFO | Doing UNProductive work at:2026-02-01 15:03:16.427847
2026-02-01 15:03:16,481 | INFO | Doing UNProductive work at:2026-02-01 15:03:16.456858
2026-02-01 15:03:16,512 | INFO | Doing UNProductive work at:2026-02-01 15:03:16.489703
2026-02-01 15:03:16,549 | INFO | Doing UNProductive work at:2026-02-01 15:03:16.519820
2026-02-01 15:03:16,575 | INFO | Doing UNProductive work at:2026-02-01 15:03:16.556324
2026-02-01 15:03:16,624 | INFO | Doing UNProductive work at:2026-02-01 15:03:16.604279
2026-02-01 15:03:16,655 | INFO | Doing UNProductive work at:2026-02-01 15:03:16.634192
2026-02-01 15:03:16,685 | INFO | Doing UNProductive work at:2026-02-01 15:03:16.669189
2026-02-01 15:03:16,709 | INFO | Doing UNProductive work at:2026-02-01 15:03:16.700304
2026-02-01 15:03:16,747 | INFO | Doing UNProductive work at:2026-02-01 15:03:16.732929
2026-02-01 15:03:16,778 | INFO | Doing UNProductive work at:2026-02-01 15:03:16.766120
2026-02-01 15:03:16,826 | INFO | Doing UNProductive work at:2026-02-01 15:03:16.800866
2026-02-01 15:03:16,857 | INFO | Doing UNProductive work at:2026-02-01 15:03:16.834658
2026-02-01 15:03:16,884 | INFO | Doing UNProductive work at:2026-02-01 15:03:16.863144
2026-02-01 15:03:16,917 | INFO | Doing UNProductive work at:2026-02-01 15:03:16.892726
2026-02-01 15:03:16,950 | INFO | Doing UNProductive work at:2026-02-01 15:03:16.925962
2026-02-01 15:03:16,981 | INFO | Doing UNProductive work at:2026-02-01 15:03:16.958492
2026-02-01 15:03:17,030 | INFO | Doing UNProductive work at:2026-02-01 15:03:17.004498
2026-02-01 15:03:17,060 | INFO | Doing UNProductive work at:2026-02-01 15:03:17.039093
2026-02-01 15:03:17,090 | INFO | Doing UNProductive work at:2026-02-01 15:03:17.069640
2026-02-01 15:03:17,121 | INFO | Doing UNProductive work at:2026-02-01 15:03:17.101051
2026-02-01 15:03:17,152 | INFO | Doing UNProductive work at:2026-02-01 15:03:17.135094
2026-02-01 15:03:17,184 | INFO | Doing UNProductive work at:2026-02-01 15:03:17.165665
2026-02-01 15:03:17,208 | INFO | Doing UNProductive work at:2026-02-01 15:03:17.197095
2026-02-01 15:03:17,245 | INFO | Doing UNProductive work at:2026-02-01 15:03:17.228376
2026-02-01 15:03:17,279 | INFO | Doing UNProductive work at:2026-02-01 15:03:17.251839
2026-02-01 15:03:17,309 | INFO | Doing UNProductive work at:2026-02-01 15:03:17.286597
2026-02-01 15:03:17,339 | INFO | Doing UNProductive work at:2026-02-01 15:03:17.317811
2026-02-01 15:03:17,369 | INFO | Doing UNProductive work at:2026-02-01 15:03:17.347667
2026-02-01 15:03:17,416 | INFO | Doing UNProductive work at:2026-02-01 15:03:17.405630
2026-02-01 15:03:17,463 | INFO | Doing UNProductive work at:2026-02-01 15:03:17.435023
2026-02-01 15:03:17,495 | INFO | Doing UNProductive work at:2026-02-01 15:03:17.472169
2026-02-01 15:03:17,511 | INFO | Doing UNProductive work at:2026-02-01 15:03:17.501826
2026-02-01 15:03:17,556 | INFO | Doing UNProductive work at:2026-02-01 15:03:17.531620
2026-02-01 15:03:17,586 | INFO | Doing UNProductive work at:2026-02-01 15:03:17.564353
2026-02-01 15:03:17,619 | INFO | Doing UNProductive work at:2026-02-01 15:03:17.596406
2026-02-01 15:03:17,648 | INFO | Doing UNProductive work at:2026-02-01 15:03:17.631065
2026-02-01 15:03:17,665 | INFO | Doing UNProductive work at:2026-02-01 15:03:17.654417
2026-02-01 15:03:17,697 | INFO | Doing UNProductive work at:2026-02-01 15:03:17.675774
2026-02-01 15:03:17,727 | INFO | Doing UNProductive work at:2026-02-01 15:03:17.707553
2026-02-01 15:03:17,758 | INFO | Doing UNProductive work at:2026-02-01 15:03:17.741430
2026-02-01 15:03:17,818 | INFO | Doing UNProductive work at:2026-02-01 15:03:17.807761
2026-02-01 15:03:17,853 | INFO | Doing UNProductive work at:2026-02-01 15:03:17.837423
2026-02-01 15:03:17,883 | INFO | Doing UNProductive work at:2026-02-01 15:03:17.869116
2026-02-01 15:03:17,914 | INFO | Doing UNProductive work at:2026-02-01 15:03:17.901976
2026-02-01 15:03:17,959 | INFO | Doing UNProductive work at:2026-02-01 15:03:17.933521
2026-02-01 15:03:17,978 | INFO | Doing UNProductive work at:2026-02-01 15:03:17.968446
2026-02-01 15:03:18,022 | INFO | Doing UNProductive work at:2026-02-01 15:03:17.997410
2026-02-01 15:03:18,052 | INFO | Doing UNProductive work at:2026-02-01 15:03:18.030713
2026-02-01 15:03:18,100 | INFO | Doing UNProductive work at:2026-02-01 15:03:18.076556
2026-02-01 15:03:18,130 | INFO | Doing UNProductive work at:2026-02-01 15:03:18.105280
2026-02-01 15:03:18,162 | INFO | Doing UNProductive work at:2026-02-01 15:03:18.139296
2026-02-01 15:03:18,195 | INFO | Doing UNProductive work at:2026-02-01 15:03:18.167460
2026-02-01 15:03:18,226 | INFO | Doing UNProductive work at:2026-02-01 15:03:18.204894
2026-02-01 15:03:18,248 | INFO | Doing UNProductive work at:2026-02-01 15:03:18.237859
2026-02-01 15:03:18,287 | INFO | Doing UNProductive work at:2026-02-01 15:03:18.270632
2026-02-01 15:03:18,320 | INFO | Doing UNProductive work at:2026-02-01 15:03:18.302763
2026-02-01 15:03:18,351 | INFO | Doing UNProductive work at:2026-02-01 15:03:18.333697
2026-02-01 15:03:18,382 | INFO | Doing UNProductive work at:2026-02-01 15:03:18.365637
2026-02-01 15:03:18,412 | INFO | Doing UNProductive work at:2026-02-01 15:03:18.397348
2026-02-01 15:03:18,443 | INFO | Doing UNProductive work at:2026-02-01 15:03:18.428259
2026-02-01 15:03:18,505 | INFO | Doing UNProductive work at:2026-02-01 15:03:18.479180
2026-02-01 15:03:18,537 | INFO | Doing UNProductive work at:2026-02-01 15:03:18.513848
2026-02-01 15:03:18,569 | INFO | Doing UNProductive work at:2026-02-01 15:03:18.545215
2026-02-01 15:03:18,598 | INFO | Doing UNProductive work at:2026-02-01 15:03:18.577225
2026-02-01 15:03:18,629 | INFO | Doing UNProductive work at:2026-02-01 15:03:18.606970
2026-02-01 15:03:18,660 | INFO | Doing UNProductive work at:2026-02-01 15:03:18.638761
2026-02-01 15:03:18,692 | INFO | Doing UNProductive work at:2026-02-01 15:03:18.668332
2026-02-01 15:03:18,724 | INFO | Doing UNProductive work at:2026-02-01 15:03:18.700265
2026-02-01 15:03:18,755 | INFO | Doing UNProductive work at:2026-02-01 15:03:18.732750
2026-02-01 15:03:18,786 | INFO | Doing UNProductive work at:2026-02-01 15:03:18.764171
2026-02-01 15:03:18,819 | INFO | Doing UNProductive work at:2026-02-01 15:03:18.794931
2026-02-01 15:03:18,850 | INFO | Doing UNProductive work at:2026-02-01 15:03:18.826556
2026-02-01 15:03:18,886 | INFO | Doing Productive work at:2026-02-01 15:03:18.862044
2026-02-01 15:03:18,920 | INFO | Doing Productive work at:2026-02-01 15:03:18.893727
2026-02-01 15:03:18,950 | INFO | Doing Productive work at:2026-02-01 15:03:18.928242
2026-02-01 15:03:18,983 | INFO | Doing UNProductive work at:2026-02-01 15:03:18.958879
2026-02-01 15:03:19,027 | INFO | Doing UNProductive work at:2026-02-01 15:03:19.006451
2026-02-01 15:03:19,062 | INFO | Doing UNProductive work at:2026-02-01 15:03:19.036188
2026-02-01 15:03:19,091 | INFO | Doing UNProductive work at:2026-02-01 15:03:19.070089
2026-02-01 15:03:19,117 | INFO | Doing UNProductive work at:2026-02-01 15:03:19.100583
2026-02-01 15:03:19,152 | INFO | Doing UNProductive work at:2026-02-01 15:03:19.135381
2026-02-01 15:03:19,183 | INFO | Doing UNProductive work at:2026-02-01 15:03:19.165528
2026-02-01 15:03:19,215 | INFO | Doing UNProductive work at:2026-02-01 15:03:19.194281
2026-02-01 15:03:19,245 | INFO | Doing UNProductive work at:2026-02-01 15:03:19.226718
2026-02-01 15:03:19,292 | INFO | Doing UNProductive work at:2026-02-01 15:03:19.259240
2026-02-01 15:03:19,323 | INFO | Doing UNProductive work at:2026-02-01 15:03:19.300701
2026-02-01 15:03:19,356 | INFO | Doing UNProductive work at:2026-02-01 15:03:19.331451
2026-02-01 15:03:19,387 | INFO | Doing UNProductive work at:2026-02-01 15:03:19.362544
2026-02-01 15:03:19,434 | INFO | Doing UNProductive work at:2026-02-01 15:03:19.404973
2026-02-01 15:03:19,468 | INFO | Doing UNProductive work at:2026-02-01 15:03:19.443198
2026-02-01 15:03:19,497 | INFO | Doing UNProductive work at:2026-02-01 15:03:19.477092
2026-02-01 15:03:19,528 | INFO | Doing UNProductive work at:2026-02-01 15:03:19.502120
2026-02-01 15:03:19,560 | INFO | Doing UNProductive work at:2026-02-01 15:03:19.535136
2026-02-01 15:03:19,591 | INFO | Doing UNProductive work at:2026-02-01 15:03:19.566101
2026-02-01 15:03:19,624 | INFO | Doing UNProductive work at:2026-02-01 15:03:19.599017
2026-02-01 15:03:19,655 | INFO | Doing UNProductive work at:2026-02-01 15:03:19.632730
2026-02-01 15:03:19,686 | INFO | Doing UNProductive work at:2026-02-01 15:03:19.661414
2026-02-01 15:03:19,716 | INFO | Doing UNProductive work at:2026-02-01 15:03:19.694730
2026-02-01 15:03:19,748 | INFO | Doing UNProductive work at:2026-02-01 15:03:19.724301
2026-02-01 15:03:19,779 | INFO | Doing UNProductive work at:2026-02-01 15:03:19.756154
2026-02-01 15:03:19,827 | INFO | Doing UNProductive work at:2026-02-01 15:03:19.806952
2026-02-01 15:03:19,860 | INFO | Doing UNProductive work at:2026-02-01 15:03:19.837766
2026-02-01 15:03:19,889 | INFO | Doing UNProductive work at:2026-02-01 15:03:19.868704
2026-02-01 15:03:19,922 | INFO | Doing UNProductive work at:2026-02-01 15:03:19.900547
2026-02-01 15:03:19,953 | INFO | Doing UNProductive work at:2026-02-01 15:03:19.933517
2026-02-01 15:03:19,985 | INFO | Doing UNProductive work at:2026-02-01 15:03:19.968010
2026-02-01 15:03:20,030 | INFO | Doing UNProductive work at:2026-02-01 15:03:19.997852
2026-02-01 15:03:20,059 | INFO | Doing UNProductive work at:2026-02-01 15:03:20.038215
2026-02-01 15:03:20,092 | INFO | Doing UNProductive work at:2026-02-01 15:03:20.068914
2026-02-01 15:03:20,123 | INFO | Doing UNProductive work at:2026-02-01 15:03:20.098567
2026-02-01 15:03:20,154 | INFO | Doing UNProductive work at:2026-02-01 15:03:20.129057
2026-02-01 15:03:20,186 | INFO | Doing UNProductive work at:2026-02-01 15:03:20.162446
2026-02-01 15:03:20,232 | INFO | Doing UNProductive work at:2026-02-01 15:03:20.203192
2026-02-01 15:03:20,265 | INFO | Doing UNProductive work at:2026-02-01 15:03:20.239584
2026-02-01 15:03:20,298 | INFO | Doing UNProductive work at:2026-02-01 15:03:20.270701
2026-02-01 15:03:20,326 | INFO | Doing UNProductive work at:2026-02-01 15:03:20.305033
2026-02-01 15:03:20,356 | INFO | Doing UNProductive work at:2026-02-01 15:03:20.333775
2026-02-01 15:03:20,388 | INFO | Doing UNProductive work at:2026-02-01 15:03:20.364749
2026-02-01 15:03:20,419 | INFO | Doing UNProductive work at:2026-02-01 15:03:20.395592
2026-02-01 15:03:20,451 | INFO | Doing UNProductive work at:2026-02-01 15:03:20.426965
2026-02-01 15:03:20,481 | INFO | Doing UNProductive work at:2026-02-01 15:03:20.463210
2026-02-01 15:03:20,544 | INFO | Doing UNProductive work at:2026-02-01 15:03:20.511033
2026-02-01 15:03:20,576 | INFO | Doing UNProductive work at:2026-02-01 15:03:20.552093
2026-02-01 15:03:20,607 | INFO | Doing UNProductive work at:2026-02-01 15:03:20.584820
2026-02-01 15:03:20,632 | INFO | Doing UNProductive work at:2026-02-01 15:03:20.613576
2026-02-01 15:03:20,668 | INFO | Doing UNProductive work at:2026-02-01 15:03:20.640903
2026-02-01 15:03:20,698 | INFO | Doing UNProductive work at:2026-02-01 15:03:20.674591
2026-02-01 15:03:20,730 | INFO | Doing UNProductive work at:2026-02-01 15:03:20.706446
2026-02-01 15:03:20,762 | INFO | Doing UNProductive work at:2026-02-01 15:03:20.736926
2026-02-01 15:03:20,785 | INFO | Doing UNProductive work at:2026-02-01 15:03:20.768690
2026-02-01 15:03:20,822 | INFO | Doing UNProductive work at:2026-02-01 15:03:20.798915
2026-02-01 15:03:20,847 | INFO | Doing UNProductive work at:2026-02-01 15:03:20.831011
2026-02-01 15:03:20,885 | INFO | Doing UNProductive work at:2026-02-01 15:03:20.860174
2026-02-01 15:03:20,931 | INFO | Doing UNProductive work at:2026-02-01 15:03:20.910257
2026-02-01 15:03:20,961 | INFO | Doing UNProductive work at:2026-02-01 15:03:20.935333
2026-02-01 15:03:20,991 | INFO | Doing UNProductive work at:2026-02-01 15:03:20.968816
2026-02-01 15:03:21,023 | INFO | Doing UNProductive work at:2026-02-01 15:03:21.003838
2026-02-01 15:03:21,069 | INFO | Doing UNProductive work at:2026-02-01 15:03:21.035925
2026-02-01 15:03:21,100 | INFO | Doing UNProductive work at:2026-02-01 15:03:21.078563
2026-02-01 15:03:21,132 | INFO | Doing UNProductive work at:2026-02-01 15:03:21.105777
2026-02-01 15:03:21,162 | INFO | Doing UNProductive work at:2026-02-01 15:03:21.138749
2026-02-01 15:03:21,194 | INFO | Doing UNProductive work at:2026-02-01 15:03:21.169742
2026-02-01 15:03:21,225 | INFO | Doing UNProductive work at:2026-02-01 15:03:21.201250
2026-02-01 15:03:21,258 | INFO | Doing UNProductive work at:2026-02-01 15:03:21.232780
2026-02-01 15:03:21,288 | INFO | Doing UNProductive work at:2026-02-01 15:03:21.263894
2026-02-01 15:03:21,319 | INFO | Doing Productive work at:2026-02-01 15:03:21.295517
2026-02-01 15:03:21,350 | INFO | Doing Productive work at:2026-02-01 15:03:21.326976
2026-02-01 15:03:21,381 | INFO | Doing Productive work at:2026-02-01 15:03:21.355079
2026-02-01 15:03:21,431 | INFO | Doing Productive work at:2026-02-01 15:03:21.405443
2026-02-01 15:03:21,462 | INFO | Doing Productive work at:2026-02-01 15:03:21.438505
2026-02-01 15:03:21,493 | INFO | Doing Productive work at:2026-02-01 15:03:21.469671
2026-02-01 15:03:21,524 | INFO | Doing Productive work at:2026-02-01 15:03:21.500973
2026-02-01 15:03:21,554 | INFO | Doing Productive work at:2026-02-01 15:03:21.533556
2026-02-01 15:03:21,585 | INFO | Doing Productive work at:2026-02-01 15:03:21.564174
2026-02-01 15:03:21,616 | INFO | Doing Productive work at:2026-02-01 15:03:21.597714
2026-02-01 15:03:21,662 | INFO | Doing Productive work at:2026-02-01 15:03:21.630744
2026-02-01 15:03:21,694 | INFO | Doing Productive work at:2026-02-01 15:03:21.671142
2026-02-01 15:03:21,726 | INFO | Doing Productive work at:2026-02-01 15:03:21.701644
2026-02-01 15:03:21,756 | INFO | Doing Productive work at:2026-02-01 15:03:21.734068
2026-02-01 15:03:21,788 | INFO | Doing Productive work at:2026-02-01 15:03:21.763857
2026-02-01 15:03:21,836 | INFO | Doing Productive work at:2026-02-01 15:03:21.807261
2026-02-01 15:03:21,866 | INFO | Doing Productive work at:2026-02-01 15:03:21.844692
2026-02-01 15:03:21,897 | INFO | Doing Productive work at:2026-02-01 15:03:21.875066
2026-02-01 15:03:21,929 | INFO | Doing Productive work at:2026-02-01 15:03:21.904166
2026-02-01 15:03:21,981 | INFO | Doing Productive work at:2026-02-01 15:03:21.934528
2026-02-01 15:03:22,007 | INFO | Doing Productive work at:2026-02-01 15:03:21.987488
2026-02-01 15:03:22,040 | INFO | Doing Productive work at:2026-02-01 15:03:22.014502
2026-02-01 15:03:22,072 | INFO | Doing Productive work at:2026-02-01 15:03:22.046953
2026-02-01 15:03:22,109 | INFO | Doing Productive work at:2026-02-01 15:03:22.077837
2026-02-01 15:03:22,149 | INFO | Doing Productive work at:2026-02-01 15:03:22.117151
2026-02-01 15:03:22,178 | INFO | Doing Productive work at:2026-02-01 15:03:22.158294
2026-02-01 15:03:22,209 | INFO | Doing Productive work at:2026-02-01 15:03:22.183606
2026-02-01 15:03:22,240 | INFO | Doing Productive work at:2026-02-01 15:03:22.217674
2026-02-01 15:03:22,272 | INFO | Doing Productive work at:2026-02-01 15:03:22.247872
2026-02-01 15:03:22,304 | INFO | Doing Productive work at:2026-02-01 15:03:22.278617
2026-02-01 15:03:22,333 | INFO | Doing Productive work at:2026-02-01 15:03:22.312367
2026-02-01 15:03:22,366 | INFO | Doing Productive work at:2026-02-01 15:03:22.342179
2026-02-01 15:03:22,397 | INFO | Doing Productive work at:2026-02-01 15:03:22.374426
2026-02-01 15:03:22,429 | INFO | Doing Productive work at:2026-02-01 15:03:22.405083
2026-02-01 15:03:22,461 | INFO | Doing Productive work at:2026-02-01 15:03:22.437855
2026-02-01 15:03:22,493 | INFO | Doing Productive work at:2026-02-01 15:03:22.468634
2026-02-01 15:03:22,524 | INFO | Doing Productive work at:2026-02-01 15:03:22.500641
2026-02-01 15:03:22,555 | INFO | Doing Productive work at:2026-02-01 15:03:22.532035
2026-02-01 15:03:22,587 | INFO | Doing Productive work at:2026-02-01 15:03:22.563422
2026-02-01 15:03:22,634 | INFO | Doing Productive work at:2026-02-01 15:03:22.605102
2026-02-01 15:03:22,664 | INFO | Doing Productive work at:2026-02-01 15:03:22.642075
2026-02-01 15:03:22,695 | INFO | Doing Productive work at:2026-02-01 15:03:22.672607
2026-02-01 15:03:22,725 | INFO | Doing Productive work at:2026-02-01 15:03:22.703330
2026-02-01 15:03:22,756 | INFO | Doing Productive work at:2026-02-01 15:03:22.732928
2026-02-01 15:03:22,788 | INFO | Doing Productive work at:2026-02-01 15:03:22.762727
2026-02-01 15:03:22,819 | INFO | Doing Productive work at:2026-02-01 15:03:22.799221
2026-02-01 15:03:22,851 | INFO | Doing Productive work at:2026-02-01 15:03:22.829103
2026-02-01 15:03:22,881 | INFO | Doing Productive work at:2026-02-01 15:03:22.861155
2026-02-01 15:03:22,912 | INFO | Doing Productive work at:2026-02-01 15:03:22.893402
2026-02-01 15:03:22,976 | INFO | Doing Productive work at:2026-02-01 15:03:22.942288
2026-02-01 15:03:23,006 | INFO | Doing Productive work at:2026-02-01 15:03:22.984633
2026-02-01 15:03:23,038 | INFO | Doing UNProductive work at:2026-02-01 15:03:23.014620
2026-02-01 15:03:23,071 | INFO | Doing UNProductive work at:2026-02-01 15:03:23.045432
2026-02-01 15:03:23,102 | INFO | Doing UNProductive work at:2026-02-01 15:03:23.076257
2026-02-01 15:03:23,134 | INFO | Doing UNProductive work at:2026-02-01 15:03:23.109872
2026-02-01 15:03:23,164 | INFO | Doing UNProductive work at:2026-02-01 15:03:23.140418
2026-02-01 15:03:23,195 | INFO | Doing UNProductive work at:2026-02-01 15:03:23.172891
2026-02-01 15:03:23,224 | INFO | Doing UNProductive work at:2026-02-01 15:03:23.202864
2026-02-01 15:03:23,256 | INFO | Doing UNProductive work at:2026-02-01 15:03:23.230668
2026-02-01 15:03:23,288 | INFO | Doing UNProductive work at:2026-02-01 15:03:23.264712
2026-02-01 15:03:23,318 | INFO | Doing UNProductive work at:2026-02-01 15:03:23.295180
2026-02-01 15:03:23,367 | INFO | Doing UNProductive work at:2026-02-01 15:03:23.338487
2026-02-01 15:03:23,392 | INFO | Doing UNProductive work at:2026-02-01 15:03:23.375218
2026-02-01 15:03:23,428 | INFO | Doing Productive work at:2026-02-01 15:03:23.403713
2026-02-01 15:03:23,458 | INFO | Doing Productive work at:2026-02-01 15:03:23.437446
2026-02-01 15:03:23,489 | INFO | Doing Productive work at:2026-02-01 15:03:23.469402
2026-02-01 15:03:23,520 | INFO | Doing Productive work at:2026-02-01 15:03:23.500517
2026-02-01 15:03:23,565 | INFO | Doing Productive work at:2026-02-01 15:03:23.533175
2026-02-01 15:03:23,591 | INFO | Doing Productive work at:2026-02-01 15:03:23.573261
2026-02-01 15:03:23,631 | INFO | Doing Productive work at:2026-02-01 15:03:23.597660
2026-02-01 15:03:23,659 | INFO | Doing Productive work at:2026-02-01 15:03:23.639655
2026-02-01 15:03:23,690 | INFO | Doing Productive work at:2026-02-01 15:03:23.668472
2026-02-01 15:03:23,722 | INFO | Doing Productive work at:2026-02-01 15:03:23.699176
2026-02-01 15:03:23,753 | INFO | Doing Productive work at:2026-02-01 15:03:23.729974
2026-02-01 15:03:23,786 | INFO | Doing Productive work at:2026-02-01 15:03:23.759990
2026-02-01 15:03:23,831 | INFO | Doing Productive work at:2026-02-01 15:03:23.807176
2026-02-01 15:03:23,861 | INFO | Doing Productive work at:2026-02-01 15:03:23.839732
2026-02-01 15:03:23,891 | INFO | Doing Productive work at:2026-02-01 15:03:23.869085
2026-02-01 15:03:23,923 | INFO | Doing Productive work at:2026-02-01 15:03:23.900933
2026-02-01 15:03:23,954 | INFO | Doing Productive work at:2026-02-01 15:03:23.932476
2026-02-01 15:03:23,986 | INFO | Doing Productive work at:2026-02-01 15:03:23.967470
2026-02-01 15:03:24,017 | INFO | Doing Productive work at:2026-02-01 15:03:23.997594
2026-02-01 15:03:24,048 | INFO | Doing Productive work at:2026-02-01 15:03:24.027810
2026-02-01 15:03:24,095 | INFO | Doing Productive work at:2026-02-01 15:03:24.062337
2026-02-01 15:03:24,129 | INFO | Doing Productive work at:2026-02-01 15:03:24.103047
2026-02-01 15:03:24,159 | INFO | Doing Productive work at:2026-02-01 15:03:24.138148
2026-02-01 15:03:24,190 | INFO | Doing Productive work at:2026-02-01 15:03:24.165937
2026-02-01 15:03:24,237 | INFO | Doing Productive work at:2026-02-01 15:03:24.204749
2026-02-01 15:03:24,267 | INFO | Doing Productive work at:2026-02-01 15:03:24.245069
2026-02-01 15:03:24,299 | INFO | Doing Productive work at:2026-02-01 15:03:24.274201
2026-02-01 15:03:24,331 | INFO | Doing Productive work at:2026-02-01 15:03:24.307812
2026-02-01 15:03:24,360 | INFO | Doing Productive work at:2026-02-01 15:03:24.339243
2026-02-01 15:03:24,392 | INFO | Doing Productive work at:2026-02-01 15:03:24.369074
2026-02-01 15:03:24,423 | INFO | Doing Productive work at:2026-02-01 15:03:24.399480
2026-02-01 15:03:24,455 | INFO | Doing Productive work at:2026-02-01 15:03:24.430647
2026-02-01 15:03:24,486 | INFO | Doing Productive work at:2026-02-01 15:03:24.463514
2026-02-01 15:03:24,517 | INFO | Doing Productive work at:2026-02-01 15:03:24.491490
2026-02-01 15:03:24,541 | INFO | Doing Productive work at:2026-02-01 15:03:24.524921
2026-02-01 15:03:24,578 | INFO | Doing Productive work at:2026-02-01 15:03:24.549148
2026-02-01 15:03:24,627 | INFO | Doing Productive work at:2026-02-01 15:03:24.605205
2026-02-01 15:03:24,658 | INFO | Doing Productive work at:2026-02-01 15:03:24.639195
2026-02-01 15:03:24,689 | INFO | Doing Productive work at:2026-02-01 15:03:24.669908
2026-02-01 15:03:24,718 | INFO | Doing Productive work at:2026-02-01 15:03:24.699162
2026-02-01 15:03:24,750 | INFO | Doing Productive work at:2026-02-01 15:03:24.730940
2026-02-01 15:03:24,798 | INFO | Doing Productive work at:2026-02-01 15:03:24.764889
2026-02-01 15:03:24,828 | INFO | Doing Productive work at:2026-02-01 15:03:24.806096
2026-02-01 15:03:24,859 | INFO | Doing Productive work at:2026-02-01 15:03:24.836036
2026-02-01 15:03:24,889 | INFO | Doing Productive work at:2026-02-01 15:03:24.866011
2026-02-01 15:03:24,915 | INFO | Doing Productive work at:2026-02-01 15:03:24.896507
2026-02-01 15:03:24,952 | INFO | Doing Productive work at:2026-02-01 15:03:24.924002
2026-02-01 15:03:24,982 | INFO | Doing Productive work at:2026-02-01 15:03:24.956901
2026-02-01 15:03:25,030 | INFO | Doing Productive work at:2026-02-01 15:03:25.004810
2026-02-01 15:03:25,064 | INFO | Doing Productive work at:2026-02-01 15:03:25.036528
2026-02-01 15:03:25,092 | INFO | Doing Productive work at:2026-02-01 15:03:25.068989
2026-02-01 15:03:25,116 | INFO | Doing Productive work at:2026-02-01 15:03:25.099318
2026-02-01 15:03:25,155 | INFO | Doing Productive work at:2026-02-01 15:03:25.135336
2026-02-01 15:03:25,186 | INFO | Doing Productive work at:2026-02-01 15:03:25.163482
2026-02-01 15:03:25,218 | INFO | Doing Productive work at:2026-02-01 15:03:25.194382
2026-02-01 15:03:25,249 | INFO | Doing Productive work at:2026-02-01 15:03:25.226878
2026-02-01 15:03:25,278 | INFO | Doing Productive work at:2026-02-01 15:03:25.259578
2026-02-01 15:03:25,326 | INFO | Doing Productive work at:2026-02-01 15:03:25.295852
2026-02-01 15:03:25,350 | INFO | Doing Productive work at:2026-02-01 15:03:25.333370
2026-02-01 15:03:25,404 | INFO | Doing Productive work at:2026-02-01 15:03:25.372753
2026-02-01 15:03:25,436 | INFO | Doing Productive work at:2026-02-01 15:03:25.411200
2026-02-01 15:03:25,467 | INFO | Doing Productive work at:2026-02-01 15:03:25.444043
2026-02-01 15:03:25,499 | INFO | Doing Productive work at:2026-02-01 15:03:25.477219
2026-02-01 15:03:25,531 | INFO | Doing Productive work at:2026-02-01 15:03:25.508108
2026-02-01 15:03:25,563 | INFO | Doing Productive work at:2026-02-01 15:03:25.537197
2026-02-01 15:03:25,592 | INFO | Doing Productive work at:2026-02-01 15:03:25.571892
2026-02-01 15:03:25,625 | INFO | Doing Productive work at:2026-02-01 15:03:25.600459
2026-02-01 15:03:25,653 | INFO | Doing Productive work at:2026-02-01 15:03:25.633307
2026-02-01 15:03:25,686 | INFO | Doing Productive work at:2026-02-01 15:03:25.662246
2026-02-01 15:03:25,716 | INFO | Doing Productive work at:2026-02-01 15:03:25.694479
2026-02-01 15:03:25,747 | INFO | Doing Productive work at:2026-02-01 15:03:25.724150
2026-02-01 15:03:25,794 | INFO | Doing Productive work at:2026-02-01 15:03:25.773571
2026-02-01 15:03:25,828 | INFO | Doing Productive work at:2026-02-01 15:03:25.803966
2026-02-01 15:03:25,859 | INFO | Doing Productive work at:2026-02-01 15:03:25.837282
2026-02-01 15:03:25,888 | INFO | Doing Productive work at:2026-02-01 15:03:25.868171
2026-02-01 15:03:25,919 | INFO | Doing Productive work at:2026-02-01 15:03:25.900838
2026-02-01 15:03:25,951 | INFO | Doing Productive work at:2026-02-01 15:03:25.931658
2026-02-01 15:03:25,982 | INFO | Doing Productive work at:2026-02-01 15:03:25.965822
2026-02-01 15:03:26,030 | INFO | Doing Productive work at:2026-02-01 15:03:25.996204
2026-02-01 15:03:26,062 | INFO | Doing Productive work at:2026-02-01 15:03:26.036396
2026-02-01 15:03:26,094 | INFO | Doing Productive work at:2026-02-01 15:03:26.070523
2026-02-01 15:03:26,120 | INFO | Doing Productive work at:2026-02-01 15:03:26.102729
2026-02-01 15:03:26,156 | INFO | Doing Productive work at:2026-02-01 15:03:26.126595
2026-02-01 15:03:26,203 | INFO | Doing Productive work at:2026-02-01 15:03:26.171530
2026-02-01 15:03:26,231 | INFO | Doing Productive work at:2026-02-01 15:03:26.209413
2026-02-01 15:03:26,255 | INFO | Doing Productive work at:2026-02-01 15:03:26.238249
2026-02-01 15:03:26,294 | INFO | Doing Productive work at:2026-02-01 15:03:26.269696
2026-02-01 15:03:26,324 | INFO | Doing Productive work at:2026-02-01 15:03:26.303452
2026-02-01 15:03:26,355 | INFO | Doing Productive work at:2026-02-01 15:03:26.334191
2026-02-01 15:03:26,387 | INFO | Doing Productive work at:2026-02-01 15:03:26.364515
2026-02-01 15:03:26,418 | INFO | Doing Productive work at:2026-02-01 15:03:26.396783
2026-02-01 15:03:26,451 | INFO | Doing Productive work at:2026-02-01 15:03:26.428909
2026-02-01 15:03:26,494 | INFO | Doing Productive work at:2026-02-01 15:03:26.464275
2026-02-01 15:03:26,525 | INFO | Doing Productive work at:2026-02-01 15:03:26.502904
2026-02-01 15:03:26,557 | INFO | Doing Productive work at:2026-02-01 15:03:26.533919
2026-02-01 15:03:26,588 | INFO | Doing Productive work at:2026-02-01 15:03:26.564999
2026-02-01 15:03:26,635 | INFO | Doing Productive work at:2026-02-01 15:03:26.604442
2026-02-01 15:03:26,667 | INFO | Doing Productive work at:2026-02-01 15:03:26.643205
2026-02-01 15:03:26,696 | INFO | Doing Productive work at:2026-02-01 15:03:26.675946
2026-02-01 15:03:26,728 | INFO | Doing Productive work at:2026-02-01 15:03:26.704183
2026-02-01 15:03:26,761 | INFO | Doing Productive work at:2026-02-01 15:03:26.737583
2026-02-01 15:03:26,792 | INFO | Doing Productive work at:2026-02-01 15:03:26.770102
2026-02-01 15:03:26,823 | INFO | Doing Productive work at:2026-02-01 15:03:26.798659
2026-02-01 15:03:26,855 | INFO | Doing Productive work at:2026-02-01 15:03:26.832082
2026-02-01 15:03:26,886 | INFO | Doing Productive work at:2026-02-01 15:03:26.863550
2026-02-01 15:03:26,916 | INFO | Doing Productive work at:2026-02-01 15:03:26.893616
2026-02-01 15:03:26,947 | INFO | Doing Productive work at:2026-02-01 15:03:26.924835
2026-02-01 15:03:26,978 | INFO | Doing Productive work at:2026-02-01 15:03:26.959582
2026-02-01 15:03:27,026 | INFO | Doing Productive work at:2026-02-01 15:03:27.003665
2026-02-01 15:03:27,057 | INFO | Doing Productive work at:2026-02-01 15:03:27.037312
2026-02-01 15:03:27,088 | INFO | Doing Productive work at:2026-02-01 15:03:27.070261
2026-02-01 15:03:27,120 | INFO | Doing Productive work at:2026-02-01 15:03:27.098832
2026-02-01 15:03:27,168 | INFO | Doing Productive work at:2026-02-01 15:03:27.135544
2026-02-01 15:03:27,197 | INFO | Doing Productive work at:2026-02-01 15:03:27.176208
2026-02-01 15:03:27,229 | INFO | Doing Productive work at:2026-02-01 15:03:27.206684
2026-02-01 15:03:27,260 | INFO | Doing Productive work at:2026-02-01 15:03:27.237825
2026-02-01 15:03:27,294 | INFO | Doing Productive work at:2026-02-01 15:03:27.265727
2026-02-01 15:03:27,323 | INFO | Doing Productive work at:2026-02-01 15:03:27.301792
2026-02-01 15:03:27,355 | INFO | Doing Productive work at:2026-02-01 15:03:27.331767
2026-02-01 15:03:27,386 | INFO | Doing Productive work at:2026-02-01 15:03:27.362102
2026-02-01 15:03:27,434 | INFO | Doing Productive work at:2026-02-01 15:03:27.404988
2026-02-01 15:03:27,470 | INFO | Doing Productive work at:2026-02-01 15:03:27.442261
2026-02-01 15:03:27,512 | INFO | Doing Productive work at:2026-02-01 15:03:27.478107
2026-02-01 15:03:27,540 | INFO | Doing Productive work at:2026-02-01 15:03:27.518849
2026-02-01 15:03:27,572 | INFO | Doing Productive work at:2026-02-01 15:03:27.546713
2026-02-01 15:03:27,603 | INFO | Doing Productive work at:2026-02-01 15:03:27.580072
2026-02-01 15:03:27,635 | INFO | Doing Productive work at:2026-02-01 15:03:27.611989
2026-02-01 15:03:27,665 | INFO | Doing Productive work at:2026-02-01 15:03:27.643770
2026-02-01 15:03:27,698 | INFO | Doing Productive work at:2026-02-01 15:03:27.673597
2026-02-01 15:03:27,729 | INFO | Doing Productive work at:2026-02-01 15:03:27.706036
2026-02-01 15:03:27,761 | INFO | Doing Productive work at:2026-02-01 15:03:27.737988
2026-02-01 15:03:27,791 | INFO | Doing Productive work at:2026-02-01 15:03:27.769266
2026-02-01 15:03:27,838 | INFO | Doing Productive work at:2026-02-01 15:03:27.807300
2026-02-01 15:03:27,873 | INFO | Doing Productive work at:2026-02-01 15:03:27.847200
2026-02-01 15:03:27,900 | INFO | Doing Productive work at:2026-02-01 15:03:27.882268
2026-02-01 15:03:27,932 | INFO | Doing Productive work at:2026-02-01 15:03:27.908432
2026-02-01 15:03:27,963 | INFO | Doing Productive work at:2026-02-01 15:03:27.940421
2026-02-01 15:03:27,995 | INFO | Doing UNProductive work at:2026-02-01 15:03:27.971606
2026-02-01 15:03:28,027 | INFO | Doing UNProductive work at:2026-02-01 15:03:28.001922
2026-02-01 15:03:28,058 | INFO | Doing UNProductive work at:2026-02-01 15:03:28.036086
2026-02-01 15:03:28,090 | INFO | Doing UNProductive work at:2026-02-01 15:03:28.067184
2026-02-01 15:03:28,121 | INFO | Doing UNProductive work at:2026-02-01 15:03:28.098679
2026-02-01 15:03:28,153 | INFO | Doing UNProductive work at:2026-02-01 15:03:28.128474
2026-02-01 15:03:28,184 | INFO | Doing UNProductive work at:2026-02-01 15:03:28.161096
2026-02-01 15:03:28,231 | INFO | Doing UNProductive work at:2026-02-01 15:03:28.204528
2026-02-01 15:03:28,263 | INFO | Doing UNProductive work at:2026-02-01 15:03:28.238389
2026-02-01 15:03:28,293 | INFO | Doing UNProductive work at:2026-02-01 15:03:28.270246
2026-02-01 15:03:28,325 | INFO | Doing UNProductive work at:2026-02-01 15:03:28.304839
2026-02-01 15:03:28,355 | INFO | Doing UNProductive work at:2026-02-01 15:03:28.334210
2026-02-01 15:03:28,387 | INFO | Doing UNProductive work at:2026-02-01 15:03:28.365557
2026-02-01 15:03:28,418 | INFO | Doing UNProductive work at:2026-02-01 15:03:28.397643
2026-02-01 15:03:28,448 | INFO | Doing UNProductive work at:2026-02-01 15:03:28.429595
2026-02-01 15:03:28,494 | INFO | Doing UNProductive work at:2026-02-01 15:03:28.463846
2026-02-01 15:03:28,526 | INFO | Doing UNProductive work at:2026-02-01 15:03:28.502366
2026-02-01 15:03:28,556 | INFO | Doing UNProductive work at:2026-02-01 15:03:28.532834
2026-02-01 15:03:28,587 | INFO | Doing UNProductive work at:2026-02-01 15:03:28.565181
2026-02-01 15:03:28,633 | INFO | Doing UNProductive work at:2026-02-01 15:03:28.605104
2026-02-01 15:03:28,664 | INFO | Doing Productive work at:2026-02-01 15:03:28.640882
2026-02-01 15:03:28,696 | INFO | Doing Productive work at:2026-02-01 15:03:28.671027
2026-02-01 15:03:28,727 | INFO | Doing Productive work at:2026-02-01 15:03:28.704874
2026-02-01 15:03:28,759 | INFO | Doing Productive work at:2026-02-01 15:03:28.736187
2026-02-01 15:03:28,792 | INFO | Doing Productive work at:2026-02-01 15:03:28.766748
2026-02-01 15:03:28,822 | INFO | Doing Productive work at:2026-02-01 15:03:28.800718
2026-02-01 15:03:28,853 | INFO | Doing Productive work at:2026-02-01 15:03:28.830362
2026-02-01 15:03:28,883 | INFO | Doing Productive work at:2026-02-01 15:03:28.862183
2026-02-01 15:03:28,914 | INFO | Doing Productive work at:2026-02-01 15:03:28.893635
2026-02-01 15:03:28,944 | INFO | Doing Productive work at:2026-02-01 15:03:28.927152
2026-02-01 15:03:28,991 | INFO | Doing Productive work at:2026-02-01 15:03:28.959877
2026-02-01 15:03:29,023 | INFO | Doing Productive work at:2026-02-01 15:03:28.998089
2026-02-01 15:03:29,056 | INFO | Doing Productive work at:2026-02-01 15:03:29.036671
2026-02-01 15:03:29,103 | INFO | Doing Productive work at:2026-02-01 15:03:29.068619
2026-02-01 15:03:29,136 | INFO | Doing Productive work at:2026-02-01 15:03:29.107692
2026-02-01 15:03:29,165 | INFO | Doing Productive work at:2026-02-01 15:03:29.143847
2026-02-01 15:03:29,196 | INFO | Doing Productive work at:2026-02-01 15:03:29.173724
2026-02-01 15:03:29,229 | INFO | Doing Productive work at:2026-02-01 15:03:29.203856
2026-02-01 15:03:29,258 | INFO | Doing Productive work at:2026-02-01 15:03:29.238814
2026-02-01 15:03:29,290 | INFO | Doing Productive work at:2026-02-01 15:03:29.264906
2026-02-01 15:03:29,320 | INFO | Doing Productive work at:2026-02-01 15:03:29.298604
2026-02-01 15:03:29,351 | INFO | Doing Productive work at:2026-02-01 15:03:29.328843
2026-02-01 15:03:29,383 | INFO | Doing Productive work at:2026-02-01 15:03:29.359700
2026-02-01 15:03:29,414 | INFO | Doing Productive work at:2026-02-01 15:03:29.390760
2026-02-01 15:03:29,460 | INFO | Doing Productive work at:2026-02-01 15:03:29.436587
2026-02-01 15:03:29,490 | INFO | Doing Productive work at:2026-02-01 15:03:29.469627
2026-02-01 15:03:29,520 | INFO | Doing Productive work at:2026-02-01 15:03:29.500726
2026-02-01 15:03:29,551 | INFO | Doing Productive work at:2026-02-01 15:03:29.532344
2026-02-01 15:03:29,596 | INFO | Doing Productive work at:2026-02-01 15:03:29.565813
2026-02-01 15:03:29,630 | INFO | Doing Productive work at:2026-02-01 15:03:29.604898
2026-02-01 15:03:29,660 | INFO | Doing Productive work at:2026-02-01 15:03:29.638504
2026-02-01 15:03:29,693 | INFO | Doing Productive work at:2026-02-01 15:03:29.666344
2026-02-01 15:03:29,722 | INFO | Doing Productive work at:2026-02-01 15:03:29.700616
2026-02-01 15:03:29,753 | INFO | Doing Productive work at:2026-02-01 15:03:29.728842
2026-02-01 15:03:29,785 | INFO | Doing Productive work at:2026-02-01 15:03:29.761445
2026-02-01 15:03:29,817 | INFO | Doing Productive work at:2026-02-01 15:03:29.793898
2026-02-01 15:03:29,862 | INFO | Doing Productive work at:2026-02-01 15:03:29.837916
2026-02-01 15:03:29,896 | INFO | Doing Productive work at:2026-02-01 15:03:29.870996
2026-02-01 15:03:29,926 | INFO | Doing Productive work at:2026-02-01 15:03:29.904308
2026-02-01 15:03:29,956 | INFO | Doing Productive work at:2026-02-01 15:03:29.934961
2026-02-01 15:03:29,986 | INFO | Doing Productive work at:2026-02-01 15:03:29.969070
2026-02-01 15:03:30,017 | INFO | Doing Productive work at:2026-02-01 15:03:29.998073
2026-02-01 15:03:30,048 | INFO | Doing Productive work at:2026-02-01 15:03:30.030472
2026-02-01 15:03:30,079 | INFO | Doing Productive work at:2026-02-01 15:03:30.061331
2026-02-01 15:03:30,110 | INFO | Doing Productive work at:2026-02-01 15:03:30.092238
2026-02-01 15:03:30,156 | INFO | Doing Productive work at:2026-02-01 15:03:30.127259
2026-02-01 15:03:30,187 | INFO | Doing Productive work at:2026-02-01 15:03:30.163480
2026-02-01 15:03:30,219 | INFO | Doing Productive work at:2026-02-01 15:03:30.196206
2026-02-01 15:03:30,265 | INFO | Doing Productive work at:2026-02-01 15:03:30.236207
2026-02-01 15:03:30,297 | INFO | Doing Productive work at:2026-02-01 15:03:30.272812
2026-02-01 15:03:30,327 | INFO | Doing Productive work at:2026-02-01 15:03:30.304768
2026-02-01 15:03:30,359 | INFO | Doing Productive work at:2026-02-01 15:03:30.336114
2026-02-01 15:03:30,390 | INFO | Doing Productive work at:2026-02-01 15:03:30.367667
2026-02-01 15:03:30,424 | INFO | Doing Productive work at:2026-02-01 15:03:30.399113
2026-02-01 15:03:30,453 | INFO | Doing Productive work at:2026-02-01 15:03:30.432458
2026-02-01 15:03:30,485 | INFO | Doing Productive work at:2026-02-01 15:03:30.462757
2026-02-01 15:03:30,515 | INFO | Doing Productive work at:2026-02-01 15:03:30.494066
2026-02-01 15:03:30,548 | INFO | Doing Productive work at:2026-02-01 15:03:30.525618
2026-02-01 15:03:30,578 | INFO | Doing Productive work at:2026-02-01 15:03:30.559324
2026-02-01 15:03:30,611 | INFO | Doing Productive work at:2026-02-01 15:03:30.590198
2026-02-01 15:03:30,672 | INFO | Doing Productive work at:2026-02-01 15:03:30.640572
2026-02-01 15:03:30,704 | INFO | Doing Productive work at:2026-02-01 15:03:30.680243
2026-02-01 15:03:30,734 | INFO | Doing Productive work at:2026-02-01 15:03:30.709240
2026-02-01 15:03:30,765 | INFO | Doing Productive work at:2026-02-01 15:03:30.742538
2026-02-01 15:03:30,798 | INFO | Doing Productive work at:2026-02-01 15:03:30.773120
2026-02-01 15:03:30,828 | INFO | Doing Productive work at:2026-02-01 15:03:30.806515
2026-02-01 15:03:30,859 | INFO | Doing Productive work at:2026-02-01 15:03:30.837610
2026-02-01 15:03:30,892 | INFO | Doing Productive work at:2026-02-01 15:03:30.867942
2026-02-01 15:03:30,918 | INFO | Doing Productive work at:2026-02-01 15:03:30.900642
2026-02-01 15:03:30,953 | INFO | Doing Productive work at:2026-02-01 15:03:30.923986
2026-02-01 15:03:30,984 | INFO | Doing Productive work at:2026-02-01 15:03:30.961909
2026-02-01 15:03:31,015 | INFO | Doing Productive work at:2026-02-01 15:03:30.991610
2026-02-01 15:03:31,063 | INFO | Doing Productive work at:2026-02-01 15:03:31.037910
2026-02-01 15:03:31,094 | INFO | Doing Productive work at:2026-02-01 15:03:31.068970
2026-02-01 15:03:31,120 | INFO | Doing Productive work at:2026-02-01 15:03:31.102594
2026-02-01 15:03:31,149 | INFO | Doing Productive work at:2026-02-01 15:03:31.134034
2026-02-01 15:03:31,188 | INFO | Doing Productive work at:2026-02-01 15:03:31.165832
2026-02-01 15:03:31,215 | INFO | Doing Productive work at:2026-02-01 15:03:31.198664
2026-02-01 15:03:31,244 | INFO | Doing Productive work at:2026-02-01 15:03:31.227229
2026-02-01 15:03:31,281 | INFO | Doing Productive work at:2026-02-01 15:03:31.262198
2026-02-01 15:03:31,327 | INFO | Doing Productive work at:2026-02-01 15:03:31.296046
2026-02-01 15:03:31,358 | INFO | Doing Productive work at:2026-02-01 15:03:31.335202
2026-02-01 15:03:31,391 | INFO | Doing Productive work at:2026-02-01 15:03:31.363968
2026-02-01 15:03:31,417 | INFO | Doing Productive work at:2026-02-01 15:03:31.397741
2026-02-01 15:03:31,453 | INFO | Doing Productive work at:2026-02-01 15:03:31.422667
2026-02-01 15:03:31,500 | INFO | Doing Productive work at:2026-02-01 15:03:31.471071
2026-02-01 15:03:31,525 | INFO | Doing Productive work at:2026-02-01 15:03:31.508161
2026-02-01 15:03:31,561 | INFO | Doing Productive work at:2026-02-01 15:03:31.532360
2026-02-01 15:03:31,593 | INFO | Doing Productive work at:2026-02-01 15:03:31.567152
2026-02-01 15:03:31,626 | INFO | Doing Productive work at:2026-02-01 15:03:31.601214
2026-02-01 15:03:31,651 | INFO | Doing Productive work at:2026-02-01 15:03:31.632737
2026-02-01 15:03:31,688 | INFO | Doing Productive work at:2026-02-01 15:03:31.663144
2026-02-01 15:03:31,718 | INFO | Doing Productive work at:2026-02-01 15:03:31.694756
2026-02-01 15:03:31,742 | INFO | Doing Productive work at:2026-02-01 15:03:31.725942
2026-02-01 15:03:31,780 | INFO | Doing Productive work at:2026-02-01 15:03:31.758575
2026-02-01 15:03:31,812 | INFO | Doing Productive work at:2026-02-01 15:03:31.791187
2026-02-01 15:03:31,842 | INFO | Doing Productive work at:2026-02-01 15:03:31.820555
2026-02-01 15:03:31,882 | INFO | Doing Productive work at:2026-02-01 15:03:31.867279
2026-02-01 15:03:31,916 | INFO | Doing Productive work at:2026-02-01 15:03:31.898939
2026-02-01 15:03:31,969 | INFO | Doing Productive work at:2026-02-01 15:03:31.934066
2026-02-01 15:03:31,997 | INFO | Doing Productive work at:2026-02-01 15:03:31.977327
2026-02-01 15:03:32,029 | INFO | Doing Productive work at:2026-02-01 15:03:32.005830
2026-02-01 15:03:32,060 | INFO | Doing Productive work at:2026-02-01 15:03:32.037933
2026-02-01 15:03:32,091 | INFO | Doing Productive work at:2026-02-01 15:03:32.069072
2026-02-01 15:03:32,122 | INFO | Doing Productive work at:2026-02-01 15:03:32.100502
2026-02-01 15:03:32,153 | INFO | Doing Productive work at:2026-02-01 15:03:32.129115
2026-02-01 15:03:32,184 | INFO | Doing Productive work at:2026-02-01 15:03:32.161869
2026-02-01 15:03:32,217 | INFO | Doing Productive work at:2026-02-01 15:03:32.193158
2026-02-01 15:03:32,247 | INFO | Doing Productive work at:2026-02-01 15:03:32.225124
2026-02-01 15:03:32,294 | INFO | Doing Productive work at:2026-02-01 15:03:32.269218
2026-02-01 15:03:32,327 | INFO | Doing Productive work at:2026-02-01 15:03:32.304894
2026-02-01 15:03:32,357 | INFO | Doing Productive work at:2026-02-01 15:03:32.334066
2026-02-01 15:03:32,388 | INFO | Doing Productive work at:2026-02-01 15:03:32.365964
2026-02-01 15:03:32,419 | INFO | Doing Productive work at:2026-02-01 15:03:32.397613
2026-02-01 15:03:32,451 | INFO | Doing Productive work at:2026-02-01 15:03:32.429492
2026-02-01 15:03:32,499 | INFO | Doing Productive work at:2026-02-01 15:03:32.465647
2026-02-01 15:03:32,531 | INFO | Doing Productive work at:2026-02-01 15:03:32.505901
2026-02-01 15:03:32,559 | INFO | Doing Productive work at:2026-02-01 15:03:32.538327
2026-02-01 15:03:32,591 | INFO | Doing Productive work at:2026-02-01 15:03:32.567792
2026-02-01 15:03:32,624 | INFO | Doing Productive work at:2026-02-01 15:03:32.598472
2026-02-01 15:03:32,653 | INFO | Doing Productive work at:2026-02-01 15:03:32.632548
2026-02-01 15:03:32,699 | INFO | Doing Productive work at:2026-02-01 15:03:32.670312
2026-02-01 15:03:32,733 | INFO | Doing Productive work at:2026-02-01 15:03:32.706320
2026-02-01 15:03:32,764 | INFO | Doing Productive work at:2026-02-01 15:03:32.740773
2026-02-01 15:03:32,795 | INFO | Doing Productive work at:2026-02-01 15:03:32.772625
2026-02-01 15:03:32,825 | INFO | Doing UNProductive work at:2026-02-01 15:03:32.802825
2026-02-01 15:03:32,856 | INFO | Doing UNProductive work at:2026-02-01 15:03:32.834128
2026-02-01 15:03:32,888 | INFO | Doing UNProductive work at:2026-02-01 15:03:32.864194
2026-02-01 15:03:32,921 | INFO | Doing UNProductive work at:2026-02-01 15:03:32.896942
2026-02-01 15:03:32,952 | INFO | Doing UNProductive work at:2026-02-01 15:03:32.927850
2026-02-01 15:03:32,994 | INFO | Doing UNProductive work at:2026-02-01 15:03:32.962365
2026-02-01 15:03:33,025 | INFO | Doing UNProductive work at:2026-02-01 15:03:33.002425
2026-02-01 15:03:33,056 | INFO | Doing UNProductive work at:2026-02-01 15:03:33.033123
2026-02-01 15:03:33,088 | INFO | Doing UNProductive work at:2026-02-01 15:03:33.069512
2026-02-01 15:03:33,119 | INFO | Doing UNProductive work at:2026-02-01 15:03:33.100472
2026-02-01 15:03:33,153 | INFO | Doing UNProductive work at:2026-02-01 15:03:33.135599
2026-02-01 15:03:33,196 | INFO | Doing UNProductive work at:2026-02-01 15:03:33.166898
2026-02-01 15:03:33,228 | INFO | Doing Productive work at:2026-02-01 15:03:33.204949
2026-02-01 15:03:33,259 | INFO | Doing Productive work at:2026-02-01 15:03:33.236692
2026-02-01 15:03:33,291 | INFO | Doing Productive work at:2026-02-01 15:03:33.267543
2026-02-01 15:03:33,321 | INFO | Doing UNProductive work at:2026-02-01 15:03:33.298225
2026-02-01 15:03:33,352 | INFO | Doing Productive work at:2026-02-01 15:03:33.326867
2026-02-01 15:03:33,383 | INFO | Doing Productive work at:2026-02-01 15:03:33.360851
2026-02-01 15:03:33,415 | INFO | Doing Productive work at:2026-02-01 15:03:33.391575
2026-02-01 15:03:33,446 | INFO | Doing Productive work at:2026-02-01 15:03:33.422877
2026-02-01 15:03:33,492 | INFO | Doing Productive work at:2026-02-01 15:03:33.469795
2026-02-01 15:03:33,526 | INFO | Doing Productive work at:2026-02-01 15:03:33.498193
2026-02-01 15:03:33,557 | INFO | Doing Productive work at:2026-02-01 15:03:33.531707
2026-02-01 15:03:33,587 | INFO | Doing Productive work at:2026-02-01 15:03:33.562957
2026-02-01 15:03:33,618 | INFO | Doing Productive work at:2026-02-01 15:03:33.596549
2026-02-01 15:03:33,649 | INFO | Doing Productive work at:2026-02-01 15:03:33.630272
2026-02-01 15:03:33,679 | INFO | Doing Productive work at:2026-02-01 15:03:33.660252
2026-02-01 15:03:33,712 | INFO | Doing Productive work at:2026-02-01 15:03:33.689699
2026-02-01 15:03:33,742 | INFO | Doing Productive work at:2026-02-01 15:03:33.723955
2026-02-01 15:03:33,775 | INFO | Doing Productive work at:2026-02-01 15:03:33.754711
2026-02-01 15:03:33,821 | INFO | Doing Productive work at:2026-02-01 15:03:33.791993
2026-02-01 15:03:33,852 | INFO | Doing Productive work at:2026-02-01 15:03:33.827507
2026-02-01 15:03:33,883 | INFO | Doing Productive work at:2026-02-01 15:03:33.860020
2026-02-01 15:03:33,930 | INFO | Doing Productive work at:2026-02-01 15:03:33.901713
2026-02-01 15:03:33,963 | INFO | Doing Productive work at:2026-02-01 15:03:33.938574
2026-02-01 15:03:33,993 | INFO | Doing Productive work at:2026-02-01 15:03:33.971503
2026-02-01 15:03:34,025 | INFO | Doing Productive work at:2026-02-01 15:03:34.002613
2026-02-01 15:03:34,057 | INFO | Doing Productive work at:2026-02-01 15:03:34.033767
2026-02-01 15:03:34,087 | INFO | Doing Productive work at:2026-02-01 15:03:34.064070
2026-02-01 15:03:34,118 | INFO | Doing Productive work at:2026-02-01 15:03:34.095892
2026-02-01 15:03:34,150 | INFO | Doing UNProductive work at:2026-02-01 15:03:34.128994
2026-02-01 15:03:34,179 | INFO | Doing UNProductive work at:2026-02-01 15:03:34.158365
2026-02-01 15:03:34,210 | INFO | Doing UNProductive work at:2026-02-01 15:03:34.188967
2026-02-01 15:03:34,242 | INFO | Doing UNProductive work at:2026-02-01 15:03:34.222120
2026-02-01 15:03:34,271 | INFO | Doing UNProductive work at:2026-02-01 15:03:34.253962
2026-02-01 15:03:34,336 | INFO | Doing UNProductive work at:2026-02-01 15:03:34.305005
2026-02-01 15:03:34,367 | INFO | Doing UNProductive work at:2026-02-01 15:03:34.343075
2026-02-01 15:03:34,399 | INFO | Doing UNProductive work at:2026-02-01 15:03:34.375839
2026-02-01 15:03:34,430 | INFO | Doing UNProductive work at:2026-02-01 15:03:34.407059
2026-02-01 15:03:34,462 | INFO | Doing UNProductive work at:2026-02-01 15:03:34.438248
2026-02-01 15:03:34,493 | INFO | Doing UNProductive work at:2026-02-01 15:03:34.470807
2026-02-01 15:03:34,524 | INFO | Doing UNProductive work at:2026-02-01 15:03:34.498400
2026-02-01 15:03:34,547 | INFO | Doing UNProductive work at:2026-02-01 15:03:34.531245
2026-02-01 15:03:34,577 | INFO | Doing UNProductive work at:2026-02-01 15:03:34.558454
2026-02-01 15:03:34,608 | INFO | Doing UNProductive work at:2026-02-01 15:03:34.587940
2026-02-01 15:03:34,637 | INFO | Doing UNProductive work at:2026-02-01 15:03:34.625143
2026-02-01 15:03:34,669 | INFO | Doing UNProductive work at:2026-02-01 15:03:34.654626
2026-02-01 15:03:34,717 | INFO | Doing UNProductive work at:2026-02-01 15:03:34.702099
2026-02-01 15:03:34,739 | INFO | Doing UNProductive work at:2026-02-01 15:03:34.731662
2026-02-01 15:03:34,773 | INFO | Doing UNProductive work at:2026-02-01 15:03:34.766465
2026-02-01 15:03:34,810 | INFO | Doing UNProductive work at:2026-02-01 15:03:34.800787
2026-02-01 15:03:34,839 | INFO | Doing UNProductive work at:2026-02-01 15:03:34.831196
2026-02-01 15:03:34,873 | INFO | Doing UNProductive work at:2026-02-01 15:03:34.861360
2026-02-01 15:03:34,902 | INFO | Doing UNProductive work at:2026-02-01 15:03:34.893471
2026-02-01 15:03:34,945 | INFO | Doing UNProductive work at:2026-02-01 15:03:34.924760
2026-02-01 15:03:34,989 | INFO | Doing UNProductive work at:2026-02-01 15:03:34.960411
2026-02-01 15:03:35,012 | INFO | Doing UNProductive work at:2026-02-01 15:03:34.995581
2026-02-01 15:03:35,052 | INFO | Doing UNProductive work at:2026-02-01 15:03:35.022375
2026-02-01 15:03:35,083 | INFO | Doing UNProductive work at:2026-02-01 15:03:35.061139
2026-02-01 15:03:35,132 | INFO | Doing UNProductive work at:2026-02-01 15:03:35.102134
2026-02-01 15:03:35,163 | INFO | Doing UNProductive work at:2026-02-01 15:03:35.140535
2026-02-01 15:03:35,194 | INFO | Doing UNProductive work at:2026-02-01 15:03:35.172035
2026-02-01 15:03:35,225 | INFO | Doing UNProductive work at:2026-02-01 15:03:35.202037
2026-02-01 15:03:35,254 | INFO | Doing UNProductive work at:2026-02-01 15:03:35.234117
2026-02-01 15:03:35,286 | INFO | Doing UNProductive work at:2026-02-01 15:03:35.262585
2026-02-01 15:03:35,318 | INFO | Doing UNProductive work at:2026-02-01 15:03:35.292938
2026-02-01 15:03:35,344 | INFO | Doing UNProductive work at:2026-02-01 15:03:35.327076
2026-02-01 15:03:35,379 | INFO | Doing UNProductive work at:2026-02-01 15:03:35.358332
2026-02-01 15:03:35,410 | INFO | Doing UNProductive work at:2026-02-01 15:03:35.387519
2026-02-01 15:03:35,439 | INFO | Doing UNProductive work at:2026-02-01 15:03:35.421541
2026-02-01 15:03:35,472 | INFO | Doing UNProductive work at:2026-02-01 15:03:35.454983
2026-02-01 15:03:35,536 | INFO | Doing UNProductive work at:2026-02-01 15:03:35.502652
2026-02-01 15:03:35,560 | INFO | Doing UNProductive work at:2026-02-01 15:03:35.542847
2026-02-01 15:03:35,598 | INFO | Doing UNProductive work at:2026-02-01 15:03:35.568416
2026-02-01 15:03:35,632 | INFO | Doing UNProductive work at:2026-02-01 15:03:35.605160
2026-02-01 15:03:35,657 | INFO | Doing UNProductive work at:2026-02-01 15:03:35.640928
2026-02-01 15:03:35,691 | INFO | Doing Productive work at:2026-02-01 15:03:35.664379
2026-02-01 15:03:35,722 | INFO | Doing Productive work at:2026-02-01 15:03:35.696678
2026-02-01 15:03:35,754 | INFO | Doing Productive work at:2026-02-01 15:03:35.728700
2026-02-01 15:03:35,785 | INFO | Doing Productive work at:2026-02-01 15:03:35.763172
2026-02-01 15:03:35,816 | INFO | Doing Productive work at:2026-02-01 15:03:35.791137
2026-02-01 15:03:35,847 | INFO | Doing UNProductive work at:2026-02-01 15:03:35.821077
2026-02-01 15:03:35,878 | INFO | Doing UNProductive work at:2026-02-01 15:03:35.852954
2026-02-01 15:03:35,923 | INFO | Doing UNProductive work at:2026-02-01 15:03:35.902141
2026-02-01 15:03:35,956 | INFO | Doing UNProductive work at:2026-02-01 15:03:35.931831
2026-02-01 15:03:35,986 | INFO | Doing UNProductive work at:2026-02-01 15:03:35.968701
2026-02-01 15:03:36,019 | INFO | Doing UNProductive work at:2026-02-01 15:03:35.997376
2026-02-01 15:03:36,053 | INFO | Doing UNProductive work at:2026-02-01 15:03:36.028383
2026-02-01 15:03:36,082 | INFO | Doing Productive work at:2026-02-01 15:03:36.059971
2026-02-01 15:03:36,111 | INFO | Doing Productive work at:2026-02-01 15:03:36.093342
2026-02-01 15:03:36,159 | INFO | Doing Productive work at:2026-02-01 15:03:36.127465
2026-02-01 15:03:36,191 | INFO | Doing Productive work at:2026-02-01 15:03:36.167285
2026-02-01 15:03:36,224 | INFO | Doing Productive work at:2026-02-01 15:03:36.199161
2026-02-01 15:03:36,254 | INFO | Doing Productive work at:2026-02-01 15:03:36.231777
2026-02-01 15:03:36,287 | INFO | Doing Productive work at:2026-02-01 15:03:36.261494
2026-02-01 15:03:36,317 | INFO | Doing Productive work at:2026-02-01 15:03:36.292935
2026-02-01 15:03:36,363 | INFO | Doing Productive work at:2026-02-01 15:03:36.334056
2026-02-01 15:03:36,389 | INFO | Doing Productive work at:2026-02-01 15:03:36.370620
2026-02-01 15:03:36,426 | INFO | Doing Productive work at:2026-02-01 15:03:36.396491
2026-02-01 15:03:36,458 | INFO | Doing Productive work at:2026-02-01 15:03:36.433945
2026-02-01 15:03:36,488 | INFO | Doing Productive work at:2026-02-01 15:03:36.467249
2026-02-01 15:03:36,519 | INFO | Doing Productive work at:2026-02-01 15:03:36.495798
2026-02-01 15:03:36,552 | INFO | Doing Productive work at:2026-02-01 15:03:36.527456
2026-02-01 15:03:36,578 | INFO | Doing Productive work at:2026-02-01 15:03:36.560530
2026-02-01 15:03:36,612 | INFO | Doing Productive work at:2026-02-01 15:03:36.590355
2026-02-01 15:03:36,639 | INFO | Doing Productive work at:2026-02-01 15:03:36.623137
2026-02-01 15:03:36,674 | INFO | Doing Productive work at:2026-02-01 15:03:36.652334
2026-02-01 15:03:36,706 | INFO | Doing Productive work at:2026-02-01 15:03:36.686419
2026-02-01 15:03:36,752 | INFO | Doing Productive work at:2026-02-01 15:03:36.734050
2026-02-01 15:03:36,785 | INFO | Doing Productive work at:2026-02-01 15:03:36.764779
2026-02-01 15:03:36,831 | INFO | Doing Productive work at:2026-02-01 15:03:36.800738
2026-02-01 15:03:36,865 | INFO | Doing Productive work at:2026-02-01 15:03:36.838816
2026-02-01 15:03:36,893 | INFO | Doing Productive work at:2026-02-01 15:03:36.871956
2026-02-01 15:03:36,924 | INFO | Doing Productive work at:2026-02-01 15:03:36.901980
2026-02-01 15:03:36,955 | INFO | Doing Productive work at:2026-02-01 15:03:36.932068
2026-02-01 15:03:36,986 | INFO | Doing Productive work at:2026-02-01 15:03:36.963852
2026-02-01 15:03:37,016 | INFO | Doing Productive work at:2026-02-01 15:03:36.994988
2026-02-01 15:03:37,047 | INFO | Doing Productive work at:2026-02-01 15:03:37.024437
2026-02-01 15:03:37,077 | INFO | Doing Productive work at:2026-02-01 15:03:37.056539
2026-02-01 15:03:37,109 | INFO | Doing Productive work at:2026-02-01 15:03:37.086323
2026-02-01 15:03:37,155 | INFO | Doing Productive work at:2026-02-01 15:03:37.134862
2026-02-01 15:03:37,188 | INFO | Doing Productive work at:2026-02-01 15:03:37.163115
2026-02-01 15:03:37,220 | INFO | Doing Productive work at:2026-02-01 15:03:37.195621
2026-02-01 15:03:37,250 | INFO | Doing Productive work at:2026-02-01 15:03:37.229593
2026-02-01 15:03:37,281 | INFO | Doing Productive work at:2026-02-01 15:03:37.260473
2026-02-01 15:03:37,329 | INFO | Doing Productive work at:2026-02-01 15:03:37.295097
2026-02-01 15:03:37,360 | INFO | Doing Productive work at:2026-02-01 15:03:37.335744
2026-02-01 15:03:37,394 | INFO | Doing Productive work at:2026-02-01 15:03:37.367065
2026-02-01 15:03:37,424 | INFO | Doing Productive work at:2026-02-01 15:03:37.402146
2026-02-01 15:03:37,459 | INFO | Doing Productive work at:2026-02-01 15:03:37.429663
2026-02-01 15:03:37,486 | INFO | Doing Productive work at:2026-02-01 15:03:37.466012
2026-02-01 15:03:37,519 | INFO | Doing Productive work at:2026-02-01 15:03:37.493061
2026-02-01 15:03:37,565 | INFO | Doing UNProductive work at:2026-02-01 15:03:37.533464
2026-02-01 15:03:37,597 | INFO | Doing UNProductive work at:2026-02-01 15:03:37.573674
2026-02-01 15:03:37,631 | INFO | Doing UNProductive work at:2026-02-01 15:03:37.605556
2026-02-01 15:03:37,660 | INFO | Doing UNProductive work at:2026-02-01 15:03:37.637166
2026-02-01 15:03:37,692 | INFO | Doing UNProductive work at:2026-02-01 15:03:37.666055
2026-02-01 15:03:37,717 | INFO | Doing UNProductive work at:2026-02-01 15:03:37.699145
2026-02-01 15:03:37,755 | INFO | Doing UNProductive work at:2026-02-01 15:03:37.724431
2026-02-01 15:03:37,785 | INFO | Doing UNProductive work at:2026-02-01 15:03:37.760832
2026-02-01 15:03:37,817 | INFO | Doing Productive work at:2026-02-01 15:03:37.791493
2026-02-01 15:03:37,848 | INFO | Doing Productive work at:2026-02-01 15:03:37.823499
2026-02-01 15:03:37,871 | INFO | Doing Productive work at:2026-02-01 15:03:37.854867
2026-02-01 15:03:37,911 | INFO | Doing Productive work at:2026-02-01 15:03:37.883451
2026-02-01 15:03:37,958 | INFO | Doing Productive work at:2026-02-01 15:03:37.932359
2026-02-01 15:03:37,986 | INFO | Doing Productive work at:2026-02-01 15:03:37.969632
2026-02-01 15:03:38,019 | INFO | Doing Productive work at:2026-02-01 15:03:37.994993
2026-02-01 15:03:38,049 | INFO | Doing Productive work at:2026-02-01 15:03:38.028214
2026-02-01 15:03:38,082 | INFO | Doing Productive work at:2026-02-01 15:03:38.062539
2026-02-01 15:03:38,108 | INFO | Doing Productive work at:2026-02-01 15:03:38.091099
2026-02-01 15:03:38,145 | INFO | Doing Productive work at:2026-02-01 15:03:38.126590
2026-02-01 15:03:38,177 | INFO | Doing Productive work at:2026-02-01 15:03:38.154005
2026-02-01 15:03:38,208 | INFO | Doing Productive work at:2026-02-01 15:03:38.188641
2026-02-01 15:03:38,239 | INFO | Doing Productive work at:2026-02-01 15:03:38.219657
2026-02-01 15:03:38,270 | INFO | Doing Productive work at:2026-02-01 15:03:38.250707
2026-02-01 15:03:38,318 | INFO | Doing Productive work at:2026-02-01 15:03:38.287478
2026-02-01 15:03:38,364 | INFO | Doing Productive work at:2026-02-01 15:03:38.332518
2026-02-01 15:03:38,397 | INFO | Doing Productive work at:2026-02-01 15:03:38.371942
2026-02-01 15:03:38,426 | INFO | Doing Productive work at:2026-02-01 15:03:38.403606
2026-02-01 15:03:38,458 | INFO | Doing Productive work at:2026-02-01 15:03:38.434413
2026-02-01 15:03:38,487 | INFO | Doing Productive work at:2026-02-01 15:03:38.466456
2026-02-01 15:03:38,520 | INFO | Doing Productive work at:2026-02-01 15:03:38.495732
2026-02-01 15:03:38,549 | INFO | Doing Productive work at:2026-02-01 15:03:38.526508
2026-02-01 15:03:38,582 | INFO | Doing Productive work at:2026-02-01 15:03:38.557319
2026-02-01 15:03:38,613 | INFO | Doing Productive work at:2026-02-01 15:03:38.589681
2026-02-01 15:03:38,645 | INFO | Doing Productive work at:2026-02-01 15:03:38.623845
2026-02-01 15:03:38,680 | INFO | Doing Productive work at:2026-02-01 15:03:38.651567
2026-02-01 15:03:38,709 | INFO | Doing Productive work at:2026-02-01 15:03:38.688445
2026-02-01 15:03:38,755 | INFO | Doing Productive work at:2026-02-01 15:03:38.731911
2026-02-01 15:03:38,785 | INFO | Doing Productive work at:2026-02-01 15:03:38.765705
2026-02-01 15:03:38,832 | INFO | Doing Productive work at:2026-02-01 15:03:38.800747
2026-02-01 15:03:38,863 | INFO | Doing Productive work at:2026-02-01 15:03:38.837807
2026-02-01 15:03:38,894 | INFO | Doing Productive work at:2026-02-01 15:03:38.869835
2026-02-01 15:03:38,925 | INFO | Doing Productive work at:2026-02-01 15:03:38.899964
2026-02-01 15:03:38,959 | INFO | Doing Productive work at:2026-02-01 15:03:38.933778
2026-02-01 15:03:38,988 | INFO | Doing Productive work at:2026-02-01 15:03:38.967799
2026-02-01 15:03:39,019 | INFO | Doing Productive work at:2026-02-01 15:03:38.996124
2026-02-01 15:03:39,050 | INFO | Doing Productive work at:2026-02-01 15:03:39.027463
2026-02-01 15:03:39,081 | INFO | Doing Productive work at:2026-02-01 15:03:39.056257
2026-02-01 15:03:39,113 | INFO | Doing Productive work at:2026-02-01 15:03:39.090272
2026-02-01 15:03:39,143 | INFO | Doing Productive work at:2026-02-01 15:03:39.122092
2026-02-01 15:03:39,191 | INFO | Doing Productive work at:2026-02-01 15:03:39.164460
2026-02-01 15:03:39,223 | INFO | Doing Productive work at:2026-02-01 15:03:39.199913
2026-02-01 15:03:39,253 | INFO | Doing Productive work at:2026-02-01 15:03:39.231995
2026-02-01 15:03:39,284 | INFO | Doing Productive work at:2026-02-01 15:03:39.262759
2026-02-01 15:03:39,316 | INFO | Doing Productive work at:2026-02-01 15:03:39.295413
2026-02-01 15:03:39,346 | INFO | Doing Productive work at:2026-02-01 15:03:39.326688
2026-02-01 15:03:39,377 | INFO | Doing Productive work at:2026-02-01 15:03:39.354755
2026-02-01 15:03:39,408 | INFO | Doing Productive work at:2026-02-01 15:03:39.388278
2026-02-01 15:03:39,440 | INFO | Doing Productive work at:2026-02-01 15:03:39.420605
2026-02-01 15:03:39,471 | INFO | Doing Productive work at:2026-02-01 15:03:39.453960
